t,T_true,T_meas,T_out,setpoint,heater,error,T_pred,lower,upper
0.0,18.0,18.226442669706422,5.0,21.0,1,2.7735573302935776,18.226442669706422,20.5,21.5
1.0,18.0174,18.291318776766474,5.00174532903047,21.0,1,2.7086812232335262,18.940079847366988,20.5,21.5
2.0,18.034796869065804,18.3442850602834,5.003490656731796,21.0,1,2.6557149397165993,18.87394789545267,20.5,21.5
3.0,18.052190607823338,18.3733590581889,5.005235981774836,21.0,1,2.6266409418111003,18.66409903724389,20.5,21.5
4.0,18.06958121689813,18.35970792528439,5.0069813028304475,21.0,1,2.6402920747156102,18.22319659623929,20.5,21.5
5.0,18.086968696915317,18.33077591446541,5.008726618569493,21.0,1,2.669224085534591,18.041455806275604,20.5,21.5
6.0,18.104353048499647,18.31356396039307,5.010471927662839,21.0,1,2.6864360396069316,18.14144441966966,20.5,21.5
7.0,18.12173427227548,18.313320134338838,5.012217228781357,21.0,1,2.686679865661162,18.310881873796532,20.5,21.5
8.0,18.13911236886678,18.282627621179444,5.013962520595923,21.0,1,2.7173723788205564,17.9757024895855,20.5,21.5
9.0,18.156487338897126,18.326415175287956,5.015707801777423,21.0,1,2.6735848247120444,18.764290716373075,20.5,21.5
10.0,18.173859182989702,18.437947346425936,5.017453070996748,21.0,1,2.5620526535740638,19.553269057805743,20.5,21.5
11.0,18.191227901767302,18.527238175817036,5.0191983269248,21.0,1,2.472761824182964,19.420146469728035,20.5,21.5
12.0,18.208593495852334,18.533318059853674,5.020943568232491,21.0,1,2.4666819401463265,18.594116900220047,20.5,21.5
13.0,18.22595596586681,18.62004678068423,5.022688793590745,21.0,1,2.3799532193157695,19.4873339889898,20.5,21.5
14.0,18.243315312432355,18.624106182842084,5.024434001670494,21.0,1,2.375893817157916,18.66470020442062,20.5,21.5
15.0,18.260671536170204,18.55914250799622,5.026179191142689,21.0,1,2.4408574920037793,17.909505759537588,20.5,21.5
16.0,18.278024637701197,18.44454782798499,5.02792436067829,21.0,1,2.555452172015009,17.298601027872692,20.5,21.5
17.0,18.29537461764579,18.47431837085528,5.029669508948277,21.0,1,2.525681629144721,18.772023799558163,20.5,21.5
18.0,18.312721476624052,18.51917669758832,5.0314146346236415,21.0,1,2.480823302411679,18.96775996491874,20.5,21.5
19.0,18.33006521525565,18.524661248595883,5.033159736375395,21.0,1,2.4753387514041165,18.579506758671506,20.5,21.5
20.0,18.347405834159876,18.540753383336646,5.034904812874567,21.0,1,2.4592466166633535,18.701674730744276,20.5,21.5
21.0,18.36474333395562,18.638719865061763,5.036649862792205,21.0,1,2.3612801349382373,19.618384682312925,20.5,21.5
22.0,18.382077715261385,18.623922877780608,5.038394884799379,21.0,1,2.3760771222193924,18.475953004969057,20.5,21.5
23.0,18.39940897869529,18.54176527203031,5.040139877567178,21.0,1,2.458234727969689,17.720189214527345,20.5,21.5
24.0,18.416737124875066,18.662356908890718,5.0418848397667135,21.0,1,2.337643091109282,19.86827327749479,20.5,21.5
25.0,18.434062154418044,18.73145649534542,5.043629770069122,21.0,1,2.2685435046545805,19.422452359892432,20.5,21.5
26.0,18.451384067941174,18.756174540045297,5.045374667145563,21.0,1,2.243825459954703,19.003354987044073,20.5,21.5
27.0,18.468702866061015,18.77979945989491,5.047119529667221,21.0,1,2.2202005401050897,19.016048658391043,20.5,21.5
28.0,18.486018549393737,18.791663610655817,5.048864356305306,21.0,1,2.2083363893441827,18.910305118264887,20.5,21.5
29.0,18.50333111855512,18.726038284823613,5.050609145731059,21.0,1,2.2739617151763873,18.069785026501567,20.5,21.5
30.0,18.520640574160556,18.720326293405332,5.052353896615746,21.0,1,2.279673706594668,18.663206379222526,20.5,21.5
31.0,18.537946916825046,18.72384866509961,5.054098607630664,21.0,1,2.2761513349003906,18.759072382042383,20.5,21.5
32.0,18.555250147163207,18.702969845686646,5.055843277447138,21.0,1,2.2970301543133544,18.494181651557007,20.5,21.5
33.0,18.572550265789264,18.7723226045509,5.057587904736527,21.0,1,2.227677395449099,19.465850193193454,20.5,21.5
34.0,18.589847273317055,18.792860432640516,5.059332488170221,21.0,1,2.2071395673594836,18.998238713536672,20.5,21.5
35.0,18.607141170360027,18.823418420185927,5.061077026419645,21.0,1,2.176581579814073,19.128998295640034,20.5,21.5
36.0,18.62443195753124,18.891493321179055,5.062821518156257,21.0,1,2.1085066788209446,19.57224233111034,20.5,21.5
37.0,18.641719635443366,19.034394386754048,5.064565962051549,21.0,1,1.9656056132459518,20.463405042503975,20.5,21.5
38.0,18.659004204708687,19.01413523539029,5.066310356777053,21.0,1,1.9858647646097083,18.811543721752727,20.5,21.5
39.0,18.6762856659391,18.99608980756168,5.068054701004335,21.0,1,2.003910192438319,18.815635529275575,20.5,21.5
40.0,18.693564019746113,18.99247099907609,5.069798993405002,21.0,1,2.0075290009239097,18.956282914220182,20.5,21.5
41.0,18.710839266740845,19.004164830055863,5.071543232650699,21.0,1,1.9958351699441366,19.121103139853595,20.5,21.5
42.0,18.728111407534026,18.944226772580866,5.073287417413113,21.0,1,2.0557732274191345,18.344846197830886,20.5,21.5
43.0,18.745380442736003,18.9701571155667,5.075031546363969,21.0,1,2.0298428844333003,19.22946054542504,20.5,21.5
44.0,18.76264637295673,18.99996062207008,5.07677561817504,21.0,1,2.0000393779299195,19.29799568710389,20.5,21.5
45.0,18.779909198805775,19.043344815116235,5.078519631518137,21.0,1,1.9566551848837648,19.477186745577782,20.5,21.5
46.0,18.797168920892318,19.034115318418515,5.080263585065119,21.0,1,1.9658846815814854,18.941820351441308,20.5,21.5
47.0,18.81442553982515,19.054487877515527,5.08200747748789,21.0,1,1.9455121224844731,19.25821346848565,20.5,21.5
48.0,18.831679056212685,19.03418862438757,5.0837513074583995,21.0,1,1.9658113756124287,18.831196093108016,20.5,21.5
49.0,18.848929470662934,19.015412567693176,5.085495073648644,21.0,1,1.9845874323068244,18.827652000749218,20.5,21.5
50.0,18.86617678378353,19.069932694737222,5.087238774730672,21.0,1,1.930067305262778,19.615133965177687,20.5,21.5
51.0,18.88342099618172,19.147472121238422,5.088982409376578,21.0,1,1.8525278787615775,19.922866386250426,20.5,21.5
52.0,18.90066210846436,19.115334651464707,5.090725976258508,21.0,1,1.884665348535293,18.79395995372755,20.5,21.5
53.0,18.917900121237917,19.195873508955657,5.09246947404866,21.0,1,1.804126491044343,20.001262083865157,20.5,21.5
54.0,18.93513503510848,19.350682992866663,5.094212901419286,21.0,1,1.6493170071333374,20.89877783197672,20.5,21.5
55.0,18.95236685068174,19.403159292210297,5.095956257042688,21.0,1,1.5968407077897027,19.927922285646645,20.5,21.5
56.0,18.969595568563015,19.286638286819667,5.097699539591226,21.0,1,1.7133617131803334,18.12142823291336,20.5,21.5
57.0,18.986821189357222,19.25006576032126,5.099442747737315,21.0,1,1.7499342396787405,18.884340495337188,20.5,21.5
58.0,19.0040437136689,19.297497828641163,5.101185880153427,21.0,1,1.7025021713588373,19.771818511840195,20.5,21.5
59.0,19.021263142102196,19.198635088526565,5.102928935512088,21.0,1,1.801364911473435,18.21000768738059,20.5,21.5
60.0,19.03847947526088,19.178099095941093,5.1046719124858875,21.0,1,1.8219009040589071,18.97273917008637,20.5,21.5
61.0,19.055692713748325,19.2525174250953,5.106414809747473,21.0,1,1.7474825749047014,19.996700716637356,20.5,21.5
62.0,19.072902858167524,19.38903553372684,5.10815762596955,21.0,1,1.6109644662731597,20.754216620042257,20.5,21.5
63.0,19.090109909121082,19.374224742276123,5.109900359824891,21.0,1,1.6257752577238769,19.22611682776895,20.5,21.5
64.0,19.10731386721122,19.427087741756537,5.111643009986327,21.0,1,1.5729122582434627,19.95571773656068,20.5,21.5
65.0,19.124514733039778,19.400593816317688,5.113385575126755,21.0,1,1.5994061836823121,19.135654561929194,20.5,21.5
66.0,19.141712507208194,19.48457549379166,5.115128053919134,21.0,1,1.5154245062083405,20.324392268531376,20.5,21.5
67.0,19.158907190317535,19.56040959185419,5.116870445036493,21.0,1,1.4395904081458113,20.31875057247948,20.5,21.5
68.0,19.176098782968477,19.63038448743037,5.118612747151923,21.0,1,1.3696155125696308,20.330133443192175,20.5,21.5
69.0,19.193287285761315,19.666738985446063,5.120354958938587,21.0,1,1.333261014553937,20.030283965603,20.5,21.5
70.0,19.210472699295952,19.736018841711026,5.122097079069714,21.0,1,1.2639811582889742,20.428817404360654,20.5,21.5
71.0,19.227655024171906,19.682004959919464,5.123839106218604,21.0,1,1.317995040080536,19.141866142003845,20.5,21.5
72.0,19.244834260988316,19.635783557915786,5.125581039058627,21.0,1,1.3642164420842136,19.17356953787901,20.5,21.5
73.0,19.26201041034393,19.604037745887595,5.127322876263226,21.0,1,1.3959622541124048,19.286579625605683,20.5,21.5
74.0,19.279183472837115,19.598532120256074,5.129064616505916,21.0,1,1.401467879743926,19.543475863940863,20.5,21.5
75.0,19.296353449065847,19.592240409314314,5.130806258460286,21.0,1,1.4077595906856857,19.529323299896717,20.5,21.5
76.0,19.313520339627726,19.62807922142265,5.1325478008,21.0,1,1.3719207785773513,19.986467342505993,20.5,21.5
77.0,19.33068414511996,19.598608516634645,5.134289242198798,21.0,1,1.4013914833653551,19.303901468754606,20.5,21.5
78.0,19.347844866139376,19.56521627209768,5.1360305813304965,21.0,1,1.434783727902321,19.23129382672802,20.5,21.5
79.0,19.365002503282415,19.572151807839585,5.137771816868989,21.0,1,1.4278481921604147,19.64150716525865,20.5,21.5
80.0,19.382157057145132,19.5913469237489,5.13951294748825,21.0,1,1.408653076251099,19.78329808284206,20.5,21.5
81.0,19.3993085283232,19.527243659728818,5.141253971862334,21.0,1,1.4727563402711823,18.886211019527984,20.5,21.5
82.0,19.416456917411907,19.554628556516,5.142994888665372,21.0,1,1.4453714434839995,19.82847752438783,20.5,21.5
83.0,19.433602225006158,19.64556308749862,5.1447356965715825,21.0,1,1.3544369125013809,20.554908397324805,20.5,21.5
84.0,19.450744451700473,19.675092690052644,5.146476394255263,21.0,1,1.3249073099473563,19.97038871559289,20.5,21.5
85.0,19.467883598088985,19.61425519074759,5.1482169803907984,21.0,1,1.3857448092524116,19.005880197697035,20.5,21.5
86.0,19.485019664765446,19.733630155355918,5.149957453652656,21.0,1,1.2663698446440819,20.927379801439216,20.5,21.5
87.0,19.502152652323222,19.79799038281083,5.151697812715388,21.0,1,1.2020096171891694,20.441592657359955,20.5,21.5
88.0,19.5192825613553,19.815493673628104,5.153438056253638,21.0,1,1.1845063263718956,19.990526581800843,20.5,21.5
89.0,19.53640939245428,19.802422127310372,5.155178182942132,21.0,1,1.197577872689628,19.671706664133048,20.5,21.5
90.0,19.55353314621238,19.87148515309382,5.15691819145569,21.0,1,1.1285148469061816,20.562115410928282,20.5,21.5
91.0,19.57065382322143,19.843969385032487,5.158658080469219,21.0,1,1.1560306149675128,19.568811704419176,20.5,21.5
92.0,19.58777142407288,19.853421212036082,5.160397848657718,21.0,1,1.146578787963918,19.94793948207203,20.5,21.5
93.0,19.604885949357797,19.76150643845147,5.162137494696277,21.0,1,1.2384935615485304,18.842358702605345,20.5,21.5
94.0,19.621997399666864,19.843199590417836,5.163877017260082,21.0,1,1.1568004095821642,20.660131110081497,20.5,21.5
95.0,19.639105775590384,19.854849063885432,5.165616415024409,21.0,1,1.1451509361145682,19.971343798561392,20.5,21.5
96.0,19.65621107771827,19.91136419506707,5.167355686664631,21.0,1,1.088635804932931,20.47651550688344,20.5,21.5
97.0,19.67331330664006,19.953922941225947,5.169094830856218,21.0,1,1.0460770587740527,20.37951040281473,20.5,21.5
98.0,19.690412462944906,20.04503247272183,5.170833846274735,21.0,1,0.9549675272781712,20.956127787680643,20.5,21.5
99.0,19.707508547221572,20.012595810932787,5.172572731595847,21.0,1,0.9874041890672132,19.688229193042368,20.5,21.5
100.0,19.724601560058446,20.061314422313266,5.174311485495316,21.0,1,0.9386855776867336,20.548500536118063,20.5,21.5
101.0,19.741691502043533,20.021186324883352,5.176050106649007,21.0,1,0.9788136751166476,19.61990535058421,20.5,21.5
102.0,19.758778373764454,19.987816124425027,5.177788593732883,21.0,1,1.0121838755749728,19.654114119841775,20.5,21.5
103.0,19.77586217580845,20.0661842366203,5.179526945423011,21.0,1,0.9338157633797017,20.84986535857301,20.5,21.5
104.0,19.79294290876237,20.121876148589536,5.181265160395561,21.0,1,0.8781238514104643,20.67879526828191,20.5,21.5
105.0,19.810020573212697,20.02694680633915,5.183003237326805,21.0,1,0.9730531936608493,19.0776533838353,20.5,21.5
106.0,19.82709516974552,20.18666807316182,5.184741174893123,21.0,0,0.8133319268381811,21.7838807413885,20.5,21.5
107.0,19.82416669894655,20.22559257829649,5.186478971771001,21.0,0,0.7744074217035113,20.614837629643187,20.5,21.5
108.0,19.821239161401113,20.19754590156375,5.188216626637028,21.0,1,0.8024540984362503,19.91707913423636,20.5,21.5
109.0,19.83831255689416,20.15941682140957,5.189954138167908,21.0,1,0.8405831785904283,19.77812601986779,20.5,21.5
110.0,19.855382885210414,20.207079670100292,5.191691505040448,21.0,1,0.7929203298997081,20.683708157007494,20.5,21.5
111.0,19.87245014693438,20.165430348491917,5.193428725931568,21.0,1,0.8345696515080832,19.748937132408166,20.5,21.5
112.0,19.88951434265018,20.197776523699762,5.195165799518299,21.0,1,0.802223476300238,20.521238275778213,20.5,21.5
113.0,19.906575472941554,20.234509856573254,5.196902724477783,21.0,1,0.7654901434267458,20.601843185308176,20.5,21.5
114.0,19.92363353839186,20.279516848695096,5.198639499487278,21.0,1,0.7204831513049044,20.72958676991351,20.5,21.5
115.0,19.94068853958408,20.34726662389495,5.200376123224153,21.0,1,0.6527333761050507,21.024764375893486,20.5,21.5
116.0,19.95774047710081,20.31116819391388,5.202112594365893,21.0,1,0.6888318060861209,19.950183894103176,20.5,21.5
117.0,19.97478935152426,20.209534440349323,5.2038489115901,21.0,1,0.7904655596506771,19.19319690470376,20.5,21.5
118.0,19.991835163436274,20.23110483083591,5.205585073574493,21.0,1,0.7688951691640895,20.446808735701786,20.5,21.5
119.0,20.008877913418303,20.240814469621263,5.207321078996911,21.0,1,0.7591855303787369,20.33791085747479,20.5,21.5
120.0,20.02591760205142,20.267900472230156,5.209056926535307,21.0,1,0.7320995277698437,20.53876049831909,20.5,21.5
121.0,20.042954229916315,20.297335460510226,5.21079261486776,21.0,1,0.7026645394897741,20.59168534331092,20.5,21.5
122.0,20.059987797593305,20.37172219292578,5.212528142672467,21.0,1,0.6282778070742197,21.115589517081325,20.5,21.5
123.0,20.07701830566232,20.306633339730848,5.214263508627747,21.0,1,0.6933666602691524,19.65574480778152,20.5,21.5
124.0,20.094045754702915,20.312578536897153,5.215998711412046,21.0,1,0.6874214631028472,20.372030508560204,20.5,21.5
125.0,20.111070145294256,20.384829928892355,5.217733749703929,21.0,1,0.6151700711076451,21.107343848844376,20.5,21.5
126.0,20.12809147801514,20.361075233294812,5.219468622182091,21.0,1,0.6389247667051876,20.123528277319387,20.5,21.5
127.0,20.145109753443972,20.44659525265414,5.221203327525349,21.0,1,0.5534047473458585,21.301795446247432,20.5,21.5
128.0,20.16212497215879,20.499032862330203,5.222937864412651,21.0,1,0.5009671376697966,21.023408959090823,20.5,21.5
129.0,20.17913713473724,20.585424898040138,5.224672231523071,21.0,1,0.414575101959862,21.449345255139484,20.5,21.5
130.0,20.196146241756598,20.509986834248604,5.226406427535814,21.0,1,0.490013165751396,19.755606196333265,20.5,21.5
131.0,20.213152293793755,20.568960139022888,5.228140451130212,21.0,1,0.431039860977112,21.158693186765728,20.5,21.5
132.0,20.230155291425223,20.63462472669823,5.229874300985733,21.0,1,0.365375273301769,21.29127060345166,20.5,21.5
133.0,20.247155235227137,20.635458038019618,5.231607975781974,21.0,1,0.36454196198038247,20.643791151233483,20.5,21.5
134.0,20.264152125775247,20.55923685021551,5.233341474198666,21.0,1,0.44076314978449105,19.797024972174423,20.5,21.5
135.0,20.28114596364493,20.62901216720838,5.2350747949156755,21.0,1,0.37098783279162006,21.32676533713709,20.5,21.5
136.0,20.298136749411185,20.670195756369434,5.236807936613002,21.0,1,0.3298042436305657,21.082031647979978,20.5,21.5
137.0,20.315124483648624,20.607398820826614,5.2385408979707835,21.0,1,0.3926011791733863,19.979429465398407,20.5,21.5
138.0,20.332109166931488,20.630489474688957,5.240273677669294,21.0,1,0.36951052531104267,20.861396013312394,20.5,21.5
139.0,20.349090799833636,20.66087604258889,5.242006274388947,21.0,1,0.3391239574111111,20.964741721588204,20.5,21.5
140.0,20.366069382928547,20.659572491354286,5.243738686810295,21.0,1,0.340427508645714,20.646536979008257,20.5,21.5
141.0,20.383044916789324,20.582438319460152,5.24547091361403,21.0,1,0.41756168053984766,19.811096600518816,20.5,21.5
142.0,20.400017401988688,20.579550224691182,5.247202953480985,21.0,1,0.42044977530881766,20.550669277001482,20.5,21.5
143.0,20.416986839098985,20.596987552750456,5.248934805092138,21.0,1,0.40301244724954444,20.771360833343188,20.5,21.5
144.0,20.433953228692186,20.56178718860545,5.2506664671286085,21.0,1,0.4382128113945498,20.209783547155396,20.5,21.5
145.0,20.450916571339874,20.53362225880977,5.25239793827166,21.0,1,0.4663777411902288,20.25197296085298,20.5,21.5
146.0,20.46787686761326,20.5697658949384,5.254129217202701,21.0,1,0.43023410506160076,20.93120225622468,20.5,21.5
147.0,20.484834118083178,20.618956015125747,5.255860302603288,21.0,1,0.3810439848742533,21.11085721699922,20.5,21.5
148.0,20.50178832332008,20.608673515550873,5.257591193155125,21.0,1,0.3913264844491273,20.505848519802132,20.5,21.5
149.0,20.51873948389405,20.71383487688403,5.259321887540064,21.0,0,0.2861651231159712,21.76544849021559,20.5,21.5
150.0,20.51568760037478,20.792036938343593,5.261052384440103,21.0,0,0.20796306165640743,21.57405755293923,20.5,21.5
151.0,20.512636673331592,20.78569784295714,5.262782682537396,21.0,0,0.2143021570428587,20.72230688909263,20.5,21.5
152.0,20.509586702533433,20.776476091139987,5.264512780514245,21.0,0,0.22352390886001317,20.684258572968442,20.5,21.5
153.0,20.506537687749027,20.810261252321077,5.266242677053104,21.0,0,0.1897387476789234,21.148112864131974,20.5,21.5
154.0,20.503489628746888,20.735448914223234,5.267972370836584,21.0,1,0.2645510857767661,19.987325533244807,20.5,21.5
155.0,20.520442525295305,20.72220012864607,5.269701860547446,21.0,1,0.27779987135393114,20.58971227287442,20.5,21.5
156.0,20.537392377162355,20.783338540775713,5.271431144868608,21.0,1,0.21666145922428726,21.39472266207215,20.5,21.5
157.0,20.554339184915897,20.859895724318896,5.273160222483147,21.0,0,0.14010427568110373,21.62546755975073,20.5,21.5
158.0,20.55128294912341,20.89058513297727,5.274889092074293,21.0,0,0.1094148670227284,21.197479219561025,20.5,21.5
159.0,20.548227670352002,20.956710887476195,5.276617752325438,21.0,0,0.04328911252380507,21.617968432465428,20.5,21.5
160.0,20.545173348368397,20.91888231484875,5.278346201920131,21.0,0,0.08111768515124851,20.540596588574317,20.5,21.5
161.0,20.54211998293911,20.843664455072428,5.280074439542083,21.0,1,0.15633554492757185,20.091485857309195,20.5,21.5
162.0,20.55906757383043,20.774872146198806,5.281802463875166,21.0,1,0.22512785380119382,20.086949057462586,20.5,21.5
163.0,20.57601212080844,20.687623845224902,5.283530273603413,21.0,1,0.31237615477509806,19.81514083548586,20.5,21.5
164.0,20.592953624438998,20.73539351959489,5.2852578674110235,21.0,1,0.26460648040511003,21.21309026329477,20.5,21.5
165.0,20.60989208528759,20.79849276587901,5.286985243982358,21.0,1,0.2015072341209887,21.429485228720225,20.5,21.5
166.0,20.62682750391933,20.89355453571661,5.288712402001947,21.0,0,0.10644546428338941,21.844172234092603,20.5,21.5
167.0,20.623759880898945,20.89329609124048,5.290439340154481,21.0,0,0.10670390875952052,20.89071164647917,20.5,21.5
168.0,20.620693216790794,20.953067783882183,5.292166057124823,21.0,0,0.04693221611781695,21.55078471029922,20.5,21.5
169.0,20.61762751135886,20.8895577790152,5.293892551598003,21.0,1,0.11044222098480105,20.254457730345358,20.5,21.5
170.0,20.63456276436691,20.927817521139353,5.295618822259221,21.0,1,0.07218247886064688,21.310414942380895,20.5,21.5
171.0,20.651494975578487,21.001968967849145,5.297344867793846,21.0,0,-0.001968967849144576,21.74348343494706,20.5,21.5
172.0,20.64842414555693,21.10049091761125,5.299070686887419,21.0,0,-0.10049091761124984,22.085710415232302,20.5,21.5
173.0,20.645354274865195,21.166504233445938,5.300796278225654,21.0,0,-0.1665042334459379,21.82663739179282,20.5,21.5
174.0,20.642285363265866,21.1892692621312,5.302521640494438,21.0,0,-0.18926926213120154,21.416919548983838,20.5,21.5
175.0,20.63921741052131,21.110881847988765,5.304246772379833,21.0,1,-0.11088184798876455,20.327007706564395,20.5,21.5
176.0,20.656150416393682,21.047940030482103,5.305971672568076,21.0,1,-0.04794003048210271,20.418521855415484,20.5,21.5
177.0,20.67308038064492,21.02643200259531,5.30769633974558,21.0,1,-0.026432002595310422,20.811351723727388,20.5,21.5
178.0,20.69000730383674,21.00345274342193,5.309420772598936,21.0,1,-0.003452743421931359,20.77366015168814,20.5,21.5
179.0,20.706931186530493,20.99986699349246,5.311144969814913,21.0,1,0.00013300650753933496,20.964009494197754,20.5,21.5
180.0,20.72385202928715,20.993533373626587,5.3128689300804615,21.0,1,0.00646662637341322,20.930197174967848,20.5,21.5
181.0,20.74076983266731,21.00441478393119,5.314592652082709,21.0,1,-0.0044147839311889925,21.11322888697721,20.5,21.5
182.0,20.757684597231194,20.989602224656903,5.316316134508967,21.0,1,0.010397775343097493,20.841476631914038,20.5,21.5
183.0,20.77459632353865,21.063669387434807,5.318039376046729,21.0,0,-0.06366938743480688,21.80434101521385,20.5,21.5
184.0,20.771505012149152,21.143056054507234,5.31976237538367,21.0,0,-0.1430560545072339,21.936922725231504,20.5,21.5
185.0,20.768414663621797,21.169754785724983,5.321485131207652,21.0,0,-0.16975478572498304,21.436742097902474,20.5,21.5
186.0,20.765325277715316,21.03647852444882,5.3232076422067225,21.0,1,-0.03647852444882105,19.7037159116872,20.5,21.5
187.0,20.782236854188216,21.015683848564684,5.324929907069113,21.0,1,-0.01568384856468441,20.807737089723318,20.5,21.5
188.0,20.799145392798792,20.881051087078177,5.326651924483245,21.0,1,0.11894891292182308,19.534723472213102,20.5,21.5
189.0,20.81605089410513,20.834015814142294,5.328373693137726,21.0,1,0.16598418585770602,20.363663084783465,20.5,21.5
190.0,20.832953358664934,20.82325776280046,5.330095211721355,21.0,1,0.17674223719954085,20.71567724938211,20.5,21.5
191.0,20.849852787035545,21.011450027698228,5.3318164789231215,21.0,0,-0.011450027698227672,22.893372676675913,20.5,21.5
192.0,20.846749179773923,20.96952689477063,5.333537493432204,21.0,0,0.03047310522936897,20.550295565494665,20.5,21.5
193.0,20.843646537436655,21.067601058460202,5.335258253937977,21.0,0,-0.06760105846020181,22.04834269535591,20.5,21.5
194.0,20.840544859779953,21.023977060859465,5.336978759130005,21.0,0,-0.023977060859465382,20.5877370848521,20.5,21.5
195.0,20.83744414655982,21.026172178120227,5.338699007698049,21.0,0,-0.026172178120226874,21.048123350727842,20.5,21.5
196.0,20.83434439753205,21.087527223376632,5.340418998332065,21.0,0,-0.08752722337663243,21.701077675940688,20.5,21.5
197.0,20.83124561245221,21.153255146505188,5.342138729722205,21.0,0,-0.15325514650518812,21.810534377790745,20.5,21.5
198.0,20.828147791075665,21.16396238920947,5.343858200558819,21.0,0,-0.1639623892094697,21.271034816252286,20.5,21.5
199.0,20.825050933157563,21.28074958654349,5.3455774095324555,21.0,0,-0.28074958654348947,22.448621559883687,20.5,21.5
200.0,20.82195503845284,21.35627379567323,5.347296355333861,21.0,0,-0.3562737956732285,22.11151588697062,20.5,21.5
201.0,20.818860106716215,21.27818693946764,5.349015036653984,21.0,1,-0.2781869394676413,20.49731837741177,20.5,21.5
202.0,20.8357661377022,21.237717145805924,5.350733452183974,21.0,1,-0.23771714580592374,20.83301920918875,20.5,21.5
203.0,20.852669131165097,21.196212118040485,5.352451600615184,21.0,1,-0.196212118040485,20.781161840386098,20.5,21.5
204.0,20.869569087658988,21.153638084541143,5.354169480639166,21.0,1,-0.15363808454114292,20.727897749547722,20.5,21.5
205.0,20.886466007737585,21.09308486955279,5.355887090947683,21.0,1,-0.09308486955278994,20.48755271966926,20.5,21.5
206.0,20.903359891954228,21.073282148032924,5.3576044302326995,21.0,1,-0.07328214803292354,20.87525493283426,20.5,21.5
207.0,20.920250740861885,21.104373793085934,5.359321497186385,21.0,1,-0.10437379308593364,21.415290243616035,20.5,21.5
208.0,20.93713855501315,21.15686286172662,5.36103829050112,21.0,0,-0.15686286172661923,21.681753548133475,20.5,21.5
209.0,20.934023334960248,21.161829863259534,5.362754808869491,21.0,0,-0.16182986325953408,21.211499878588683,20.5,21.5
210.0,20.93090908125503,21.261091966008703,5.364471050984295,21.0,0,-0.26109196600870277,22.25371299350039,20.5,21.5
211.0,20.927795793648976,21.226321697058456,5.3661870155385385,21.0,0,-0.22632169705845584,20.878619007555987,20.5,21.5
212.0,20.924683471893353,21.22161244757401,5.36790270122544,21.0,0,-0.22161244757401022,21.174519952729554,20.5,21.5
213.0,20.92157211573922,21.17865261765559,5.3696181067384305,21.0,0,-0.17865261765559026,20.74905431847139,20.5,21.5
214.0,20.91846172493742,21.205459872966898,5.371333230771154,21.0,0,-0.20545987296689816,21.473532426079977,20.5,21.5
215.0,20.915352299238585,21.18555193103098,5.373048072017469,21.0,0,-0.18555193103097878,20.986472511671785,20.5,21.5
216.0,20.91224383839314,21.20328913787767,5.37476262917145,21.0,0,-0.20328913787766822,21.380661206344563,20.5,21.5
217.0,20.909136342151296,21.215856091292665,5.3764769009273845,21.0,0,-0.2158560912926646,21.341525625442628,20.5,21.5
218.0,20.90602981026305,21.219457054897024,5.378190885979783,21.0,0,-0.21945705489702405,21.25546669094062,20.5,21.5
219.0,20.902924242478193,21.153193619768082,5.379904583023369,21.0,1,-0.1531936197680821,20.490559268478663,20.5,21.5
220.0,20.9198196385463,21.095466555464863,5.38161799075309,21.0,1,-0.09546655546486349,20.518195912432677,20.5,21.5
221.0,20.936711998216744,21.115383703718102,5.383331107864109,21.0,1,-0.11538370371810203,21.314555186250487,20.5,21.5
222.0,20.953601322038672,21.134002124218146,5.385043933051815,21.0,1,-0.13400212421814572,21.320186329218583,20.5,21.5
223.0,20.970487610560873,21.095039888059766,5.386756465011816,21.0,1,-0.09503988805976604,20.70541752647597,20.5,21.5
224.0,20.987370864331762,21.145325367546015,5.388468702439944,21.0,0,-0.14532536754601466,21.6481801624085,20.5,21.5
225.0,20.984251083899384,21.21110452387666,5.390180644032257,21.0,0,-0.21110452387666,21.868896087183114,20.5,21.5
226.0,20.98113226981141,21.27377731853435,5.391892288485035,21.0,0,-0.27377731853434994,21.90050526511125,20.5,21.5
227.0,20.978014421815146,21.212926096711477,5.393603634494789,21.0,0,-0.21292609671147744,20.604413878482752,20.5,21.5
228.0,20.974897539657682,21.26570164725627,5.395314680758252,21.0,0,-0.26570164725627166,21.793457152704214,20.5,21.5
229.0,20.971781623085903,21.271711803299013,5.39702542597239,21.0,0,-0.2717118032990129,21.331813363726425,20.5,21.5
230.0,20.96866667184648,21.24995767364643,5.398735868834394,21.0,0,-0.2499576736464313,21.032416377120615,20.5,21.5
231.0,20.96555268568588,21.290032865742184,5.40044600804169,21.0,0,-0.2900328657421838,21.69078478669971,20.5,21.5
232.0,20.96243966435035,21.280936759353843,5.402155842291929,21.0,0,-0.28093675935384255,21.18997569547043,20.5,21.5
233.0,20.959327607585937,21.298643284035656,5.403865370283001,21.0,0,-0.29864328403565565,21.475708530853787,20.5,21.5
234.0,20.956216515138475,21.255776829077217,5.405574590713025,21.0,0,-0.25577682907721666,20.827112279492827,20.5,21.5
235.0,20.95310638675359,21.293955695730162,5.407283502280355,21.0,0,-0.2939556957301619,21.675744362259614,20.5,21.5
236.0,20.949997222176695,21.188782154385432,5.40899210368358,21.0,1,-0.18878215438543222,20.137046740938136,20.5,21.5
237.0,20.966889021152998,21.173797747604368,5.410700393621528,21.0,1,-0.17379774760436817,21.023953679793728,20.5,21.5
238.0,20.98377778342749,21.146766380691044,5.412408370793259,21.0,1,-0.14676638069104442,20.876452711557807,20.5,21.5
239.0,21.000663509544964,21.199881124959607,5.414116033898076,21.0,0,-0.19988112495960664,21.73102856764523,20.5,21.5
240.0,20.997546200049836,21.169862647747745,5.415823381635518,21.0,0,-0.1698626477477454,20.869677875629133,20.5,21.5
241.0,20.994429855486153,21.176049848481803,5.417530412705367,21.0,0,-0.17604984848180294,21.23792185582238,20.5,21.5
242.0,20.991314475597598,21.258965006842374,5.419237125807643,21.0,0,-0.25896500684237367,22.08811659044808,20.5,21.5
243.0,20.98820006012764,21.238581942981,5.420943519642611,21.0,0,-0.23858194298099988,21.034751304367262,20.5,21.5
244.0,20.985086608819543,21.180066166778726,5.422649592910777,21.0,0,-0.180066166778726,20.594908404755987,20.5,21.5
245.0,20.98197412141636,21.232994554839202,5.424355344312892,21.0,0,-0.23299455483920184,21.76227843544396,20.5,21.5
246.0,20.97886259766094,21.21280487556391,5.4260607725499534,21.0,0,-0.21280487556391137,21.010908082811007,20.5,21.5
247.0,20.975752037295916,21.164305332033273,5.4277658763232015,21.0,0,-0.16430533203327258,20.679309896726885,20.5,21.5
248.0,20.972642440063723,21.18536206795779,5.429470654334127,21.0,0,-0.1853620679577901,21.395929427202965,20.5,21.5
249.0,20.969533805706575,21.20510950794813,5.431175105284466,21.0,0,-0.20510950794813,21.40258390785153,20.5,21.5
250.0,20.96642613396649,21.104678680587483,5.432879227876206,21.0,1,-0.10467868058748309,20.100370406981014,20.5,21.5
251.0,20.98331942458527,21.10561051546731,5.434583020811583,21.0,1,-0.10561051546730837,21.11492886426556,20.5,21.5
252.0,21.000209677304518,21.17176931911283,5.4362864827930855,21.0,0,-0.17176931911282978,21.833357355568044,20.5,21.5
253.0,20.997096892665617,21.23482836488768,5.4379896125234515,21.0,0,-0.23482836488767944,21.865418822636176,20.5,21.5
254.0,20.99398507120959,21.296745329156657,5.439692408705675,21.0,0,-0.2967453291566571,21.915914971846433,20.5,21.5
255.0,20.990874212677088,21.365298645455262,5.441394870043002,21.0,0,-0.3652986454552618,22.05083180844131,20.5,21.5
256.0,20.987764316808562,21.4343784107764,5.4430969952389345,21.0,0,-0.43437841077640016,22.125176063987784,20.5,21.5
257.0,20.984655383344247,21.32808635730085,5.44479878299723,21.0,1,-0.328086357300851,20.26516582254536,20.5,21.5
258.0,21.001547412024177,21.292625768144546,5.4465002320219025,21.0,1,-0.2926257681445463,20.9380198765815,20.5,21.5
259.0,21.018436402588176,21.278493508891785,5.448201341017225,21.0,1,-0.2784935088917848,21.13717091636417,20.5,21.5
260.0,21.03532235557586,21.219420183827847,5.44990210868773,21.0,1,-0.21942018382784667,20.628686933188465,20.5,21.5
261.0,21.052205271526482,21.235297443561613,5.451602533738208,21.0,1,-0.2352974435616133,21.39407004089928,20.5,21.5
262.0,21.069085150978925,21.3274622022294,5.45330261487371,21.0,0,-0.32746220222939826,22.249109788907248,20.5,21.5
263.0,21.065961994471703,21.314748147193104,5.455002350799552,21.0,0,-0.31474814719310373,21.18760759683016,20.5,21.5
264.0,21.062839802542968,21.351310689893754,5.456701740221312,21.0,0,-0.35131068989375436,21.71693611690026,20.5,21.5
265.0,21.059718574930503,21.34024702244528,5.458400781844828,21.0,0,-0.34024702244527916,21.229610347960527,20.5,21.5
266.0,21.056598311371886,21.279652002139205,5.460099474376209,21.0,0,-0.2796520021392048,20.67370179907846,20.5,21.5
267.0,21.053479011604487,21.301677596557134,5.461797816521825,21.0,0,-0.3016775965571341,21.521933540736427,20.5,21.5
268.0,21.05036067536547,21.25822818436535,5.463495806988314,21.0,0,-0.25822818436535044,20.823734062447514,20.5,21.5
269.0,21.047243302391795,21.199996538439407,5.465193444482585,21.0,0,-0.19999653843940735,20.617680079179976,20.5,21.5
270.0,21.044126892420213,21.238241786136133,5.466890727711811,21.0,0,-0.23824178613613256,21.620694263103385,20.5,21.5
271.0,21.04101144518727,21.28568564076077,5.468587655383438,21.0,0,-0.2856856407607715,21.76012418700716,20.5,21.5
272.0,21.037896960429308,21.321183184710232,5.47028422620518,21.0,0,-0.32118318471023244,21.67615862420484,20.5,21.5
273.0,21.034783437882464,21.387092858234773,5.471980438885026,21.0,0,-0.387092858234773,22.04618959348018,20.5,21.5
274.0,21.031670877282664,21.381625632886898,5.473676292131238,21.0,0,-0.3816256328868981,21.32695337940815,20.5,21.5
275.0,21.028559278365634,21.46983312747604,5.475371784652346,21.0,0,-0.4698331274760399,22.351908073367458,20.5,21.5
276.0,21.02544864086689,21.390959769781666,5.477066915157161,21.0,0,-0.39095976978166647,20.602226192837932,20.5,21.5
277.0,21.022338964521747,21.29918522669012,5.478761682354769,21.0,1,-0.2991852266901205,20.38143979577466,20.5,21.5
278.0,21.039230249065312,21.309010310767427,5.480456084954527,21.0,1,-0.3090103107674267,21.40726115154049,20.5,21.5
279.0,21.05611849423249,21.340201673404657,5.482150121666077,21.0,0,-0.3402016734046569,21.65211529977696,20.5,21.5
280.0,21.053003700557976,21.257861651812007,5.483843791199336,21.0,1,-0.25786165181200715,20.43446143588551,20.5,21.5
281.0,21.069889868576105,21.28166335073278,5.485537092264499,21.0,0,-0.2816633507327815,21.519680339940525,20.5,21.5
282.0,21.06677299802084,21.37613929465484,5.487230023572045,21.0,0,-0.3761392946548412,22.32089873387544,20.5,21.5
283.0,21.063657089425952,21.407354898205917,5.488922583832733,21.0,0,-0.4073548982059165,21.71951093371667,20.5,21.5
284.0,21.060542142524834,21.429260003291184,5.490614771757605,21.0,0,-0.4292600032911835,21.648311054143853,20.5,21.5
285.0,21.05742815705068,21.469418541859998,5.492306586057986,21.0,0,-0.4694185418599979,21.87100392754814,20.5,21.5
286.0,21.05431513273648,21.514661180957347,5.493998025445486,21.0,0,-0.5146611809573471,21.96708757193084,20.5,21.5
287.0,21.051203069315022,21.441701009233743,5.495689088632,21.0,0,-0.4417010092337428,20.7120992919977,20.5,21.5
288.0,21.048091966518886,21.36528067344539,5.497379774329709,21.0,0,-0.3652806734453904,20.601077315561866,20.5,21.5
289.0,21.04498182408045,21.330982758919593,5.499070081251085,21.0,0,-0.3309827589195926,20.988003613661615,20.5,21.5
290.0,21.04187264173188,21.233449981555474,5.500760008108883,21.0,1,-0.23344998155547358,20.258122207914283,20.5,21.5
291.0,21.058764419205158,21.287053180101157,5.502449553616151,21.0,0,-0.2870531801011573,21.823085165557995,20.5,21.5
292.0,21.05565315623204,21.29326115306975,5.504138716486227,21.0,0,-0.29326115306975,21.355340882755677,20.5,21.5
293.0,21.05254285334409,21.37040322024354,5.50582749543274,21.0,0,-0.37040322024353856,22.141823891981424,20.5,21.5
294.0,21.049433510272507,21.374537306968566,5.507515889169611,21.0,0,-0.37453730696856624,21.415878174218843,20.5,21.5
295.0,21.046325126748286,21.483912658392317,5.509203896411055,21.0,0,-0.4839126583923168,22.577666172629822,20.5,21.5
296.0,21.04321770250222,21.308717952405313,5.510891515871581,21.0,1,-0.3087179524053134,19.55677089253528,20.5,21.5
297.0,21.06011123726489,21.373838598976942,5.512578746265993,21.0,0,-0.37383859897694194,22.025045064693227,20.5,21.5
298.0,21.057001730766693,21.315202134703732,5.514265586309392,21.0,0,-0.31520213470373193,20.728837491971632,20.5,21.5
299.0,21.053893183537802,21.244992412495773,5.515952034717176,21.0,0,-0.24499241249577253,20.54289519041618,20.5,21.5
300.0,21.05078559530804,21.206359670575193,5.5176380902050415,21.0,0,-0.20635967057519267,20.820032251369394,20.5,21.5
301.0,21.04767896580702,21.301943988810116,5.519323751488983,21.0,0,-0.3019439888101161,22.25778717115935,20.5,21.5
302.0,21.044573294764156,21.288511742011842,5.521009017285297,21.0,0,-0.28851174201184193,21.1541892740291,20.5,21.5
303.0,21.04146858190866,21.37629207626996,5.522693886310579,21.0,0,-0.37629207626995864,22.254095418851126,20.5,21.5
304.0,21.03836482696954,21.41738499295306,5.524378357281729,21.0,0,-0.4173849929530604,21.828314159784078,20.5,21.5
305.0,21.035262029675604,21.39948076888562,5.5260624289159495,21.0,0,-0.39948076888562056,21.220438528211222,20.5,21.5
306.0,21.03216018975545,21.375444883374065,5.527746099930746,21.0,0,-0.37544488337406534,21.135086028258513,20.5,21.5
307.0,21.029059306937487,21.331258344011495,5.529429369043929,21.0,0,-0.3312583440114949,20.88939295038579,20.5,21.5
308.0,21.02595938094991,21.269193440293684,5.531112234973618,21.0,0,-0.26919344029368375,20.648544403115572,20.5,21.5
309.0,21.022860411520714,21.38127213688273,5.532794696438235,21.0,0,-0.3812721368827283,22.502059102773174,20.5,21.5
310.0,21.019762398377697,21.458417877678613,5.534476752156514,21.0,0,-0.4584178776786132,22.229875285637462,20.5,21.5
311.0,21.01666534124845,21.52898751849814,5.536158400847495,21.0,0,-0.5289875184981412,22.23468392669342,20.5,21.5
312.0,21.01356923986037,21.52913394853644,5.537839641230532,21.0,0,-0.5291339485364404,21.530598248919432,20.5,21.5
313.0,21.010474093940644,21.486085927139587,5.539520472025284,21.0,0,-0.4860859271395874,21.055605713171058,20.5,21.5
314.0,21.00737990321626,21.425314311504287,5.5412008919517275,21.0,0,-0.42531431150428745,20.817598155151288,20.5,21.5
315.0,21.004286667414007,21.309257524702247,5.542880899730148,21.0,1,-0.30925752470224666,20.14868965668184,20.5,21.5
316.0,21.021194386260472,21.296952929735813,5.544560494081149,21.0,1,-0.2969529297358129,21.173906980071475,20.5,21.5
317.0,21.038099059482036,21.290849118884683,5.546239673725643,21.0,1,-0.2908491188846831,21.229811010373385,20.5,21.5
318.0,21.055000687604885,21.30833130477796,5.547918437384865,21.0,1,-0.30833130477795834,21.48315316371071,20.5,21.5
319.0,21.07189927115484,21.31391950042148,5.549596783780361,21.0,1,-0.31391950042148054,21.369801456856703,20.5,21.5
320.0,21.088794810657365,21.422782809143705,5.551274711633998,21.0,0,-0.4227828091437047,22.511415896365946,20.5,21.5
321.0,21.08568730663756,21.40863073620192,5.5529522196679615,21.0,0,-0.40863073620192125,21.267110006784087,20.5,21.5
322.0,21.082580759620164,21.464108830205856,5.554629306604756,21.0,0,-0.4641088302058556,22.0188897702452,20.5,21.5
323.0,21.079475169329562,21.453673610428858,5.556305971167205,21.0,0,-0.4536736104288579,21.34932141265888,20.5,21.5
324.0,21.07637053548993,21.449074455262974,5.557982212078459,21.0,0,-0.4490744552629735,21.40308290360413,20.5,21.5
325.0,21.073266857825246,21.40626059181424,5.5596580280619845,21.0,0,-0.4062605918142417,20.978121957326923,20.5,21.5
326.0,21.070164136059294,21.33370414157645,5.561333417841576,21.0,0,-0.333704141576451,20.608139639198544,20.5,21.5
327.0,21.06706236991565,21.28800697531431,5.563008380141351,21.0,0,-0.2880069753143104,20.831035312692904,20.5,21.5
328.0,21.063961559117697,21.315147033500097,5.564682913685753,21.0,0,-0.31514703350009654,21.586547615357958,20.5,21.5
329.0,21.06086170338861,21.31323465947835,5.566357017199552,21.0,0,-0.3132346594783506,21.29411091926089,20.5,21.5
330.0,21.05776280245137,21.358087969336154,5.568030689407845,21.0,0,-0.35808796933615383,21.806621067914186,20.5,21.5
331.0,21.05466485602876,21.408519847907797,5.569703929036058,21.0,0,-0.4085198479077974,21.912838633624233,20.5,21.5
332.0,21.051567863843363,21.39629272007892,5.571376734809947,21.0,0,-0.3962927200789217,21.274021441790165,20.5,21.5
333.0,21.048471825617558,21.31788696593902,5.573049105455596,21.0,0,-0.3178869659390209,20.533829424540013,20.5,21.5
334.0,21.045376741073525,21.215793567963196,5.5747210396994245,21.0,1,-0.21579356796319615,20.19485958820495,20.5,21.5
335.0,21.062282609933252,21.081743296554947,5.5763925362681785,21.0,1,-0.08174329655494716,19.741240582472457,20.5,21.5
336.0,21.079185431918518,21.028705470308672,5.578063593888944,21.0,1,-0.02870547030867243,20.498327207845925,20.5,21.5
337.0,21.09608520755091,21.031713035030574,5.579734211289135,21.0,1,-0.03171303503057388,21.06178868224959,20.5,21.5
338.0,21.11298193735166,21.135294303777517,5.581404387196505,21.0,0,-0.13529430377751694,22.171106991246948,20.5,21.5
339.0,21.109875621841628,21.21459014702119,5.583074120339143,21.0,0,-0.21459014702119106,22.007548579457932,20.5,21.5
340.0,21.106770261541328,21.27649619379053,5.5847434094454735,21.0,0,-0.27649619379052837,21.8955566614839,20.5,21.5
341.0,21.10366585617091,21.32653635124262,5.58641225324426,21.0,0,-0.3265363512426198,21.826937925763534,20.5,21.5
342.0,21.100562405450326,21.477307128926014,5.588080650464608,21.0,0,-0.47730712892601446,22.98501490575996,20.5,21.5
343.0,21.097459909099328,21.495668569416253,5.589748599835957,21.0,0,-0.49566856941625304,21.67928297431864,20.5,21.5
344.0,21.094358366837476,21.469763958765213,5.591416100088093,21.0,0,-0.4697639587652134,21.210717852254817,20.5,21.5
345.0,21.091257778384126,21.548869627806436,5.593083149951142,21.0,0,-0.548869627806436,22.339926318218662,20.5,21.5
346.0,21.08815814345844,21.57189936317048,5.5947497481555715,21.0,0,-0.5718993631704805,21.802196716810926,20.5,21.5
347.0,21.08505946177938,21.46454679607601,5.596415893432196,21.0,1,-0.4645467960760108,20.391021125131314,20.5,21.5
348.0,21.10196173306571,21.428251274258628,5.598081584512173,21.0,1,-0.42825127425862775,21.065296056084797,20.5,21.5
349.0,21.118860957036,21.481496016497,5.599746820127006,21.0,0,-0.481496016497001,22.013943438880734,20.5,21.5
350.0,21.115757134208618,21.401929916863352,5.6014115990085465,21.0,0,-0.40192991686335233,20.606268920526865,20.5,21.5
351.0,21.11265426510158,21.508325852296576,5.603075919888991,21.0,0,-0.5083258522965757,22.57228520662881,20.5,21.5
352.0,21.109552349432537,21.544485096373457,5.604739781500889,21.0,0,-0.5444850963734567,21.906077537142266,20.5,21.5
353.0,21.106451386918952,21.57520156910606,5.606403182577136,21.0,0,-0.5752015691060599,21.882366296432092,20.5,21.5
354.0,21.103351377278084,21.56810382977472,5.608066121850981,21.0,0,-0.5681038297747207,21.49712643646133,20.5,21.5
355.0,21.100252320227,21.65140894074296,5.609728598056021,21.0,0,-0.6514089407429609,22.484460050425362,20.5,21.5
356.0,21.097154215482565,21.543715666094702,5.611390609926211,21.0,1,-0.5437156660947018,20.46678291961211,20.5,21.5
357.0,21.114057062761454,21.46702682064725,5.613052156195855,21.0,1,-0.46702682064724854,20.700138366172716,20.5,21.5
358.0,21.13095686178014,21.382779778789896,5.6147132355996145,21.0,1,-0.3827797787898959,20.54030936021637,20.5,21.5
359.0,21.147853613054906,21.44404562583599,5.616373846872503,21.0,0,-0.44404562583599017,22.056704096296933,20.5,21.5
360.0,21.144747317101668,21.347258856737035,5.618033988749895,21.0,1,-0.34725885673703516,20.379391165747485,20.5,21.5
361.0,21.161641974435998,21.339644218170687,5.619693659967519,21.0,1,-0.3396442181706867,21.263497832507202,20.5,21.5
362.0,21.178533584773103,21.35030581739802,5.621352859261464,21.0,1,-0.35030581739802,21.456921809671353,20.5,21.5
363.0,21.195422148628,21.437703235727966,5.623011585368176,21.0,0,-0.437703235727966,22.311677419027426,20.5,21.5
364.0,21.19230766651535,21.33015968898925,5.624669837024465,21.0,1,-0.3301596889892515,20.254724221602107,20.5,21.5
365.0,21.209194138949453,21.316208108156804,5.626327612967499,21.0,1,-0.316208108156804,21.17669229983233,20.5,21.5
366.0,21.226077565644257,21.32198591734575,5.62798491193481,21.0,1,-0.32198591734574933,21.379764009235203,20.5,21.5
367.0,21.242957947113513,21.398983626049336,5.629641732664292,21.0,0,-0.39898362604933624,22.168960713085205,20.5,21.5
368.0,21.239835283870622,21.37731589799836,5.631298073894205,21.0,0,-0.3773158979983613,21.160638617488612,20.5,21.5
369.0,21.236713576428627,21.487006710280436,5.632953934363172,21.0,0,-0.4870067102804363,22.583914833101186,20.5,21.5
370.0,21.233592824500214,21.57557342672617,5.634609312810184,21.0,0,-0.5755734267261694,22.4612405911835,20.5,21.5
371.0,21.230473027797874,21.61770691574057,5.636264207974598,21.0,0,-0.6177069157405697,22.039041805884573,20.5,21.5
372.0,21.22735418603391,21.62514259261983,5.63791861859614,21.0,0,-0.6251425926198309,21.699499361412443,20.5,21.5
373.0,21.224236298920424,21.602771104216114,5.6395725434149035,21.0,0,-0.6027711042161137,21.379056220178942,20.5,21.5
374.0,21.221119366169322,21.547952466131598,5.6412259811713525,21.0,0,-0.5479524661315978,20.99976608528644,20.5,21.5
375.0,21.218003387492324,21.51254756149577,5.642878930606323,21.0,0,-0.5125475614957686,21.158498515137477,20.5,21.5
376.0,21.214888362600945,21.540470729067625,5.644531390461022,21.0,0,-0.5404707290676249,21.819702404786188,20.5,21.5
377.0,21.211774291206517,21.471745740964746,5.646183359477029,21.0,0,-0.47174574096474586,20.784495859935955,20.5,21.5
378.0,21.20866117302017,21.56190623170921,5.6478348363962985,21.0,0,-0.5619062317092087,22.463511139153837,20.5,21.5
379.0,21.205549007752847,21.55024452851036,5.649485819961159,21.0,0,-0.5502445285103583,21.433627496521854,20.5,21.5
380.0,21.202437795115287,21.60931699334889,5.651136308914314,21.0,0,-0.6093169933488909,22.200041641734217,20.5,21.5
381.0,21.199327534818046,21.57924721767889,5.652786301998844,21.0,0,-0.5792472176788905,21.278549460978887,20.5,21.5
382.0,21.19621822657148,21.542683661985784,5.654435797958207,21.0,0,-0.5426836619857838,21.177048105054716,20.5,21.5
383.0,21.19310987008576,21.436803230022747,5.656084795536243,21.0,1,-0.4368032300227469,20.377998910392378,20.5,21.5
384.0,21.21000246507085,21.380104741183036,5.6577332934771665,21.0,1,-0.38010474118303605,20.813119852785928,20.5,21.5
385.0,21.226892011236533,21.354160705566386,5.659381290525575,21.0,1,-0.354160705566386,21.094720349399886,20.5,21.5
386.0,21.24377850909239,21.354213207962395,5.661028785426446,21.0,1,-0.3542132079623954,21.35473823192249,20.5,21.5
387.0,21.260661959147658,21.48178248832841,5.662675776925142,21.0,0,-0.48178248832840964,22.757475291988552,20.5,21.5
388.0,21.257542361911213,21.540458918531804,5.664322263767406,21.0,0,-0.5404589185318045,22.127223220565753,20.5,21.5
389.0,21.254423717891584,21.617315973072053,5.665968244699369,21.0,0,-0.6173159730720528,22.385886518474535,20.5,21.5
390.0,21.251306026796946,21.62162959272817,5.667613718467542,21.0,0,-0.6216295927281692,21.664765789289333,20.5,21.5
391.0,21.24818928833528,21.62595299197326,5.669258683818827,21.0,0,-0.6259529919732607,21.669186984424176,20.5,21.5
392.0,21.245073502214375,21.559112212173044,5.67090313950051,21.0,0,-0.5591122121730443,20.89070441417088,20.5,21.5
393.0,21.24195866814183,21.573245817732737,5.672547084260268,21.0,0,-0.5732458177327366,21.71458187332966,20.5,21.5
394.0,21.238844785825055,21.55502971180304,5.674190516846164,21.0,0,-0.5550297118030407,21.37286865250608,20.5,21.5
395.0,21.23573185497126,21.526382092108218,5.675833436006654,21.0,0,-0.5263820921082178,21.23990589515999,20.5,21.5
396.0,21.232619875287465,21.481795704174335,5.677475840490583,21.0,0,-0.4817957041743348,21.035931824835505,20.5,21.5
397.0,21.229508846480506,21.44742564627146,5.679117729047188,21.0,0,-0.44742564627145853,21.103725067242696,20.5,21.5
398.0,21.22639876825702,21.456764709572695,5.6807591004261,21.0,0,-0.45676470957269544,21.550155342585064,20.5,21.5
399.0,21.223289640323454,21.456814102661504,5.6823999533773435,21.0,0,-0.4568141026615038,21.457308033549587,20.5,21.5
400.0,21.220181462386066,21.406757497177562,5.684040286651338,21.0,0,-0.40675749717756204,20.906191442338145,20.5,21.5
401.0,21.217074234150918,21.434182515469985,5.685680098998897,21.0,0,-0.43418251546998476,21.708432698394212,20.5,21.5
402.0,21.213967955323888,21.503269046731564,5.687319389171233,21.0,0,-0.5032690467315639,22.194134359347355,20.5,21.5
403.0,21.21086262561066,21.460840840275004,5.688958155919954,21.0,0,-0.4608408402750044,21.03655877570941,20.5,21.5
404.0,21.20775824471672,21.46095020872508,5.690596397997069,21.0,0,-0.4609502087250803,21.46204389322584,20.5,21.5
405.0,21.20465481234738,21.45889990238112,5.692234114154986,21.0,0,-0.4588999023811198,21.438396838941514,20.5,21.5
406.0,21.20155232820774,21.511385355807185,5.693871303146512,21.0,0,-0.5113853558071852,22.03623989006784,20.5,21.5
407.0,21.198450792002728,21.533173214390484,5.695507963724856,21.0,0,-0.5331732143904837,21.75105180022347,20.5,21.5
408.0,21.195350203437073,21.54481074640479,5.6971440946436305,21.0,0,-0.5448107464047887,21.661186066547838,20.5,21.5
409.0,21.192250562215314,21.49115400813967,5.69877969465685,21.0,0,-0.49115400813967014,20.954586625488485,20.5,21.5
410.0,21.1891518680418,21.533209191701808,5.7004147625189345,21.0,0,-0.5332091917018076,21.953761027323182,20.5,21.5
411.0,21.186054120620696,21.468052946004683,5.702049296984709,21.0,0,-0.4680529460046827,20.816490489033434,20.5,21.5
412.0,21.18295731965597,21.36958786492969,5.703683296809404,21.0,1,-0.36958786492969153,20.38493705417978,20.5,21.5
413.0,21.1998614648514,21.408522457992483,5.705316760748657,21.0,0,-0.40852245799248266,21.797868388620394,20.5,21.5
414.0,21.196762555910578,21.46617471773492,5.706949687558514,21.0,0,-0.46617471773491914,22.042697315159284,20.5,21.5
415.0,21.19366459333691,21.528181348334783,5.708582075995432,21.0,0,-0.5281813483347833,22.148247654333424,20.5,21.5
416.0,21.19056757683344,21.528064522505932,5.710213924816274,21.0,0,-0.5280645225059324,21.526896264217424,20.5,21.5
417.0,21.187471506103037,21.56476488868413,5.711845232778318,21.0,0,-0.564764888684131,21.931768550466117,20.5,21.5
418.0,21.184376380848374,21.464744074097517,5.71347599863925,21.0,1,-0.46474407409751706,20.464535928231378,20.5,21.5
419.0,21.20128220077193,21.481545137337886,5.715106221157173,21.0,0,-0.4815451373378856,21.64955576974157,20.5,21.5
420.0,21.198184965576008,21.45147903924983,5.716735899090601,21.0,0,-0.45147903924982913,21.150818058369264,20.5,21.5
421.0,21.19508867576271,21.472903072849313,5.718365031198462,21.0,0,-0.4729030728493129,21.68714340884415,20.5,21.5
422.0,21.1919933310338,21.431263782136362,5.719993616240102,21.0,0,-0.4312637821363623,21.014870875006856,20.5,21.5
423.0,21.18889893109084,21.445353354230242,5.7216216529752835,21.0,0,-0.44535335423024236,21.586249075169043,20.5,21.5
424.0,21.185805475635217,21.44211351545024,5.723249140164184,21.0,0,-0.4421135154502416,21.409715127650234,20.5,21.5
425.0,21.182712964368122,21.450733978767445,5.724876076567403,21.0,0,-0.45073397876744536,21.536938611939483,20.5,21.5
426.0,21.179621396990562,21.464748003369778,5.726502460945957,21.0,0,-0.4647480033697775,21.6048882493931,20.5,21.5
427.0,21.176530773203353,21.55457196869694,5.728128292061283,21.0,0,-0.5545719686969406,22.45281162196857,20.5,21.5
428.0,21.173441092707126,21.605391726862198,5.729753568675239,21.0,0,-0.605391726862198,22.113589308514772,20.5,21.5
429.0,21.17035235520232,21.595407815850187,5.731378289550109,21.0,0,-0.5954078158501872,21.49556870573008,20.5,21.5
430.0,21.16726456038919,21.60154268592412,5.733002453448594,21.0,0,-0.6015426859241195,21.662891386663443,20.5,21.5
431.0,21.164177707967802,21.619319369132107,5.734626059133825,21.0,0,-0.6193193691321071,21.797086201211982,20.5,21.5
432.0,21.161091797638036,21.533526333318214,5.736249105369356,21.0,0,-0.5335263333182141,20.675595975179284,20.5,21.5
433.0,21.158006829099584,21.558521056027054,5.737871590919164,21.0,0,-0.5585210560270539,21.808468283115452,20.5,21.5
434.0,21.15492280205195,21.52445420757137,5.739493514547658,21.0,0,-0.5244542075713703,21.183785723014534,20.5,21.5
435.0,21.15183971619445,21.59747860514122,5.741114875019672,21.0,0,-0.5974786051412195,22.327722580839712,20.5,21.5
436.0,21.148757571226213,21.523985662208126,5.742735671100469,21.0,0,-0.5239856622081263,20.789056232877194,20.5,21.5
437.0,21.14567636684619,21.59819755721391,5.7443559015557435,21.0,0,-0.5981975572139113,22.340316507271762,20.5,21.5
438.0,21.14259610275313,21.51011748769455,5.745975565151618,21.0,0,-0.5101174876945507,20.629316792500944,20.5,21.5
439.0,21.13951677864561,21.59406642066719,5.747594660654649,21.0,0,-0.5940664206671897,22.43355575039358,20.5,21.5
440.0,21.13643839422201,21.54178142091005,5.749213186831824,21.0,0,-0.5417814209100484,21.018931423338636,20.5,21.5
441.0,21.133360949180535,21.50599250751068,5.750831142450566,21.0,0,-0.5059925075106797,21.148103373516992,20.5,21.5
442.0,21.13028444321919,21.43925842085743,5.752448526278731,21.0,0,-0.4392584208574313,20.771917554324947,20.5,21.5
443.0,21.1272088760358,21.515763673529353,5.7540653370846115,21.0,0,-0.5157636735293529,22.28081620024857,20.5,21.5
444.0,21.124134247328012,21.416261447210132,5.7556815736369344,21.0,1,-0.4162614472101325,20.421239184017928,20.5,21.5
445.0,21.141060556793274,21.39319953119899,5.757297234704866,21.0,1,-0.39319953119899154,21.162580371087582,20.5,21.5
446.0,21.157983804128857,21.491442266955456,5.75891231905801,21.0,0,-0.4914422669554561,22.473869624520102,20.5,21.5
447.0,21.154903989831844,21.493653267254338,5.7605268254664095,21.0,0,-0.4936532672543379,21.515763270243156,20.5,21.5
448.0,21.15182511439897,21.477817479624683,5.762140752700548,21.0,0,-0.477817479624683,21.319459603328134,20.5,21.5
449.0,21.14874717752663,21.552045357585477,5.763754099531349,21.0,0,-0.5520453575854773,22.29432413719342,20.5,21.5
450.0,21.145670178911033,21.499176461155997,5.765366864730179,21.0,0,-0.49917646115599723,20.970487496861196,20.5,21.5
451.0,21.142594118248198,21.47282641465484,5.766979047068848,21.0,0,-0.47282641465483977,21.209325949643265,20.5,21.5
452.0,21.139518995233963,21.518496896987678,5.768590645319607,21.0,0,-0.5184968969876778,21.975201720316058,20.5,21.5
453.0,21.13644480956398,21.506639117747447,5.770201658255156,21.0,0,-0.5066391177474472,21.38806132534514,20.5,21.5
454.0,21.133371560933718,21.45725515416439,5.771812084648637,21.0,0,-0.45725515416438967,20.963415518333814,20.5,21.5
455.0,21.130299249038462,21.522706777015934,5.7734219232736415,21.0,0,-0.5227067770159337,22.177223005531374,20.5,21.5
456.0,21.127227873573307,21.568048871839352,5.775031172904206,21.0,0,-0.5680488718393519,22.021469820073534,20.5,21.5
457.0,21.124157434233172,21.510738787580568,5.776639832314817,21.0,0,-0.5107387875805678,20.937637944992726,20.5,21.5
458.0,21.12108793071279,21.54023222295219,5.778247900280412,21.0,0,-0.5402322229521914,21.835166576668428,20.5,21.5
459.0,21.118019362706704,21.60489776339105,5.779855375576377,21.0,0,-0.6048977633910511,22.251553167779647,20.5,21.5
460.0,21.11495172990928,21.55914047729684,5.781462256978547,21.0,0,-0.5591404772968396,21.101567616354725,20.5,21.5
461.0,21.111885032014694,21.528637557409958,5.783068543263215,21.0,0,-0.528637557409958,21.223608358541142,20.5,21.5
462.0,21.108819268716942,21.480945042030463,5.784674233207123,21.0,0,-0.48094504203046284,21.00401988823551,20.5,21.5
463.0,21.10575443970984,21.420476896899693,5.786279325587468,21.0,0,-0.42047689689969303,20.815795445591995,20.5,21.5
464.0,21.102690544687018,21.4054838175789,5.787883819181902,21.0,0,-0.40548381757890084,21.25555302437098,20.5,21.5
465.0,21.099627583341917,21.422459436412176,5.789487712768534,21.0,0,-0.42245943641217565,21.592215624744924,20.5,21.5
466.0,21.096565555367803,21.366238542272914,5.79109100512593,21.0,0,-0.36623854227291375,20.804029600880295,20.5,21.5
467.0,21.093504460457755,21.442616672318223,5.792693695033112,21.0,0,-0.44261667231822344,22.20639797277132,20.5,21.5
468.0,21.09044429830467,21.41473295715632,5.794295781269561,21.0,0,-0.4147329571563212,21.1358958055373,20.5,21.5
469.0,21.087385068601264,21.320842094760394,5.79589726261522,21.0,1,-0.32084209476039405,20.381933470801123,20.5,21.5
470.0,21.104326771040068,21.350146774065227,5.797498137850493,21.0,0,-0.35014677406522665,21.643193567113553,20.5,21.5
471.0,21.10126540531343,21.39165342577048,5.79909840575624,21.0,0,-0.39165342577047824,21.806719942822994,20.5,21.5
472.0,21.098204971913518,21.359424495225753,5.80069806511379,21.0,0,-0.3594244952257526,21.037135189778496,20.5,21.5
473.0,21.095145470532156,21.375313512031944,5.802297114704932,21.0,0,-0.3753135120319442,21.53420368009386,20.5,21.5
474.0,21.09208690086099,21.44568628005384,5.8038955533119205,21.0,0,-0.4456862800538417,22.149413960272817,20.5,21.5
475.0,21.08902926259148,21.442249063487385,5.805493379717475,21.0,0,-0.4422490634873846,21.407876897822813,20.5,21.5
476.0,21.085972555414905,21.39339775462185,5.80709059270478,21.0,0,-0.39339775462185145,20.90488466596652,20.5,21.5
477.0,21.082916779022362,21.43380250911362,5.80868719105749,21.0,0,-0.43380250911361884,21.837850054031293,20.5,21.5
478.0,21.07986193310477,21.448783003117953,5.810283173559725,21.0,0,-0.4487830031179527,21.59858794316129,20.5,21.5
479.0,21.07680801735286,21.497709749223702,5.811878538996075,21.0,0,-0.49770974922370215,21.986977210281196,20.5,21.5
480.0,21.07375503145719,21.446950272478915,5.8134732861516,21.0,0,-0.44695027247891517,20.939355505031045,20.5,21.5
481.0,21.070702975108127,21.471560196407175,5.815067413811831,21.0,0,-0.47156019640717517,21.717659435689775,20.5,21.5
482.0,21.06765184799587,21.52958089162497,5.81666092076277,21.0,0,-0.5295808916249705,22.109787843802923,20.5,21.5
483.0,21.064601649810424,21.49331277394907,5.818253805790892,21.0,0,-0.49331277394907147,21.13063159719008,20.5,21.5
484.0,21.06155238024162,21.349914866520443,5.819846067683145,21.0,1,-0.349914866520443,19.91593579223416,20.5,21.5
485.0,21.07850403897911,21.421897189342992,5.821437705226955,21.0,0,-0.42189718934299236,22.141720417568486,20.5,21.5
486.0,21.07545262571236,21.44911851014575,5.823028717210217,21.0,0,-0.44911851014575177,21.721331718173346,20.5,21.5
487.0,21.07240214093066,21.363961898028528,5.82461910242131,21.0,0,-0.36396189802852774,20.512395776856287,20.5,21.5
488.0,21.069352584322957,21.34840703861524,5.826208859649084,21.0,0,-0.3484070386152389,21.19285844448235,20.5,21.5
489.0,21.06630395557802,21.384629019166056,5.827797987682869,21.0,0,-0.38462901916605574,21.746848824674224,20.5,21.5
490.0,21.06325625438444,21.297288456411337,5.829386485312478,21.0,1,-0.29728845641133717,20.42388282886415,20.5,21.5
491.0,21.08020948043063,21.261764743854112,5.830974351328199,21.0,1,-0.26176474385411197,20.90652761828186,20.5,21.5
492.0,21.097159633404807,21.293771240152733,5.8325615845208025,21.0,0,-0.2937712401527328,21.61383620313894,20.5,21.5
493.0,21.094106713795032,21.31720664958725,5.834148183681542,21.0,0,-0.31720664958724853,21.551560743932406,20.5,21.5
494.0,21.09105472208901,21.34248046179382,5.835734147602153,21.0,0,-0.3424804617938193,21.595218583859527,20.5,21.5
495.0,21.088003657974113,21.368122141993698,5.837319475074856,21.0,0,-0.3681221419936982,21.624538943992487,20.5,21.5
496.0,21.084953521137532,21.388354458367864,5.838904164892354,21.0,0,-0.3883544583678642,21.590677622109524,20.5,21.5
497.0,21.081904311266282,21.352626960444727,5.840488215847837,21.0,0,-0.3526269604447272,20.995351981213357,20.5,21.5
498.0,21.0788560280472,21.344860898098,5.842071626734982,21.0,0,-0.34486089809799836,21.26720027463071,20.5,21.5
499.0,21.075808671166936,21.395638764487625,5.843654396347952,21.0,0,-0.39563876448762514,21.903417428383893,20.5,21.5
500.0,21.07276224031197,21.364196010857846,5.8452365234813985,21.0,0,-0.3641960108578459,21.049768474560054,20.5,21.5
501.0,21.069716735168605,21.3451220957805,5.846818006930464,21.0,0,-0.3451220957804999,21.15438294500704,20.5,21.5
502.0,21.066672155422957,21.355793636572184,5.84839884549078,21.0,0,-0.35579363657218366,21.46250904448902,20.5,21.5
503.0,21.06362850076097,21.355389735971052,5.8499790379584695,21.0,0,-0.35538973597105183,21.351350729959734,20.5,21.5
504.0,21.06058577086841,21.349879177003924,5.851558583130146,21.0,0,-0.349879177003924,21.294773587332646,20.5,21.5
505.0,21.057543965430863,21.37380440863469,5.853137479802917,21.0,0,-0.37380440863469033,21.613056724942354,20.5,21.5
506.0,21.05450308413374,21.41600587133768,5.854715726774385,21.0,0,-0.4160058713376813,21.83802049836759,20.5,21.5
507.0,21.051463126662266,21.39389118622927,5.856293322842646,21.0,0,-0.39389118622926844,21.17274433514514,20.5,21.5
508.0,21.048424092701502,21.47583177115194,5.857870266806292,21.0,0,-0.47583177115194175,22.295237620378675,20.5,21.5
509.0,21.045385981936324,21.43665731337832,5.859446557464411,21.0,0,-0.43665731337831915,21.044912735642093,20.5,21.5
510.0,21.042348794051428,21.418957055262638,5.8610221936165905,21.0,0,-0.4189570552626378,21.241954474105825,20.5,21.5
511.0,21.03931252873134,21.418108196686365,5.8625971740629135,21.0,0,-0.4181081966863651,21.409619610923638,20.5,21.5
512.0,21.036277185660406,21.505947452444676,5.864171497603965,21.0,0,-0.5059474524446763,22.38434001002779,20.5,21.5
513.0,21.033242764522797,21.42041686977083,5.8657451630408275,21.0,0,-0.42041686977082904,20.565111043032356,20.5,21.5
514.0,21.0302092650025,21.323336184733712,5.867318169175088,21.0,1,-0.3233361847337122,20.352529334362544,20.5,21.5
515.0,21.047176686783335,21.30650029241574,5.868890514808834,21.0,1,-0.30650029241574117,21.13814136923603,20.5,21.5
516.0,21.06414102954894,21.273611842218955,5.870462198744655,21.0,1,-0.27361184221895485,20.94472734025109,20.5,21.5
517.0,21.081102293782777,21.214421752754895,5.872033219785646,21.0,1,-0.2144217527548946,20.622520858114292,20.5,21.5
518.0,21.098060479967977,21.29091332323575,5.8736035767354045,21.0,0,-0.29091332323574903,22.055829028044293,20.5,21.5
519.0,21.09501558858733,21.347085942915072,5.875173268398037,21.0,0,-0.3470859429150721,21.908812139708303,20.5,21.5
520.0,21.091971620123292,21.37301626196038,5.876742293578155,21.0,0,-0.3730162619603803,21.632319452413462,20.5,21.5
521.0,21.088928574257984,21.376830919087276,5.878310651080877,21.0,0,-0.3768309190872756,21.41497749035623,20.5,21.5
522.0,21.08588645067335,21.35972501282086,5.87987833971183,21.0,0,-0.35972501282086,21.188665950156704,20.5,21.5
523.0,21.082845249051157,21.32111378405253,5.881445358277152,21.0,0,-0.32111378405253177,20.93500149636925,20.5,21.5
524.0,21.079804969073002,21.31371164731916,5.88301170558349,21.0,0,-0.3137116473191597,21.23969027998544,20.5,21.5
525.0,21.076765610420306,21.332649622943784,5.884577380438002,21.0,0,-0.33264962294378364,21.522029379190023,20.5,21.5
526.0,21.07372717277431,21.274605462584915,5.88614238164836,21.0,0,-0.27460546258491547,20.694163858996234,20.5,21.5
527.0,21.070689655816082,21.336937620807287,5.887706708022744,21.0,0,-0.3369376208072872,21.960259203031004,20.5,21.5
528.0,21.067653059226522,21.329684444952083,5.889270358369855,21.0,0,-0.3296844449520826,21.257152686400037,20.5,21.5
529.0,21.06461738268635,21.451331732387768,5.890833331498904,21.0,0,-0.4513317323877679,22.66780460674462,20.5,21.5
530.0,21.061582625876113,21.48893524320004,5.892395626219617,21.0,0,-0.48893524320003934,21.864970351322754,20.5,21.5
531.0,21.05854878847618,21.544083033467867,5.8939572413422425,21.0,0,-0.5440830334678672,22.095560936146146,20.5,21.5
532.0,21.055515870166754,21.474099580986376,5.895518175677539,21.0,0,-0.47409958098637617,20.774265056171465,20.5,21.5
533.0,21.052483870627857,21.514896913077127,5.89707842803679,21.0,0,-0.514896913077127,21.922870233984636,20.5,21.5
534.0,21.049452789539338,21.40278665637536,5.898637997231793,21.0,1,-0.4027866563753584,20.28168408935767,20.5,21.5
535.0,21.066422626580877,21.350554065519113,5.90019688207487,21.0,1,-0.3505540655191126,20.828228156956655,20.5,21.5
536.0,21.083389381431974,21.31244286099684,5.9017550813788615,21.0,1,-0.31244286099683904,20.931330815774103,20.5,21.5
537.0,21.100353054571965,21.35973583873206,5.903312593957131,21.0,0,-0.3597358387320604,21.832665616084274,20.5,21.5
538.0,21.097313646479844,21.292570858296063,5.904869418623566,21.0,0,-0.2925708582960631,20.62092105393609,20.5,21.5
539.0,21.09427515763427,21.325072699668446,5.906425554192575,21.0,0,-0.3250726996684463,21.65009111339228,20.5,21.5
540.0,21.091237587713582,21.32854159985903,5.9079809994790935,21.0,0,-0.32854159985902953,21.36323060176486,20.5,21.5
541.0,21.088200936395936,21.362313389352835,5.9095357532985835,21.0,0,-0.36231338935283475,21.700031284290887,20.5,21.5
542.0,21.085165203359317,21.364910670230127,5.911089814467031,21.0,0,-0.36491067023012747,21.390883479003055,20.5,21.5
543.0,21.082130388281538,21.398248659659718,5.912643181800951,21.0,0,-0.3982486596597177,21.73162855395562,20.5,21.5
544.0,21.079096490840243,21.41282371572771,5.914195854117389,21.0,0,-0.41282371572771126,21.558574276407647,20.5,21.5
545.0,21.0760635107129,21.412967916900374,5.915747830233913,21.0,0,-0.4129679169003744,21.414409928627006,20.5,21.5
546.0,21.073031447576803,21.42743925107238,5.9172991089686295,21.0,0,-0.42743925107237857,21.57215259279242,20.5,21.5
547.0,21.07000030110908,21.325011151249022,5.918849689140171,21.0,1,-0.32501115124902213,20.300730153015458,20.5,21.5
548.0,21.086970070986684,21.3010066898254,5.920399569567703,21.0,1,-0.3010066898253996,21.060962075589174,20.5,21.5
549.0,21.1039367568864,21.233151589953973,5.921948749070925,21.0,1,-0.23315158995397312,20.55460059123971,20.5,21.5
550.0,21.12090035928484,21.204005152580372,5.923497226470068,21.0,1,-0.20400515258037188,20.91254077884436,20.5,21.5
551.0,21.137860878658277,21.17885173989406,5.9250450005859,21.0,1,-0.17885173989406056,20.927317613030947,20.5,21.5
552.0,21.15481831548266,21.33327060322589,5.926592070239724,21.0,0,-0.3332706032258912,22.877459236544198,20.5,21.5
553.0,21.151772670233612,21.347810415780646,5.928138434253378,21.0,0,-0.3478104157806463,21.493208541328197,20.5,21.5
554.0,21.148727943386415,21.37851274495698,5.929684091449239,21.0,0,-0.3785127449569785,21.6855360367203,20.5,21.5
555.0,21.14568413461603,21.44609236063014,5.931229040650223,21.0,0,-0.44609236063013924,22.121888517361747,20.5,21.5
556.0,21.142641243597236,21.427849858597945,5.932773280679783,21.0,0,-0.4278498585979449,21.245424838276,20.5,21.5
557.0,21.139599270004652,21.34086187973343,5.934316810361912,21.0,1,-0.3408618797334313,20.470982091088295,20.5,21.5
558.0,21.156558213512724,21.338253879992713,5.935859628521147,21.0,1,-0.3382538799927133,21.312173882585533,20.5,21.5
559.0,21.173514073795726,21.368371543627138,5.937401733982563,21.0,0,-0.36837154362713775,21.669548179971382,20.5,21.5
560.0,21.170466851327763,21.261786308896905,5.9389431255717815,21.0,1,-0.26178630889690524,20.19593396159458,20.5,21.5
561.0,21.18742054658261,21.34909449094159,5.940483802114964,21.0,0,-0.34909449094158873,22.222176311388424,20.5,21.5
562.0,21.184371159233716,21.365890770655565,5.94202376243882,21.0,0,-0.3658907706555645,21.533853567795322,20.5,21.5
563.0,21.181322689754357,21.404179058381043,5.943563005370601,21.0,0,-0.4041790583810432,21.78706193563583,20.5,21.5
564.0,21.17827513781748,21.492985472510828,5.945101529738108,21.0,0,-0.4929854725108278,22.381049613808674,20.5,21.5
565.0,21.175228503095862,21.550011286308028,5.946639334369687,21.0,0,-0.5500112863080275,22.120269424280025,20.5,21.5
566.0,21.172182785262116,21.512643819312203,5.948176418094232,21.0,0,-0.5126438193122027,21.138969149353954,20.5,21.5
567.0,21.169137983988684,21.4542493410367,5.949712779741189,21.0,0,-0.4542493410367001,20.870304558281674,20.5,21.5
568.0,21.166094098947834,21.44560552559791,5.95124841814055,21.0,0,-0.4456055255979088,21.359167371209995,20.5,21.5
569.0,21.163051129811674,21.344312157626867,5.952783332122861,21.0,1,-0.3443121576268666,20.331378477916445,20.5,21.5
570.0,21.180009076252137,21.31762858011363,5.954317520519217,21.0,1,-0.31762858011363093,21.050792804981274,20.5,21.5
571.0,21.19696393794099,21.335703699652065,5.955850982161267,21.0,0,-0.3357036996520648,21.516454895036404,20.5,21.5
572.0,21.19391571534983,21.42125980383968,5.957383715881214,21.0,0,-0.4212598038396784,22.276820845715815,20.5,21.5
573.0,21.19086840894994,21.44596685119749,5.958915720511813,21.0,0,-0.4459668511974897,21.693037324775602,20.5,21.5
574.0,21.187822018412252,21.49542556795472,5.960446994886378,21.0,0,-0.4954255679547188,21.99001273552701,20.5,21.5
575.0,21.184776543407548,21.655003575600404,5.961977537838775,21.0,0,-0.6550035756004036,23.25078365205725,20.5,21.5
576.0,21.181731983606433,21.68663174303463,5.96350734820343,21.0,0,-0.6866317430346314,22.00291341737691,20.5,21.5
577.0,21.17868833867935,21.618244009066434,5.9650364248153265,21.0,0,-0.6182440090664336,20.934366669384456,20.5,21.5
578.0,21.175645608296577,21.661413495364748,5.966564766510005,21.0,0,-0.6614134953647479,22.09310835834789,20.5,21.5
579.0,21.17260379212822,21.65709088846781,5.968092372123566,21.0,0,-0.6570908884678097,21.613864819498428,20.5,21.5
580.0,21.16956288984422,21.564807236935593,5.969619240492674,21.0,0,-0.564807236935593,20.641970721613426,20.5,21.5
581.0,21.166522901114348,21.516044667914638,5.9711453704545505,21.0,0,-0.5160446679146382,21.02841897770509,20.5,21.5
582.0,21.163483825608218,21.537976500473633,5.972670760846981,21.0,0,-0.5379765004736328,21.75729482606358,20.5,21.5
583.0,21.160445662995265,21.47782570882335,5.974195410508315,21.0,0,-0.4778257088233495,20.876317792320517,20.5,21.5
584.0,21.15740841294477,21.45858417672454,5.9757193182774655,21.0,0,-0.4585841767245391,21.266168855736435,20.5,21.5
585.0,21.154372075125835,21.477274222550697,5.97724248299391,21.0,0,-0.4772742225506974,21.66417468081228,20.5,21.5
586.0,21.15133664920741,21.41418718506406,5.978764903497693,21.0,0,-0.4141871850640584,20.783316810197668,20.5,21.5
587.0,21.148302134858266,21.399434394993346,5.980286578629424,21.0,0,-0.3994343949933459,21.25190649428622,20.5,21.5
588.0,21.14526853174702,21.44501862270729,5.981807507230282,21.0,0,-0.4450186227072912,21.900860899846744,20.5,21.5
589.0,21.142235839542117,21.522990838078584,5.983327688142013,21.0,0,-0.5229908380785844,22.302712991791516,20.5,21.5
590.0,21.139204057911837,21.368554434701846,5.984847120206934,21.0,1,-0.3685544347018457,19.82419040093446,20.5,21.5
591.0,21.156173186524295,21.368475373897866,5.986365802267931,21.0,1,-0.36847537389786567,21.367684765858066,20.5,21.5
592.0,21.173139225047443,21.37302734690156,5.987883733168462,21.0,1,-0.3730273469015586,21.418547076938488,20.5,21.5
593.0,21.190102173949068,21.34753384574443,5.989400911752556,21.0,1,-0.34753384574442947,21.09259883417314,20.5,21.5
594.0,21.20706203369663,21.267889140337196,5.990917336864815,21.0,1,-0.26788914033719635,20.471442086264865,20.5,21.5
595.0,21.224018804757264,21.391880921450188,5.992433007350416,21.0,0,-0.3918809214501877,22.6317987325801,20.5,21.5
596.0,21.220972487597784,21.509440176372173,5.993947922055111,21.0,0,-0.5094401763721734,22.68503272559203,20.5,21.5
597.0,21.217927082684675,21.563103622221366,5.9954620798252245,21.0,0,-0.5631036222213659,22.09973808071329,20.5,21.5
598.0,21.214882589684102,21.485422349438384,5.99697547950766,21.0,0,-0.4854223494383838,20.708609621608563,20.5,21.5
599.0,21.211839008262068,21.54188197408514,5.9984881199499,21.0,0,-0.5418819740851397,22.1064782205527,20.5,21.5
600.0,21.208796338084404,21.574333108303758,6.0,21.0,0,-0.5743331083037582,21.898844450489943,20.5,21.5
601.0,21.205754578816787,21.530564209193603,6.001511118506599,21.0,0,-0.5305642091936029,21.09287521809205,20.5,21.5
602.0,21.202713730124724,21.509857122941895,6.003021474318914,21.0,0,-0.5098571229418951,21.302786260424817,20.5,21.5
603.0,21.199673791673565,21.515800973608197,6.004531066286745,21.0,0,-0.5158009736081972,21.575239480271218,20.5,21.5
604.0,21.196634763128486,21.4059262758636,6.0060398932604695,21.0,1,-0.40592627586359953,20.307179298417623,20.5,21.5
605.0,21.213596644154514,21.36327394715809,6.007547954091052,21.0,1,-0.36327394715808836,20.936750660102977,20.5,21.5
606.0,21.2305554344165,21.37834707216077,6.009055247630038,21.0,0,-0.37834707216077135,21.5290783221876,20.5,21.5
607.0,21.227511134379146,21.46435208400114,6.010561772729559,21.0,0,-0.46435208400113837,22.32440220240481,20.5,21.5
608.0,21.224467744506814,21.488967263698395,6.012067528242327,21.0,0,-0.48896726369839527,21.735119060670964,20.5,21.5
609.0,21.221425264463562,21.554388620709524,6.013572513021648,21.0,0,-0.5543886207095241,22.208602190820812,20.5,21.5
610.0,21.218383693913275,21.602770301743067,6.015076725921408,21.0,0,-0.6027703017430674,22.0865871120785,20.5,21.5
611.0,21.215343032519677,21.613934919672147,6.016580165796085,21.0,0,-0.6139349196721469,21.72558109896294,20.5,21.5
612.0,21.212303279946333,21.48678486645527,6.018082831500743,21.0,1,-0.4867848664552703,20.215284334286505,20.5,21.5
613.0,21.229264435856646,21.493775057751574,6.019584721891037,21.0,0,-0.4937750577515736,21.563676970714607,20.5,21.5
614.0,21.226222499913852,21.483746769030432,6.021085835823211,21.0,0,-0.48374676903043223,21.38346388181902,20.5,21.5
615.0,21.223181472581036,21.432868710655633,6.022586172154104,21.0,0,-0.43286871065563304,20.92408812690764,20.5,21.5
616.0,21.22014135352095,21.430458988163902,6.024085729741143,21.0,0,-0.4304589881639025,21.406361763246597,20.5,21.5
617.0,21.217102142396197,21.506677926830715,6.02558450744235,21.0,0,-0.5066779268307151,22.26886731349884,20.5,21.5
618.0,21.214063838869205,21.48051360727129,6.02708250411634,21.0,0,-0.4805136072712912,21.218870411677052,20.5,21.5
619.0,21.211026442602254,21.483982673931358,6.028579718622325,21.0,0,-0.48398267393135797,21.518673340532025,20.5,21.5
620.0,21.207989953257457,21.47899483897569,6.0300761498201085,21.0,0,-0.47899483897569084,21.42911648941902,20.5,21.5
621.0,21.20495437049677,21.456965109115096,6.031571796570095,21.0,0,-0.4569651091150959,21.236667810509147,20.5,21.5
622.0,21.20191969398198,21.408281629306334,6.033066657733284,21.0,0,-0.4082816293063338,20.921446831218713,20.5,21.5
623.0,21.198885923374732,21.44574959411997,6.034560732171273,21.0,0,-0.4457495941199703,21.820429242256335,20.5,21.5
624.0,21.195853058336493,21.413295480166916,6.036054018746261,21.0,0,-0.41329548016691575,21.08875434063637,20.5,21.5
625.0,21.192821098528576,21.49896058004204,6.037546516321043,21.0,0,-0.49896058004204136,22.355611578793297,20.5,21.5
626.0,21.189790043612135,21.502134184485417,6.039038223759019,21.0,0,-0.502134184485417,21.533870228919174,20.5,21.5
627.0,21.186759893248166,21.53595192124585,6.040529139924188,21.0,0,-0.5359519212458501,21.87412928885018,20.5,21.5
628.0,21.1837306470975,21.52002416810316,6.042019263681153,21.0,0,-0.5200241681031592,21.36074663667625,20.5,21.5
629.0,21.18070230482082,21.49235643521812,6.043508593895119,21.0,0,-0.4923564352181202,21.21567910636773,20.5,21.5
630.0,21.177674866078632,21.45235373470871,6.044997129431898,21.0,0,-0.45235373470870854,21.05232672961459,20.5,21.5
631.0,21.1746483305313,21.421647011904724,6.046484869157903,21.0,0,-0.4216470119047244,21.114579783864883,20.5,21.5
632.0,21.171622697839027,21.44004512343053,6.047971811940158,21.0,0,-0.4400451234305294,21.62402623868858,20.5,21.5
633.0,21.168597967661846,21.477250984720644,6.04945795664629,21.0,0,-0.4772509847206443,21.849309597621794,20.5,21.5
634.0,21.165574139659643,21.555252629044645,6.050943302144535,21.0,0,-0.5552526290446451,22.335269072284653,20.5,21.5
635.0,21.16255121349214,21.54421190620747,6.052427847303739,21.0,0,-0.5442119062074688,21.433804677835706,20.5,21.5
636.0,21.1595291888189,21.549044292844847,6.053911590993355,21.0,0,-0.5490442928448473,21.597368159218632,20.5,21.5
637.0,21.156508065299334,21.433341357573713,6.055394532083448,21.0,1,-0.4333413575737133,20.276312004862373,20.5,21.5
638.0,21.173487842592692,21.416727153462,6.056876669444694,21.0,1,-0.4167271534619985,21.25058511234485,20.5,21.5
639.0,21.190464520358063,21.40615649638847,6.058358001948381,21.0,1,-0.4061564963884692,21.300449925653176,20.5,21.5
640.0,21.207438099054382,21.36138932815732,6.059838528466409,21.0,1,-0.36138932815731906,20.913717645845818,20.5,21.5
641.0,21.224408579140263,21.40021071883509,6.061318247871295,21.0,0,-0.4002107188350905,21.788424625612805,20.5,21.5
642.0,21.22137596107401,21.45468950154234,6.062797159036165,21.0,0,-0.4546895015423402,21.999477328614837,20.5,21.5
643.0,21.218344245313602,21.45248980030545,6.064275260834767,21.0,0,-0.4524898003054503,21.43049278793655,20.5,21.5
644.0,21.215313431516705,21.472809078578223,6.0657525521414595,21.0,0,-0.47280907857822285,21.67600186130595,20.5,21.5
645.0,21.21228351934083,21.46437967622399,6.067229031831223,21.0,0,-0.46437967622399157,21.38008565268168,20.5,21.5
646.0,21.209254508443326,21.492092809833995,6.068704698779653,21.0,0,-0.49209280983399495,21.76922414593403,20.5,21.5
647.0,21.206226398481395,21.49351797290178,6.070179551862964,21.0,0,-0.4935179729017811,21.507769603579643,20.5,21.5
648.0,21.20319918911207,21.533975776280037,6.071653589957993,21.0,0,-0.5339757762800375,21.9385538100626,20.5,21.5
649.0,21.200172879992238,21.53331624506969,6.0731268119421955,21.0,0,-0.5333162450696918,21.526720932966235,20.5,21.5
650.0,21.197147470778628,21.526407013875108,6.074599216693647,21.0,0,-0.526407013875108,21.45731470192927,20.5,21.5
651.0,21.19412296112781,21.520105610480808,6.07607080309105,21.0,0,-0.5201056104808082,21.45709157653781,20.5,21.5
652.0,21.191099350696202,21.50477290749121,6.077541570013726,21.0,0,-0.5047729074912084,21.35144587759521,20.5,21.5
653.0,21.188076639140064,21.434710336933215,6.079011516341622,21.0,0,-0.4347103369332146,20.734084631353277,20.5,21.5
654.0,21.185054826115504,21.358096134787107,6.08048064095531,21.0,0,-0.35809613478710745,20.591954113326036,20.5,21.5
655.0,21.182033911278474,21.435213720404036,6.081948942735988,21.0,0,-0.43521372040403605,22.206389576573322,20.5,21.5
656.0,21.179013894284765,21.3078409910883,6.083416420565479,21.0,1,-0.30784099108830176,20.03411369793096,20.5,21.5
657.0,21.19599477479002,21.330581734842045,6.084883073326237,21.0,0,-0.33058173484204545,21.557989172379482,20.5,21.5
658.0,21.192972552449728,21.38047393727887,6.086348899901341,21.0,0,-0.3804739372788717,21.879395961647134,20.5,21.5
659.0,21.189951227719217,21.436917771303815,6.087813899174501,21.0,0,-0.4369177713038148,22.001356111553246,20.5,21.5
660.0,21.186930800253506,21.368788848593493,6.089278070030054,21.0,0,-0.3687888485934927,20.68749962149027,20.5,21.5
661.0,21.183911269707462,21.46240366192744,6.0907414113529725,21.0,0,-0.4624036619274392,22.398551795266904,20.5,21.5
662.0,21.18089263573579,21.43178042764894,6.092203922028858,21.0,0,-0.4317804276489383,21.12554808486393,20.5,21.5
663.0,21.17787489799305,21.512689356866552,6.093665600943945,21.0,0,-0.5126893568665523,22.32177864904269,20.5,21.5
664.0,21.17485805613364,21.408605742436357,6.0951264469851,21.0,1,-0.4086057424363574,20.36776959813441,20.5,21.5
665.0,21.191842109811812,21.43780704041442,6.096586459039828,21.0,0,-0.43780704041441965,21.729820020195042,20.5,21.5
666.0,21.18882305868166,21.418973850783953,6.098045635996264,21.0,0,-0.4189738507839529,21.230641954479285,20.5,21.5
667.0,21.185804903197123,21.457232532095393,6.099503976743181,21.0,0,-0.45723253209539294,21.839819345209794,20.5,21.5
668.0,21.18278764301183,21.303343179923864,6.100961480169991,21.0,1,-0.30334317992386417,19.764449658208576,20.5,21.5
669.0,21.199771277779263,21.402242989952803,6.102418145166741,21.0,0,-0.4022429899528035,22.391241090242197,20.5,21.5
670.0,21.19675180715274,21.50333959494372,6.103873970624116,21.0,0,-0.5033395949437214,22.5143056448529,20.5,21.5
671.0,21.193733231585433,21.545879337796645,6.105328955433444,21.0,0,-0.5458793377966451,21.971276766325882,20.5,21.5
672.0,21.190715550730204,21.540416772587868,6.106783098486688,21.0,0,-0.5404167725878679,21.485791120500096,20.5,21.5
673.0,21.187698764239755,21.600855403613522,6.108236398676457,21.0,0,-0.6008554036135223,22.205241713870066,20.5,21.5
674.0,21.184682871766643,21.5695347688293,6.109688854895999,21.0,0,-0.5695347688292998,21.256328420987074,20.5,21.5
675.0,21.18166787296327,21.429546697148577,6.111140466039204,21.0,1,-0.4295466971485773,20.029665980341353,20.5,21.5
676.0,21.198653767481886,21.399864310581354,6.11259123100061,21.0,1,-0.3998643105813535,21.103040444909116,20.5,21.5
677.0,21.21563655497459,21.360318622508267,6.114041148675393,21.0,1,-0.36031862250826663,20.964861741777398,20.5,21.5
678.0,21.23261623589333,21.367350573074905,6.11549021795938,21.0,1,-0.36735057307490493,21.437670078741288,20.5,21.5
679.0,21.249592810689744,21.402749311664316,6.116938437749042,21.0,0,-0.4027493116643157,21.756736697558424,20.5,21.5
680.0,21.246566279815156,21.422337147664983,6.118385806941494,21.0,0,-0.4223371476649831,21.618215507671657,20.5,21.5
681.0,21.243540643720582,21.466046281675208,6.119832324434503,21.0,0,-0.466046281675208,21.903137621777457,20.5,21.5
682.0,21.240515902056725,21.42684759664714,6.121277989126483,21.0,0,-0.4268475966471392,21.03486074636645,20.5,21.5
683.0,21.23749205447414,21.43734971670322,6.122722799916498,21.0,0,-0.43734971670322054,21.542370917264034,20.5,21.5
684.0,21.234469100623226,21.460698456567734,6.124166755704261,21.0,0,-0.46069845656773367,21.694185855212865,20.5,21.5
685.0,21.231447040154244,21.48638687661209,6.125609855390137,21.0,0,-0.4863868766120909,21.743271077055663,20.5,21.5
686.0,21.228425872717292,21.513244215621786,6.1270520978751435,21.0,0,-0.5132442156217856,21.781817605718732,20.5,21.5
687.0,21.22540559796232,21.63749209308402,6.128493482060948,21.0,0,-0.6374920930840204,22.87997086770637,20.5,21.5
688.0,21.222386215539142,21.66698376906083,6.129934006849876,21.0,0,-0.6669837690608311,21.961900528828938,20.5,21.5
689.0,21.219367725097406,21.596073391311727,6.131373671144904,21.0,0,-0.5960733913117267,20.886969613820682,20.5,21.5
690.0,21.216350126286617,21.707294780081284,6.132812473849666,21.0,0,-0.7072947800812841,22.81950866777686,20.5,21.5
691.0,21.21333341875613,21.631535292125882,6.1342504138684495,21.0,0,-0.6315352921258821,20.873940412571862,20.5,21.5
692.0,21.21031760215515,21.589240831952395,6.135687490106203,21.0,0,-0.5892408319523952,21.166296230217526,20.5,21.5
693.0,21.20730267613274,21.54120437453127,6.137123701468528,21.0,0,-0.5412043745312687,21.060839800320004,20.5,21.5
694.0,21.204288640337808,21.566637151031383,6.138559046861689,21.0,0,-0.566637151031383,21.820964916032526,20.5,21.5
695.0,21.20127549441911,21.414328747083204,6.139993525192606,21.0,1,-0.41432874708320355,19.89124470760141,20.5,21.5
696.0,21.218263238025266,21.383572466830564,6.141427135368863,21.0,1,-0.38357246683056445,21.076009664304173,20.5,21.5
697.0,21.235247870804734,21.473912333193994,6.1428598762987034,21.0,0,-0.4739123331939936,22.377310996828285,20.5,21.5
698.0,21.232229393205834,21.504094840947694,6.1442917468910325,21.0,0,-0.504094840947694,21.805919918484697,20.5,21.5
699.0,21.22921180567657,21.55746866143271,6.145722746055418,21.0,0,-0.5574686614327113,22.091206866282885,20.5,21.5
700.0,21.226195107864648,21.65871874167988,6.147152872702092,21.0,0,-0.6587187416798805,22.671219544151572,20.5,21.5
701.0,21.223179299417616,21.686279637501137,6.148582125741951,21.0,0,-0.6862796375011371,21.961888595713702,20.5,21.5
702.0,21.22016437998288,21.63080805659525,6.150010504086557,21.0,0,-0.6308080565952494,21.076092247536373,20.5,21.5
703.0,21.2171503492077,21.624968187802036,6.151438006648137,21.0,0,-0.6249681878020361,21.566569499869903,20.5,21.5
704.0,21.21413720673919,21.61914307070579,6.152864632339586,21.0,0,-0.619143070705789,21.560891899743318,20.5,21.5
705.0,21.21112495222431,21.555425010951264,6.1542903800744675,21.0,0,-0.5554250109512644,20.91824441340602,20.5,21.5
706.0,21.20811358530988,21.577436826166302,6.15571524876701,21.0,0,-0.5774368261663021,21.79755497831668,20.5,21.5
707.0,21.20510310564257,21.597824328776404,6.157139237332117,21.0,0,-0.5978243287764045,21.801699354877428,20.5,21.5
708.0,21.20209351286891,21.562715480959174,6.1585623446853575,21.0,0,-0.5627154809591737,21.211627002786866,20.5,21.5
709.0,21.199084806635273,21.53855773928003,6.159984569742974,21.0,0,-0.53855773928003,21.296980322488594,20.5,21.5
710.0,21.196076986587894,21.514960388820498,6.1614059114218795,21.0,0,-0.5149603888204979,21.278986884225176,20.5,21.5
711.0,21.19307005237286,21.504231045635677,6.162826368639661,21.0,0,-0.5042310456356773,21.396937613787472,20.5,21.5
712.0,21.190064003636113,21.41027717055069,6.164245940314579,21.0,1,-0.4102771705506889,20.470738419700805,20.5,21.5
713.0,21.20705884002345,21.42468075182127,6.165664625365567,21.0,0,-0.4246807518212705,21.568716564527087,20.5,21.5
714.0,21.20405056118052,21.4581516630799,6.167082422712235,21.0,0,-0.4581516630798994,21.79286077566619,20.5,21.5
715.0,21.201043167552825,21.458441339786184,6.168499331274869,21.0,0,-0.45844133978618373,21.461338106849027,20.5,21.5
716.0,21.19803665878557,21.423158064371925,6.169915349974431,21.0,0,-0.4231580643719255,21.070325310229343,20.5,21.5
717.0,21.195031034523804,21.441669323287122,6.171330477732561,21.0,0,-0.4416693232871225,21.626781912439093,20.5,21.5
718.0,21.192026294412447,21.44452467248501,6.1727447134715785,21.0,0,-0.4445246724850094,21.473078164463878,20.5,21.5
719.0,21.18902243809626,21.47567730386565,6.17415805611448,21.0,0,-0.4756773038656483,21.787203617672038,20.5,21.5
720.0,21.186019465219864,21.55524712582802,6.175570504584947,21.0,0,-0.5552471258280214,22.350945345451752,20.5,21.5
721.0,21.183017375427738,21.630835650151873,6.176982057807334,21.0,0,-0.630835650151873,22.38672089339039,20.5,21.5
722.0,21.180016168364215,21.75585929878722,6.178392714706684,21.0,0,-0.7558592987872217,23.006095785140708,20.5,21.5
723.0,21.177015843673484,21.735787712215377,6.179802474208721,21.0,0,-0.7357877122153766,21.535071846496926,20.5,21.5
724.0,21.17401640099959,21.713105331910356,6.181211335239851,21.0,0,-0.7131053319103557,21.486281528860147,20.5,21.5
725.0,21.17101783998644,21.677988535691313,6.1826192967271645,21.0,0,-0.6779885356913127,21.326820573500882,20.5,21.5
726.0,21.168020160277788,21.689620590633556,6.184026357598439,21.0,0,-0.689620590633556,21.80594114005599,20.5,21.5
727.0,21.165023361517253,21.601625106726765,6.185432516782136,21.0,0,-0.6016251067267646,20.72167026765885,20.5,21.5
728.0,21.162027443348308,21.63439361353183,6.186837773207403,21.0,0,-0.6343936135318309,21.962078681582494,20.5,21.5
729.0,21.15903240541428,21.655493496803434,6.188242125804077,21.0,0,-0.6554934968034338,21.866492329519463,20.5,21.5
730.0,21.156038247358357,21.624343909789197,6.189645573502682,21.0,0,-0.6243439097891965,21.312848039646823,20.5,21.5
731.0,21.153044968823586,21.546445471613673,6.191048115234433,21.0,0,-0.5464454716136729,20.767461089858436,20.5,21.5
732.0,21.150052569452868,21.523272687734426,6.192449749931232,21.0,0,-0.5232726877344263,21.29154484894196,20.5,21.5
733.0,21.147061048888965,21.56198048173506,6.1938504765256726,21.0,0,-0.5619804817350591,21.949058421741388,20.5,21.5
734.0,21.144070406774492,21.518477458492463,6.195250293951043,21.0,0,-0.5184774584924625,21.083447226066497,20.5,21.5
735.0,21.141080642751927,21.554489842038862,6.196649201141318,21.0,0,-0.554489842038862,21.914613677502857,20.5,21.5
736.0,21.138091756463606,21.53080450643011,6.198047197031172,21.0,0,-0.5308045064301083,21.293951150342572,20.5,21.5
737.0,21.13510374755172,21.560491314375835,6.199444280555968,21.0,0,-0.5604913143758345,21.857359393833097,20.5,21.5
738.0,21.132116615658322,21.40414844848207,6.200840450651768,21.0,1,-0.40414844848206855,19.84071978954441,20.5,21.5
739.0,21.14913036042532,21.293552862527356,6.202235706255326,21.0,1,-0.29355286252735624,20.187597002980233,20.5,21.5
740.0,21.166140981494486,21.20567847557995,6.203630046304096,21.0,1,-0.20567847557995123,20.3269346061059,20.5,21.5
741.0,21.183148479307448,21.27632517492573,6.2050234697362265,21.0,0,-0.2763251749257307,21.982792168383526,20.5,21.5
742.0,21.180152854305533,21.213158357123252,6.206415975490565,21.0,0,-0.21315835712325182,20.581490179098463,20.5,21.5
743.0,21.17715810692977,21.229684585012702,6.207807562506657,21.0,0,-0.22968458501270206,21.394946863907204,20.5,21.5
744.0,21.174164236820886,21.285787122029493,6.209198229724749,21.0,0,-0.2857871220294932,21.846812492197405,20.5,21.5
745.0,21.171171243619465,21.266959228066046,6.2105879760857885,21.0,0,-0.266959228066046,21.078680288431574,20.5,21.5
746.0,21.16817912696596,21.26921818812621,6.211976800531422,21.0,0,-0.2692181881262101,21.29180778872785,20.5,21.5
747.0,21.16518788650067,21.331779331883062,6.213364702003999,21.0,0,-0.3317793318830624,21.957390769451585,20.5,21.5
748.0,21.16219752186377,21.479914236576967,6.214751679446573,21.0,0,-0.47991423657696686,22.96126328351601,20.5,21.5
749.0,21.159208032695286,21.500185374391904,6.216137731802901,21.0,0,-0.5001853743919042,21.702896752541278,20.5,21.5
750.0,21.156219418635107,21.524299332942356,6.217522858017441,21.0,0,-0.5242993329423555,21.76543891844687,20.5,21.5
751.0,21.153231679322985,21.448154885681372,6.218907057035362,21.0,0,-0.4481548856813724,20.68671041307154,20.5,21.5
752.0,21.150244814398526,21.4756231792172,6.220290327802536,21.0,0,-0.47562317921720165,21.750306114575494,20.5,21.5
753.0,21.147258823501208,21.449749516343115,6.22167266926554,21.0,0,-0.44974951634311466,21.191012887602245,20.5,21.5
754.0,21.14427370627036,21.444697618380538,6.2230540803716625,21.0,0,-0.44469761838053756,21.394178638754767,20.5,21.5
755.0,21.14128946234518,21.44784273093719,6.224434560068898,21.0,0,-0.4478427309371895,21.47929385650371,20.5,21.5
756.0,21.138306091364726,21.534724977518604,6.225814107305953,21.0,0,-0.5347249775186036,22.403547443332744,20.5,21.5
757.0,21.135323592967914,21.51614451757846,6.227192721032241,21.0,0,-0.5161445175784607,21.33033991817703,20.5,21.5
758.0,21.132341966793526,21.459358536610342,6.228570400197887,21.0,0,-0.45935853661034187,20.891498726929154,20.5,21.5
759.0,21.129361212480205,21.470477006194095,6.229947143753728,21.0,0,-0.4704770061940948,21.581661702031624,20.5,21.5
760.0,21.12638132966646,21.51428825080463,6.231322950651316,21.0,0,-0.5142882508046291,21.952400696909972,20.5,21.5
761.0,21.12340231799066,21.4751284511141,6.2326978198429135,21.0,0,-0.47512845111409874,21.083530454208795,20.5,21.5
762.0,21.12042417709103,21.426473930494048,6.2340717502814975,21.0,0,-0.4264739304940477,20.939928724293537,20.5,21.5
763.0,21.117446906605668,21.40598613877365,6.23544474092076,21.0,0,-0.405986138773649,21.201108221569662,20.5,21.5
764.0,21.11447050617253,21.407087329738665,6.236816790715109,21.0,0,-0.40708732973866546,21.41809923938883,20.5,21.5
765.0,21.111494975429437,21.437852423119885,6.2381878986196675,21.0,0,-0.43785242311988526,21.745503356932083,20.5,21.5
766.0,21.108520314014076,21.428419301651214,6.23955806359028,21.0,0,-0.4284193016512141,21.334088086964503,20.5,21.5
767.0,21.10554652156399,21.38087088932874,6.240927284583504,21.0,0,-0.38087088932874025,20.905386766104,20.5,21.5
768.0,21.102573597716596,21.381361496343107,6.24229556055662,21.0,0,-0.3813614963431071,21.386267566486776,20.5,21.5
769.0,21.099601542109163,21.376666434955375,6.2436628904676255,21.0,0,-0.376666434955375,21.329715821078054,20.5,21.5
770.0,21.096630354378835,21.273215881208607,6.2450292732752395,21.0,1,-0.27321588120860696,20.238710343740927,20.5,21.5
771.0,21.113660034162613,21.264578993727376,6.246394707938901,21.0,1,-0.26457899372737614,21.178210118915068,20.5,21.5
772.0,21.13068658109737,21.324076410391243,6.247759193418772,21.0,0,-0.3240764103912426,21.919050577029907,20.5,21.5
773.0,21.12770999561983,21.37408504416381,6.249122728675739,21.0,0,-0.3740850441638095,21.87417138188948,20.5,21.5
774.0,21.124734278166443,21.33048239042369,6.25048531267141,21.0,0,-0.33048239042368976,20.894455853022492,20.5,21.5
775.0,21.121759428373345,21.41060752981933,6.251846944368118,21.0,0,-0.41060752981933035,22.211858923775736,20.5,21.5
776.0,21.118785445876544,21.36055367125567,6.253207622728921,21.0,0,-0.3605536712556692,20.860015085619057,20.5,21.5
777.0,21.115812330311915,21.317662484051077,6.254567346717603,21.0,0,-0.3176624840510769,20.888750612005154,20.5,21.5
778.0,21.112840081315195,21.333710790846844,6.255926115298676,21.0,0,-0.33371079084684396,21.494193858804515,20.5,21.5
779.0,21.109868698521993,21.411504626050974,6.257283927437378,21.0,0,-0.4115046260509736,22.18944297809227,20.5,21.5
780.0,21.106898181567775,21.393791466944702,6.258640782099675,21.0,0,-0.3937914669447018,21.216659875881984,20.5,21.5
781.0,21.10392853008788,21.431223949308183,6.259996678252264,21.0,0,-0.4312239493081833,21.805548772943,20.5,21.5
782.0,21.100959743717514,21.456204580274118,6.261351614862573,21.0,0,-0.45620458027411814,21.706010889933467,20.5,21.5
783.0,21.097991822091743,21.386889518708784,6.262705590898755,21.0,0,-0.3868895187087844,20.693738903055447,20.5,21.5
784.0,21.095024764845505,21.325788475609908,6.264058605329701,21.0,0,-0.3257884756099081,20.714778044621145,20.5,21.5
785.0,21.092058571613602,21.409475908732567,6.265410657125032,21.0,0,-0.409475908732567,22.246350239959156,20.5,21.5
786.0,21.089093242030703,21.49898807106586,6.2667617452551,21.0,0,-0.49898807106585963,22.394109694398786,20.5,21.5
787.0,21.086128775731346,21.45323430338776,6.268111868690994,21.0,0,-0.4532343033877595,20.995696626606758,20.5,21.5
788.0,21.08316517234994,21.42963845028639,6.269461026404535,21.0,0,-0.42963845028639014,21.193679919272697,20.5,21.5
789.0,21.08020243152075,21.47858247774159,6.2708092173682815,21.0,0,-0.4785824777415897,21.968022752293585,20.5,21.5
790.0,21.077240552877917,21.34273816543909,6.272156440555528,21.0,1,-0.34273816543909064,19.9842950424141,20.5,21.5
791.0,21.094279536055453,21.27579322614406,6.273502694940304,21.0,1,-0.2757932261440601,20.606343833193755,20.5,21.5
792.0,21.11131538068723,21.30487024531077,6.2748479794973795,21.0,0,-0.3048702453107701,21.59564043697787,20.5,21.5
793.0,21.10834808720699,21.366395861822546,6.276192293202261,21.0,0,-0.36639586182254646,21.98165202694031,20.5,21.5
794.0,21.10538165604819,21.337532804493645,6.277535635031195,21.0,0,-0.33753280449364453,21.048902231204625,20.5,21.5
795.0,21.102416086843988,21.359164419102193,6.27887800396117,21.0,0,-0.35916441910219277,21.575480565187675,20.5,21.5
796.0,21.09945137922741,21.330137388054293,6.280219398969911,21.0,0,-0.33013738805429327,21.0398670775753,20.5,21.5
797.0,21.096487532831357,21.308536486563163,6.2815598190358894,21.0,0,-0.30853648656316324,21.092527471651863,20.5,21.5
798.0,21.0935245472886,21.27005424668922,6.282899263138315,21.0,0,-0.2700542466892202,20.88523184794979,20.5,21.5
799.0,21.09056242223177,21.29175310207151,6.2842377302571455,21.0,0,-0.2917531020715103,21.50874165589441,20.5,21.5
800.0,21.087601157293374,21.346715420380384,6.2855752193730785,21.0,0,-0.3467154203803844,21.896338603469125,20.5,21.5
801.0,21.08464075210579,21.26897876473784,6.286911729467558,21.0,1,-0.26897876473784166,20.491612208312414,20.5,21.5
802.0,21.101681206301265,21.35284889598198,6.288247259522773,21.0,0,-0.35284889598198177,22.191550208423383,20.5,21.5
803.0,21.09871851951191,21.42048305709086,6.28958180852166,21.0,0,-0.4204830570908591,22.096824668179632,20.5,21.5
804.0,21.09575669216971,21.361160875164135,6.290915375447901,21.0,0,-0.36116087516413486,20.767939055896893,20.5,21.5
805.0,21.092795723906367,21.363656419032928,6.292247959285928,21.0,0,-0.3636564190329281,21.38861185772086,20.5,21.5
806.0,21.089835614353444,21.449088412845917,6.293579559020919,21.0,0,-0.44908841284591716,22.303408350975808,20.5,21.5
807.0,21.086876363142377,21.40671409774459,6.2949101736388045,21.0,0,-0.4067140977445902,20.98297094673132,20.5,21.5
808.0,21.083917969904476,21.39243226863102,6.296239802126262,21.0,0,-0.3924322686310191,21.249613977495308,20.5,21.5
809.0,21.08096043427092,21.48227126233306,6.297568443470722,21.0,0,-0.48227126233306095,22.38066119935348,20.5,21.5
810.0,21.07800375587276,21.525476513522513,6.298896096660367,21.0,0,-0.5254765135225128,21.95752902541703,20.5,21.5
811.0,21.07504793434092,21.501672987655688,6.3002227606841315,21.0,0,-0.501672987655688,21.26363772898744,20.5,21.5
812.0,21.072092969306187,21.50612917366134,6.301548434531702,21.0,0,-0.5061291736613391,21.55069103371785,20.5,21.5
813.0,21.06913886039923,21.473239492531103,6.302873117193521,21.0,0,-0.4732394925311034,21.144342681228746,20.5,21.5
814.0,21.066185607250592,21.40073637553867,6.304196807660785,21.0,0,-0.4007363755386706,20.675705205614342,20.5,21.5
815.0,21.063233209490672,21.358564442008795,6.305519504925445,21.0,0,-0.3585644420087952,20.93684510671004,20.5,21.5
816.0,21.06028166674976,21.41054774112896,6.306841207980211,21.0,0,-0.4105477411289584,21.93038073233059,20.5,21.5
817.0,21.057330978658005,21.497013075878293,6.308161915818548,21.0,0,-0.4970130758782929,22.361666423371638,20.5,21.5
818.0,21.054381144845436,21.503255786505505,6.309481627434679,21.0,0,-0.5032557865055054,21.56568289277763,20.5,21.5
819.0,21.051432164941954,21.535197955284172,6.310800341823588,21.0,0,-0.5351979552841719,21.854619643070837,20.5,21.5
820.0,21.048484038577328,21.47534823751709,6.3121180579810146,21.0,0,-0.475348237517089,20.87685105984626,20.5,21.5
821.0,21.045536765381208,21.436559043226985,6.313434774903461,21.0,0,-0.43655904322698547,21.04866710032595,20.5,21.5
822.0,21.04259034498311,21.43224057870689,6.314750491588192,21.0,0,-0.4322405787068888,21.389055933505922,20.5,21.5
823.0,21.03964477701243,21.360426368966223,6.316065207033229,21.0,0,-0.36042636896622327,20.642284271559568,20.5,21.5
824.0,21.036700061098436,21.258283926188746,6.317378920237361,21.0,1,-0.25828392618874574,20.23685949841397,20.5,21.5
825.0,21.053756196870264,21.27946652001375,6.318691630200138,21.0,1,-0.2794665200137487,21.49129245826378,20.5,21.5
826.0,21.07080918395693,21.34298584312067,6.320003335921873,21.0,0,-0.34298584312066893,21.97817907418987,20.5,21.5
827.0,21.06785902278732,21.279657937896626,6.321314036403647,21.0,0,-0.2796579378966264,20.6463788856562,20.5,21.5
828.0,21.064909713790044,21.39692131375606,6.322623730647304,21.0,0,-0.3969213137560601,22.569555072350397,20.5,21.5
829.0,21.061961256593417,21.445006250145294,6.323932417655453,21.0,0,-0.44500625014529405,21.925855614037634,20.5,21.5
830.0,21.05901365082563,21.475853788549816,6.325240096431475,21.0,0,-0.4758537885498164,21.78432917259504,20.5,21.5
831.0,21.05606689611475,21.487212087204615,6.326546765979513,21.0,0,-0.4872120872046146,21.600795073752597,20.5,21.5
832.0,21.053120992088722,21.519036502318706,6.327852425304483,21.0,0,-0.5190365023187056,21.837280653459615,20.5,21.5
833.0,21.050175938375364,21.40718421212964,6.329157073412068,21.0,1,-0.4071842121296392,20.288661310238975,20.5,21.5
834.0,21.067231734602373,21.426836430480655,6.3304607093087215,21.0,0,-0.42683643048065534,21.623358613990817,20.5,21.5
835.0,21.064284380397314,21.449517672158816,6.331763332001668,21.0,0,-0.4495176721588159,21.67633008894042,20.5,21.5
836.0,21.061337876187636,21.380001861897536,6.333064940498905,21.0,0,-0.3800018618975365,20.684843759284743,20.5,21.5
837.0,21.0583922216005,21.272071824752448,6.3343655338091995,21.0,1,-0.27207182475244807,20.192771453301564,20.5,21.5
838.0,21.07544741626294,21.366605026909816,6.335665110942093,21.0,0,-0.36660502690981644,22.3119370484835,20.5,21.5
839.0,21.072499459801875,21.277715252634234,6.3369636709079025,21.0,1,-0.27771525263423413,20.38881750987841,20.5,21.5
840.0,21.089552352644098,21.225830539935977,6.3382612127177165,21.0,1,-0.22583053993597701,20.706983412953406,20.5,21.5
841.0,21.106602094416115,21.23449080333295,6.339557735383401,21.0,1,-0.23449080333294958,21.321093437302675,20.5,21.5
842.0,21.123648685544307,21.284393456456492,6.340853237917598,21.0,0,-0.28439345645649183,21.783419987691914,20.5,21.5
843.0,21.12069212645478,21.27893077042399,6.342147719333726,21.0,0,-0.2789307704239903,21.224303910098975,20.5,21.5
844.0,21.117736417573358,21.4348460192894,6.34344117864598,21.0,0,-0.4348460192893988,22.993998507943484,20.5,21.5
845.0,21.11478155852557,21.43001750304836,6.344733614869336,21.0,0,-0.4300175030483615,21.38173234063799,20.5,21.5
846.0,21.11182754893684,21.444784601445793,6.346025027019547,21.0,0,-0.444784601445793,21.592455585420108,20.5,21.5
847.0,21.108874388432458,21.440573629722987,6.347315414113146,21.0,0,-0.4405736297229872,21.39846391249493,20.5,21.5
848.0,21.105922076637594,21.475511616464594,6.348604775167447,21.0,0,-0.47551161646459406,21.824891483880663,20.5,21.5
849.0,21.1029706131773,21.38927740197327,6.349893109200545,21.0,0,-0.38927740197327054,20.526935257060035,20.5,21.5
850.0,21.100019997676505,21.390193424832944,6.351180415231321,21.0,0,-0.39019342483294395,21.399353653429678,20.5,21.5
851.0,21.097070229760014,21.37593085068105,6.352466692279431,21.0,0,-0.37593085068105125,21.233305109162124,20.5,21.5
852.0,21.094121309052518,21.334677638672815,6.3537519393653215,21.0,0,-0.3346776386728152,20.922145518590455,20.5,21.5
853.0,21.09117323517858,21.27606758211087,6.35503615551022,21.0,0,-0.2760675821108691,20.68996701649141,20.5,21.5
854.0,21.088226007762646,21.31757256847238,6.3563193397361415,21.0,0,-0.3175725684723787,21.732622432087474,20.5,21.5
855.0,21.085279626429042,21.325948605764676,6.357601491065884,21.0,0,-0.3259486057646761,21.40970897868765,20.5,21.5
856.0,21.082334090801968,21.340853298301163,6.358882608523033,21.0,0,-0.3408532983011625,21.489900223666027,20.5,21.5
857.0,21.079389400505512,21.348182325996774,6.360162691131963,21.0,0,-0.348182325996774,21.42147260295289,20.5,21.5
858.0,21.076445555163637,21.399552896209066,6.361441737917835,21.0,0,-0.399552896209066,21.913258598331986,20.5,21.5
859.0,21.07350255440019,21.36437907049991,6.3627197479066,21.0,0,-0.36437907049991125,21.012640813408364,20.5,21.5
860.0,21.07056039783889,21.343735516545696,6.363996720124997,21.0,0,-0.3437355165456957,21.13729997700354,20.5,21.5
861.0,21.067619085103345,21.386657959575704,6.365272653600556,21.0,0,-0.3866579595757038,21.815882389875785,20.5,21.5
862.0,21.064678615817044,21.44763435300016,6.3665475473615984,21.0,0,-0.4476343530001614,22.057398287244737,20.5,21.5
863.0,21.061738989603352,21.368772461925374,6.367821400437236,21.0,0,-0.3687724619253743,20.580153551177503,20.5,21.5
864.0,21.058800206085518,21.37243739629612,6.3690942118573775,21.0,0,-0.37243739629612094,21.409086740003588,20.5,21.5
865.0,21.055862264886674,21.357673658772363,6.370365980652718,21.0,0,-0.357673658772363,21.210036283534784,20.5,21.5
866.0,21.052925165629826,21.231622865217084,6.371636705854753,21.0,1,-0.23162286521708353,19.97111492966429,20.5,21.5
867.0,21.069988907937873,21.234775194013217,6.372906386495767,21.0,1,-0.234775194013217,21.26629848197455,20.5,21.5
868.0,21.087049491433586,21.28795964644007,6.3741750216088455,21.0,0,-0.28795964644006844,21.819804170708583,20.5,21.5
869.0,21.08410691653962,21.3048894856354,6.375442610227868,21.0,0,-0.30488948563539964,21.47418787758871,20.5,21.5
870.0,21.08116518367836,21.343884590386008,6.376709151387508,21.0,0,-0.3438845903860077,21.73383563789209,20.5,21.5
871.0,21.0782242924719,21.361558455608215,6.377974644123241,21.0,0,-0.36155845560821476,21.538297107830285,20.5,21.5
872.0,21.07528424254223,21.3591801739348,6.37923908747134,21.0,0,-0.3591801739347993,21.335397357200645,20.5,21.5
873.0,21.07234503351122,21.282503970283702,6.380502480468874,21.0,0,-0.28250397028370244,20.515741933772734,20.5,21.5
874.0,21.06940666500061,21.301253710665286,6.381764822153716,21.0,0,-0.3012537106652857,21.48875111448112,20.5,21.5
875.0,21.06646913663204,21.247960985645697,6.383026111564538,21.0,0,-0.24796098564569746,20.715033735449815,20.5,21.5
876.0,21.063532448027026,21.28856595396669,6.384286347740813,21.0,0,-0.28856595396668894,21.694615637176604,20.5,21.5
877.0,21.060596598806967,21.268849834475123,6.385545529722816,21.0,0,-0.2688498344751231,21.071688639559465,20.5,21.5
878.0,21.05766158859315,21.248463338171177,6.386803656551626,21.0,0,-0.24846333817117738,21.04459837513172,20.5,21.5
879.0,21.05472741700674,21.211886068506793,6.3880607272691226,21.0,0,-0.21188606850679292,20.84611337186295,20.5,21.5
880.0,21.051794083668796,21.238380047354134,6.3893167409179945,21.0,0,-0.2383800473541342,21.503319835827547,20.5,21.5
881.0,21.048861588200246,21.21613857339478,6.3905716965417305,21.0,0,-0.2161385733947796,20.993723833801234,20.5,21.5
882.0,21.045929930221913,21.21634002196192,6.391825593184628,21.0,0,-0.21634002196191915,21.218354507633315,20.5,21.5
883.0,21.042999109354504,21.241573971613324,6.393078429891791,21.0,0,-0.24157397161332383,21.49391346812737,20.5,21.5
884.0,21.04006912521861,21.16631078920691,6.394330205709129,21.0,1,-0.16631078920691067,20.41367896514278,20.5,21.5
885.0,21.05713997743471,21.228734533469304,6.39558091968336,21.0,0,-0.2287345334693036,21.852971976093233,20.5,21.5
886.0,21.05420766562316,21.18499787635788,6.3968305708620115,21.0,0,-0.18499787635787968,20.74763130524364,20.5,21.5
887.0,21.05127619020421,21.181990707863072,6.39807915829342,21.0,0,-0.18199070786307203,21.151919022914996,20.5,21.5
888.0,21.048345550797826,21.236037706689025,6.39932668102673,21.0,0,-0.23603770668902513,21.776507694948556,20.5,21.5
889.0,21.04541574702387,21.37176487602078,6.400573138111902,21.0,0,-0.3717648760207801,22.72903656933833,20.5,21.5
890.0,21.042486778502088,21.30508863218147,6.401818528599701,21.0,0,-0.3050886321814694,20.638326193788362,20.5,21.5
891.0,21.039558644852107,21.440425054977727,6.403062851541711,21.0,0,-0.44042505497772666,22.7937892829403,20.5,21.5
892.0,21.036631345693444,21.455374466973915,6.404306105990325,21.0,0,-0.4553744669739146,21.604868586935794,20.5,21.5
893.0,21.0337048806455,21.45088390721224,6.40554829099875,21.0,0,-0.4508839072122406,21.4059783095955,20.5,21.5
894.0,21.030779249327573,21.363113270050007,6.406789405621008,21.0,1,-0.3631132700500075,20.485406898427676,20.5,21.5
895.0,21.04785445135883,21.34362983695607,6.408029448911937,21.0,1,-0.34362983695606886,21.148795506016683,20.5,21.5
896.0,21.064926486358342,21.302413913776512,6.409268419927189,21.0,1,-0.30241391377651183,20.89025468198094,20.5,21.5
897.0,21.081995354745057,21.32996149505616,6.410506317723235,21.0,0,-0.32996149505616046,21.605437307852647,20.5,21.5
898.0,21.079061056937654,21.402972977966364,6.411743141357362,21.0,0,-0.402972977966364,22.1330878070684,20.5,21.5
899.0,21.07612759335454,21.4596948817696,6.412978889887674,21.0,0,-0.45969488176960027,22.026913919801963,20.5,21.5
900.0,21.073194963613844,21.588659486524676,6.414213562373095,21.0,0,-0.5886594865246764,22.878305534075437,20.5,21.5
901.0,21.070263167333596,21.56993074387706,6.415447157873368,21.0,0,-0.5699307438770589,21.382643317400884,20.5,21.5
902.0,21.067332204131706,21.55419472471322,6.416679675449058,21.0,0,-0.55419472471322,21.39683453307483,20.5,21.5
903.0,21.06440207362597,21.47206359816235,6.417911114161547,21.0,0,-0.4720635981623502,20.650752332653653,20.5,21.5
904.0,21.061472775434076,21.50913219777738,6.419141473073042,21.0,0,-0.5091321977773795,21.879818193927672,20.5,21.5
905.0,21.058544309173605,21.526890092133904,6.420370751246571,21.0,0,-0.5268900921339039,21.704469035699148,20.5,21.5
906.0,21.05561667446202,21.510646180075547,6.421598947745985,21.0,0,-0.5106461800755469,21.348207059491976,20.5,21.5
907.0,21.052689870916677,21.436303086834364,6.422826061635959,21.0,0,-0.43630308683436425,20.69287215442254,20.5,21.5
908.0,21.049763898154822,21.419643144138796,6.424052091981993,21.0,0,-0.4196431441387958,21.25304371718311,20.5,21.5
909.0,21.046838755793587,21.386762357019773,6.425277037850411,21.0,0,-0.3867623570197729,21.057954485829544,20.5,21.5
910.0,21.04391444345,21.24676294202782,6.426500898308364,21.0,1,-0.24676294202782145,19.846768792108307,20.5,21.5
911.0,21.06099096074097,21.210876893154126,6.427723672423827,21.0,1,-0.2108768931541256,20.852016404417167,20.5,21.5
912.0,21.078064307283306,21.221308018890788,6.428945359265606,21.0,1,-0.2213080188907881,21.325619276257413,20.5,21.5
913.0,21.095134483493702,21.270619956353265,6.430165957903335,21.0,0,-0.27061995635326497,21.763739330978034,20.5,21.5
914.0,21.092201489788582,21.251913862733055,6.4313854674074715,21.0,0,-0.2519138627330548,21.064852926530953,20.5,21.5
915.0,21.089269326584105,21.32794974948603,6.432603886849308,21.0,0,-0.32794974948603084,22.08830861701579,20.5,21.5
916.0,21.08633799349616,21.32050258043967,6.4338212153009655,21.0,0,-0.32050258043966906,21.24603088997605,20.5,21.5
917.0,21.08340749014052,21.367426294606165,6.435037451835394,21.0,0,-0.36742629460616527,21.836663436271127,20.5,21.5
918.0,21.08047781613286,21.353273521741816,6.436252595526378,21.0,0,-0.3532735217418157,21.21174579309832,20.5,21.5
919.0,21.07754897108874,21.37884907986982,6.437466645448531,21.0,0,-0.37884907986981986,21.63460466114986,20.5,21.5
920.0,21.07462095462361,21.266237999293416,6.438679600677302,21.0,1,-0.2662379992934163,20.14012719352938,20.5,21.5
921.0,21.091693766352822,21.3326562084303,6.439891460288973,21.0,0,-0.33265620843030064,21.996838299799144,20.5,21.5
922.0,21.08876340589161,21.308599210090883,6.4411022233606605,21.0,0,-0.30859921009088254,21.0680292266967,20.5,21.5
923.0,21.0858338736551,21.30555732505728,6.442311888970315,21.0,0,-0.30555732505727917,21.275138474721246,20.5,21.5
924.0,21.082905169258165,21.34397327660063,6.443520456196724,21.0,0,-0.3439732766006287,21.728132792034124,20.5,21.5
925.0,21.079977292315554,21.379376435017257,6.444727924119511,21.0,0,-0.3793764350172566,21.733408019183535,20.5,21.5
926.0,21.077050242441913,21.400301759353972,6.445934291819136,21.0,0,-0.4003017593539724,21.60955500272113,20.5,21.5
927.0,21.07412401925179,21.4304357773663,6.4471395583768984,21.0,0,-0.43043577736629857,21.73177595748956,20.5,21.5
928.0,21.071198622359617,21.439373408583535,6.4483437228749345,21.0,0,-0.4393734085835348,21.528749720755897,20.5,21.5
929.0,21.06827405137972,21.338119402354145,6.4495467843962215,21.0,1,-0.3381194023541454,20.32557934006025,20.5,21.5
930.0,21.085350305926323,21.33997093049905,6.450748742024575,21.0,1,-0.3399709304990495,21.35848621194809,20.5,21.5
931.0,21.10242338561354,21.359311388329953,6.451949594844653,21.0,0,-0.359311388329953,21.55271596663899,20.5,21.5
932.0,21.09949329085539,21.405547476748705,6.453149341941952,21.0,0,-0.40554747674870484,21.867908360936223,20.5,21.5
933.0,21.096564022065607,21.43263325899303,6.454347982402814,21.0,0,-0.43263325899302885,21.70349108143627,20.5,21.5
934.0,21.093635578857675,21.478496390078742,6.455545515314421,21.0,0,-0.47849639007874245,21.93712770093588,20.5,21.5
935.0,21.090707960844966,21.47980664602657,6.4567419397648,21.0,0,-0.47980664602657086,21.492909205504855,20.5,21.5
936.0,21.08778116764075,21.493979644591686,6.4579372548428235,21.0,0,-0.4939796445916862,21.63570963024284,20.5,21.5
937.0,21.08485519885819,21.416073199930825,6.459131459638204,21.0,0,-0.4160731999308247,20.63700875332221,20.5,21.5
938.0,21.081930054110344,21.331288589643385,6.460324553241504,21.0,1,-0.3312885896433855,20.483442486768993,20.5,21.5
939.0,21.09900573301017,21.331313844509204,6.461516534744132,21.0,1,-0.33131384450920365,21.331566393167385,20.5,21.5
940.0,21.116078235170516,21.384828725275327,6.4627074032383405,21.0,0,-0.38482872527532663,21.919977532936556,20.5,21.5
941.0,21.11314756100413,21.262490591708257,6.463897157817232,21.0,1,-0.26249059170825717,20.039109256037563,20.5,21.5
942.0,21.130217710923493,21.232231901367165,6.4650857975747575,21.0,1,-0.23223190136716454,20.92964499795624,20.5,21.5
943.0,21.14728468454082,21.257467662910216,6.466273321605715,21.0,0,-0.2574676629102157,21.509825278340728,20.5,21.5
944.0,21.144348482268235,21.218156185487512,6.4674597290057525,21.0,0,-0.21815618548751203,20.825041411260475,20.5,21.5
945.0,21.141413104517582,21.214688661192522,6.468645018871371,21.0,0,-0.21468866119252183,21.18001341824262,20.5,21.5
946.0,21.13847855090045,21.262953158414103,6.46982919029992,21.0,0,-0.2629531584141027,21.74559813062991,20.5,21.5
947.0,21.135544821028333,21.344845737388248,6.471012242389601,21.0,0,-0.34484573738824764,22.163771527129697,20.5,21.5
948.0,21.132611914512605,21.364152963536988,6.472194174239469,21.0,0,-0.3641529635369878,21.55722522502439,20.5,21.5
949.0,21.12967983096455,21.40007400708352,6.47337498494943,21.0,0,-0.40007400708352137,21.759284442548857,20.5,21.5
950.0,21.12674856999535,21.397733914657863,6.474554673620248,21.0,0,-0.3977339146578629,21.374332990401278,20.5,21.5
951.0,21.123818131216076,21.43413750230418,6.475733239353537,21.0,0,-0.43413750230417847,21.798173378767334,20.5,21.5
952.0,21.120888514237702,21.424380892036194,6.476910681251767,21.0,0,-0.42438089203619356,21.326814789356344,20.5,21.5
953.0,21.117959718671106,21.463626772511397,6.478086998418267,21.0,0,-0.4636267725113967,21.85608557726343,20.5,21.5
954.0,21.115031744127055,21.456993976657326,6.479262189957219,21.0,0,-0.45699397665732633,21.390666018116622,20.5,21.5
955.0,21.112104590216223,21.505363904664605,6.4804362549736645,21.0,0,-0.5053639046646055,21.989063184737397,20.5,21.5
956.0,21.109178256549175,21.44827778174018,6.4816091925735,21.0,0,-0.44827778174018107,20.877416552495937,20.5,21.5
957.0,21.10625274273638,21.50892395890386,6.482781001863485,21.0,0,-0.5089239589038606,22.115385730540655,20.5,21.5
958.0,21.103328048388207,21.498153868101966,6.483951681951233,21.0,0,-0.4981538681019657,21.390452960083017,20.5,21.5
959.0,21.10040417311492,21.530896837576396,6.485121231945222,21.0,0,-0.530896837576396,21.8583265323207,20.5,21.5
960.0,21.097481116526687,21.460049675349815,6.486289650954788,21.0,0,-0.4600496753498149,20.751578053084003,20.5,21.5
961.0,21.094558878233574,21.432698416798964,6.487456938090131,21.0,0,-0.4326984167989636,21.15918583129045,20.5,21.5
962.0,21.091637457845547,21.352991562556195,6.4886230924623085,21.0,0,-0.3529915625561948,20.555923020128507,20.5,21.5
963.0,21.08871685497247,21.30994565191776,6.489788113183244,21.0,0,-0.30994565191776147,20.879486545533428,20.5,21.5
964.0,21.085797069224114,21.286625951504394,6.490951999365724,21.0,0,-0.2866259515043943,21.053428947370723,20.5,21.5
965.0,21.08287810021014,21.3424307519074,6.492114750123399,21.0,0,-0.3424307519074006,21.900478755937463,20.5,21.5
966.0,21.079959947540125,21.42983968649678,6.493276364570782,21.0,0,-0.4298396864967806,22.30392903239058,20.5,21.5
967.0,21.077042610823533,21.45890165508025,6.494436841823255,21.0,0,-0.4589016550802505,21.74952134091495,20.5,21.5
968.0,21.074126089669733,21.46351212877656,6.4955961809970635,21.0,0,-0.4635121287765607,21.509616865739662,20.5,21.5
969.0,21.071210383687998,21.376746082925088,6.49675438120932,21.0,0,-0.37674608292508793,20.50908562441036,20.5,21.5
970.0,21.0682954924875,21.29845048951588,6.497911441578005,21.0,0,-0.29845048951587927,20.515494555423793,20.5,21.5
971.0,21.06538141567732,21.34588444514279,6.499067361221965,21.0,0,-0.34588444514279004,21.820224001411898,20.5,21.5
972.0,21.062468152866426,21.309583490541723,6.500222139260919,21.0,0,-0.30958349054172274,20.94657394453105,20.5,21.5
973.0,21.059555703663705,21.373771360851457,6.501375774815453,21.0,0,-0.3737713608514568,22.015650063948797,20.5,21.5
974.0,21.056644067677937,21.505845230738135,6.502528267007023,21.0,0,-0.5058452307381351,22.82658392960492,20.5,21.5
975.0,21.0537332445178,21.56165106825509,6.503679614957955,21.0,0,-0.5616510682550917,22.119709443424657,20.5,21.5
976.0,21.05082323379189,21.469210712168127,6.504829817791449,21.0,0,-0.4692107121681275,20.544807151298485,20.5,21.5
977.0,21.04791403510869,21.463353123000847,6.505978874631575,21.0,0,-0.4633531230008465,21.404777231328037,20.5,21.5
978.0,21.045005648076593,21.42714960425637,6.507126784603276,21.0,0,-0.42714960425637116,21.065114416811618,20.5,21.5
979.0,21.042098072303897,21.34687963993501,6.508273546832369,21.0,0,-0.34687963993501114,20.54417999672141,20.5,21.5
980.0,21.039191307398802,21.310656409272475,6.509419160445544,21.0,0,-0.3106564092724753,20.948424102647117,20.5,21.5
981.0,21.03628535296941,21.36559342536948,6.510563624570367,21.0,0,-0.3655934253694788,21.914963586339514,20.5,21.5
982.0,21.033380208623733,21.430985255979316,6.511706938335279,21.0,0,-0.4309852559793157,22.084903562077685,20.5,21.5
983.0,21.030475873969674,21.282446235671152,6.512849100869596,21.0,1,-0.2824462356711521,19.797056032589516,20.5,21.5
984.0,21.047572348615056,21.31696253193453,6.513990111303513,21.0,0,-0.3169625319345286,21.662125494568294,20.5,21.5
985.0,21.044665632167593,21.292651960745424,6.515129968768099,21.0,0,-0.2926519607454239,21.049546248854377,20.5,21.5
986.0,21.041759725034915,21.202416017146184,6.516268672395304,21.0,1,-0.2024160171461844,20.30005658115379,20.5,21.5
987.0,21.058854626824388,21.190037105084695,6.517406221317956,21.0,1,-0.19003710508469496,21.0662479844698,20.5,21.5
988.0,21.075946337143286,21.283718596866404,6.518542614669761,21.0,0,-0.28371859686640377,22.220533514683492,20.5,21.5
989.0,21.07303485639879,21.342251160106045,6.519677851585308,21.0,0,-0.34225116010604495,21.927576792502457,20.5,21.5
990.0,21.07012418499783,21.363548978738912,6.520811931200062,21.0,0,-0.3635489787389119,21.57652716506758,20.5,21.5
991.0,21.06721432254707,21.41314528436435,6.521944852650374,21.0,0,-0.41314528436435083,21.90910834061874,20.5,21.5
992.0,21.06430526865309,21.385455517493,6.523076615073474,21.0,0,-0.3854555174929999,21.10855784877949,20.5,21.5
993.0,21.061397022922375,21.379227935862225,6.524207217607476,21.0,0,-0.37922793586222525,21.31695211955448,20.5,21.5
994.0,21.05848958496131,21.31410774004432,6.525336659391376,21.0,0,-0.31410774004432085,20.662905781865277,20.5,21.5
995.0,21.0555829543762,21.303159614376746,6.526464939565058,21.0,0,-0.3031596143767459,21.193678357700996,20.5,21.5
996.0,21.052677130773237,21.315179041475183,6.527592057269285,21.0,0,-0.31517904147518294,21.435373312459554,20.5,21.5
997.0,21.049772113758536,21.32162612970892,6.528718011645708,21.0,0,-0.3216261297089211,21.386097012046303,20.5,21.5
998.0,21.046867902938114,21.305213047725847,6.529842801836864,21.0,0,-0.30521304772584656,21.1410822278951,20.5,21.5
999.0,21.043964497917894,21.294967962110455,6.5309664269861765,21.0,0,-0.29496796211045506,21.19251710595654,20.5,21.5
1000.0,21.04106189830371,21.397854961372428,6.532088886237956,21.0,0,-0.3978549613724276,22.426724953992153,20.5,21.5
1001.0,21.038160103701298,21.39182728119291,6.533210178737401,21.0,0,-0.39182728119291,21.331550479397734,20.5,21.5
1002.0,21.035259113716304,21.40261296581003,6.534330303630599,21.0,0,-0.4026129658100288,21.510469811981217,20.5,21.5
1003.0,21.032358927954288,21.42528343989445,6.535449260064525,21.0,0,-0.42528343989445005,21.651988180738662,20.5,21.5
1004.0,21.02945954602071,21.50575379017992,6.536567047187047,21.0,0,-0.5057537901799201,22.31045729303462,20.5,21.5
1005.0,21.026560967520943,21.48534973362109,6.537683664146919,21.0,0,-0.4853497336210886,21.281309168032774,20.5,21.5
1006.0,21.02366319206027,21.42723102269728,6.53879911009379,21.0,0,-0.4272310226972813,20.84604391345921,20.5,21.5
1007.0,21.020766219243875,21.35778243323232,6.539913384178199,21.0,0,-0.3577824332323196,20.663296538582703,20.5,21.5
1008.0,21.017870048676862,21.37121192561202,6.541026485551578,21.0,0,-0.37121192561201966,21.50550684940902,20.5,21.5
1009.0,21.014974679964237,21.25822288816295,6.542138413366253,21.0,1,-0.25822288816295114,20.128332513672266,20.5,21.5
1010.0,21.03208011271092,21.222233464736803,6.54324916677544,21.0,1,-0.22223346473680294,20.86233923047532,20.5,21.5
1011.0,21.049182346521732,21.23307186391033,6.544358744933254,21.0,1,-0.23307186391032886,21.341455855645588,20.5,21.5
1012.0,21.066281381801414,21.222324663584413,6.545467146994702,21.0,1,-0.22232466358441272,21.11485266032525,20.5,21.5
1013.0,21.083377218954453,21.290178017406696,6.546574372115688,21.0,0,-0.2901780174066957,21.968711555629525,20.5,21.5
1014.0,21.080469858385086,21.40159215650972,6.5476804194530125,21.0,0,-0.4015921565097216,22.51573354753998,20.5,21.5
1015.0,21.0775633004973,21.36317622618002,6.548785288164371,21.0,0,-0.36317622618001977,20.979016922883,20.5,21.5
1016.0,21.074657544894833,21.40310986177596,6.54988897740836,21.0,0,-0.40310986177595964,21.80244621773536,20.5,21.5
1017.0,21.071752591181337,21.443262652167117,6.5509914863444685,21.0,0,-0.44326265216711747,21.844790556078696,20.5,21.5
1018.0,21.06884843896037,21.410832197044066,6.552092814133092,21.0,0,-0.4108321970440656,21.086527645813547,20.5,21.5
1019.0,21.065945087835402,21.320040496391876,6.553192959935519,21.0,1,-0.3200404963918757,20.412123489869977,20.5,21.5
1020.0,21.08304253740982,21.34823341926508,6.554291922913942,21.0,0,-0.3482334192650782,21.630162647997103,20.5,21.5
1021.0,21.08013678728692,21.3761202661766,6.555389702231452,21.0,0,-0.3761202661765992,21.65498873529181,20.5,21.5
1022.0,21.07723183786991,21.41107397976426,6.556486297052042,21.0,0,-0.41107397976426086,21.760611115640877,20.5,21.5
1023.0,21.074327688761745,21.421260108705077,6.557581706540608,21.0,0,-0.42126010870507713,21.52312139811324,20.5,21.5
1024.0,21.0714243395653,21.446801644621917,6.5586759298629485,21.0,0,-0.4468016446219174,21.70221700379032,20.5,21.5
1025.0,21.06852178988336,21.46805511883136,6.559768966185763,21.0,0,-0.46805511883135864,21.68058986092577,20.5,21.5
1026.0,21.06562003931862,21.392297845660956,6.560860814676659,21.0,0,-0.3922978456609556,20.634725113956925,20.5,21.5
1027.0,21.062719087473692,21.34786393423798,6.561951474504146,21.0,0,-0.34786393423798145,20.90352482000824,20.5,21.5
1028.0,21.0598189339511,21.30852824583441,6.5630409448376374,21.0,0,-0.30852824583440963,20.91517136179869,20.5,21.5
1029.0,21.056919578353277,21.329309699138815,6.564129224847456,21.0,0,-0.3293096991388147,21.537124232182865,20.5,21.5
1030.0,21.054021020282576,21.25139607755417,6.565216313704828,21.0,1,-0.25139607755416904,20.472259861707713,20.5,21.5
1031.0,21.07112325934126,21.308644365551913,6.566302210581888,21.0,0,-0.3086443655519133,21.881127245529356,20.5,21.5
1032.0,21.06822229513151,21.37471468444385,6.56738691465168,21.0,0,-0.37471468444384826,22.035417873363198,20.5,21.5
1033.0,21.065322128055413,21.36511587518727,6.568470425088152,21.0,0,-0.3651158751872714,21.269127782621503,20.5,21.5
1034.0,21.06242275771482,21.33739110573644,6.569552741066166,21.0,0,-0.33739110573644027,21.06014341122813,20.5,21.5
1035.0,21.059524183711492,21.482897981021825,6.57063386176149,21.0,0,-0.482897981021825,22.937966733875673,20.5,21.5
1036.0,21.0566264056471,21.413080236141205,6.571713786350804,21.0,0,-0.41308023614120515,20.714902787335006,20.5,21.5
1037.0,21.053729423123244,21.414504352411615,6.572792514011698,21.0,0,-0.41450435241161543,21.42874551511572,20.5,21.5
1038.0,21.050833235741422,21.411433208763604,6.573870043922675,21.0,0,-0.41143320876360434,21.380721772283493,20.5,21.5
1039.0,21.047937843103057,21.470959315711745,6.574946375263147,21.0,0,-0.4709593157117453,22.066220385193155,20.5,21.5
1040.0,21.045043244809488,21.339441345289984,6.576021507213444,21.0,1,-0.33944134528998404,20.02426164107237,20.5,21.5
1041.0,21.06214944046197,21.429996853850845,6.577095438954804,21.0,0,-0.4299968538508452,22.335551939459457,20.5,21.5
1042.0,21.05925242966167,21.344117120427534,6.5781681696693814,21.0,1,-0.3441171204275335,20.485319786194417,20.5,21.5
1043.0,21.07635621280967,21.344671796904066,6.5792396985402455,21.0,1,-0.34467179690406624,21.350218561669394,20.5,21.5
1044.0,21.093456789506817,21.347345666188538,6.58031002475138,21.0,1,-0.3473456661885379,21.374084359033255,20.5,21.5
1045.0,21.110554160153868,21.347678956536953,6.581379147487686,21.0,1,-0.3476789565369529,21.351011860021103,20.5,21.5
1046.0,21.127648325151334,21.34478026000208,6.58244706593498,21.0,1,-0.3447802600020786,21.315793294653336,20.5,21.5
1047.0,21.14473928489949,21.37539100153428,6.583513779279994,21.0,0,-0.37539100153427896,21.681498416856282,20.5,21.5
1048.0,21.141827039798365,21.346828325708497,6.584579286710381,21.0,0,-0.346828325708497,21.061201567450677,20.5,21.5
1049.0,21.13891559024775,21.311803873446827,6.58564358741471,21.0,0,-0.31180387344682714,20.96155935083013,20.5,21.5
1050.0,21.136004935847183,21.387837561498124,6.58670668058247,21.0,0,-0.38783756149812376,22.14817444201109,20.5,21.5
1051.0,21.13309507619613,21.398253272233102,6.587768565404069,21.0,0,-0.39825327223310225,21.502410379582887,20.5,21.5
1052.0,21.130186010893972,21.426509521344038,6.588829241070837,21.0,0,-0.4265095213440375,21.70907201245339,20.5,21.5
1053.0,21.12727773954001,21.470249357944443,6.58988870677502,21.0,0,-0.4702493579444429,21.907647723948497,20.5,21.5
1054.0,21.124370261733457,21.460745035542608,6.5909469617097916,21.0,0,-0.46074503554260815,21.36570181152426,20.5,21.5
1055.0,21.121463577073452,21.466746411027444,6.592004005069244,21.0,0,-0.46674641102744374,21.5267601658758,20.5,21.5
1056.0,21.11855768515905,21.50481413563906,6.5930598360483925,21.0,0,-0.5048141356390587,21.88549138175521,20.5,21.5
1057.0,21.115652585589228,21.466499461723476,6.594114453843176,21.0,0,-0.4664994617234761,21.08335272256765,20.5,21.5
1058.0,21.11274827796288,21.51369907939447,6.595167857650457,21.0,0,-0.5136990793944705,21.985695256104414,20.5,21.5
1059.0,21.109844761878815,21.494984706493142,6.596220046668023,21.0,0,-0.49498470649314186,21.307840977479856,20.5,21.5
1060.0,21.106942036935774,21.451787530470984,6.597271020094586,21.0,0,-0.45178753047098397,21.019815770249405,20.5,21.5
1061.0,21.104040102732405,21.36624109381364,6.598320777129784,21.0,0,-0.36624109381363823,20.51077672724018,20.5,21.5
1062.0,21.101138958867285,21.43393538713277,6.599369316974181,21.0,0,-0.43393538713277024,22.11087832032409,20.5,21.5
1063.0,21.098238604938906,21.389100266470898,6.6004166388292695,21.0,0,-0.3891002664708978,20.940749059852173,20.5,21.5
1064.0,21.095339040545685,21.418379989572333,6.601462741897467,21.0,0,-0.41837998957233324,21.711177220586688,20.5,21.5
1065.0,21.092440265285955,21.388915087531075,6.602507625382121,21.0,0,-0.38891508753107473,21.09426606711849,20.5,21.5
1066.0,21.089542278757975,21.379791876902356,6.603551288487508,21.0,0,-0.37979187690235605,21.28855977061517,20.5,21.5
1067.0,21.086645080559922,21.308136197905288,6.6045937304188325,21.0,0,-0.3081361979052879,20.591579407934606,20.5,21.5
1068.0,21.083748670289893,21.395627434827894,6.605634950382229,21.0,0,-0.39562743482789386,22.270539804053954,20.5,21.5
1069.0,21.08085304754591,21.31130173459499,6.606674947584764,21.0,1,-0.31130173459499133,20.468044732265966,20.5,21.5
1070.0,21.09795821192592,21.351286720737868,6.607713721234434,21.0,0,-0.3512867207378676,21.75113658216663,20.5,21.5
1071.0,21.09506016302778,21.4453376764861,6.608751270540169,21.0,0,-0.44533767648610123,22.385847233968438,20.5,21.5
1072.0,21.092162901249285,21.406077131878128,6.609787594711828,21.0,0,-0.4060771318781278,21.013471685798393,20.5,21.5
1073.0,21.089266426187976,21.400963365419216,6.610822692960206,21.0,0,-0.40096336541921573,21.349825700830095,20.5,21.5
1074.0,21.08637073744133,21.491512254477513,6.611856564497032,21.0,0,-0.491512254477513,22.397001145060486,20.5,21.5
1075.0,21.08347583460674,21.57085618528206,6.612889208534965,21.0,0,-0.5708561852820608,22.36429549332754,20.5,21.5
1076.0,21.080581717281525,21.45524781013101,6.613920624287604,21.0,1,-0.45524781013100935,20.299164058620494,20.5,21.5
1077.0,21.097688385062927,21.513631034942083,6.6149508109694795,21.0,0,-0.5136310349420832,22.09746328305282,20.5,21.5
1078.0,21.094791837548108,21.50506120443722,6.615979767796061,21.0,0,-0.5050612044372187,21.419362899388574,20.5,21.5
1079.0,21.09189607513416,21.461376775797614,6.617007493983752,21.0,0,-0.46137677579761416,21.02453248940157,20.5,21.5
1080.0,21.089001097417928,21.39962426605645,6.618033988749895,21.0,0,-0.3996242660564491,20.7820991686448,20.5,21.5
1081.0,21.086106903996193,21.458181572823833,6.619059251312769,21.0,0,-0.45818157282383254,22.043754640497667,20.5,21.5
1082.0,21.083213494465657,21.486649818616264,6.620083280891592,21.0,0,-0.48664981861626444,21.771332276540583,20.5,21.5
1083.0,21.08032086842294,21.43080141152053,6.621106076706521,21.0,0,-0.4308014115205303,20.87231734056319,20.5,21.5
1084.0,21.077429025464596,21.484081568075688,6.622127637978653,21.0,0,-0.4840815680756876,22.01688313362726,20.5,21.5
1085.0,21.074537965187098,21.483646811537287,6.623147963930025,21.0,0,-0.4836468115372874,21.479299246153285,20.5,21.5
1086.0,21.071647687186847,21.46590034500171,6.624167053783612,21.0,0,-0.4659003450017103,21.28843567964594,20.5,21.5
1087.0,21.068758191060166,21.317083605876363,6.6251849067633355,21.0,1,-0.31708360587636264,19.828916214622886,20.5,21.5
1088.0,21.085869476403307,21.188622970423836,6.626201522094055,21.0,1,-0.18862297042383602,19.90401661589857,20.5,21.5
1089.0,21.102977542812447,21.190046966432476,6.627216899001574,21.0,1,-0.19004696643247598,21.204286926518876,20.5,21.5
1090.0,21.120082390683685,21.16648165764494,6.628231036712639,21.0,1,-0.16648165764494038,20.930828569769584,20.5,21.5
1091.0,21.13718402041289,21.23504142266257,6.629243934454938,21.0,0,-0.23504142266256878,21.920639072838853,20.5,21.5
1092.0,21.134282432395697,21.36999478546798,6.630255591457108,21.0,0,-0.3699947854679806,22.7195284135221,20.5,21.5
1093.0,21.13138162702751,21.505648692264273,6.631266006948728,21.0,0,-0.5056486922642733,22.8621877602272,20.5,21.5
1094.0,21.12848160390349,21.472058613370656,6.63227518016032,21.0,0,-0.47205861337065613,21.136157824434484,20.5,21.5
1095.0,21.125582362618744,21.44604932077367,6.633283110323358,21.0,0,-0.4460493207736711,21.18595639480382,20.5,21.5
1096.0,21.122683902768284,21.369775525846443,6.634289796670257,21.0,0,-0.3697755258464426,20.607037576574157,20.5,21.5
1097.0,21.119786223947063,21.29442718520471,6.635295238434383,21.0,0,-0.2944271852047109,20.540943778787394,20.5,21.5
1098.0,21.11688932574996,21.25014957590746,6.636299434850047,21.0,0,-0.2501495759074608,20.80737348293496,20.5,21.5
1099.0,21.113993207771777,21.254173737675796,6.637302385152511,21.0,0,-0.25417373767579576,21.294415355359146,20.5,21.5
1100.0,21.111097869607253,21.353409092272837,6.638304088577984,21.0,0,-0.35340909227283746,22.345762638243254,20.5,21.5
1101.0,21.108203310851046,21.34570072014641,6.639304544363625,21.0,0,-0.34570072014641084,21.268616998882145,20.5,21.5
1102.0,21.10530953109775,21.452954544222823,6.640303751747544,21.0,0,-0.45295454422282333,22.525492784986948,20.5,21.5
1103.0,21.10241652994188,21.532510388911795,6.641301709968801,21.0,0,-0.5325103889117955,22.328068835801517,20.5,21.5
1104.0,21.099524306977887,21.513202266973206,6.6422984182674085,21.0,0,-0.5132022669732059,21.32012104758731,20.5,21.5
1105.0,21.096632861800146,21.46455174102154,6.643293875884327,21.0,0,-0.4645517410215412,20.978046481504894,20.5,21.5
1106.0,21.093742194002964,21.494928097526966,6.6442880820614745,21.0,0,-0.49492809752696587,21.798691662581213,20.5,21.5
1107.0,21.090852303180576,21.462031778371966,6.64528103604172,21.0,0,-0.46203177837196563,21.133068586821963,20.5,21.5
1108.0,21.087963188927148,21.404695998909226,6.646272737068884,21.0,0,-0.4046959989092258,20.831338204281828,20.5,21.5
1109.0,21.085074850836776,21.523369623545005,6.647263184387744,21.0,0,-0.5233696235450047,22.710105869902794,20.5,21.5
1110.0,21.082187288503487,21.422748843107694,6.648252377244031,21.0,1,-0.4227488431076942,20.41654103873459,20.5,21.5
1111.0,21.099300501521235,21.43289499807222,6.649240314884432,21.0,0,-0.4328949980722214,21.534356547717493,20.5,21.5
1112.0,21.096410489483908,21.38097086074722,6.65022699655659,21.0,0,-0.38097086074721886,20.861729487497193,20.5,21.5
1113.0,21.093521252785322,21.42232743285023,6.651212421509103,21.0,0,-0.42232743285023133,21.835893153880356,20.5,21.5
1114.0,21.09063279101907,21.395403319188244,6.6521965889915275,21.0,0,-0.3954033191882438,21.12616218256837,20.5,21.5
1115.0,21.087745103778662,21.504630732928163,6.653179498254377,21.0,0,-0.5046307329281632,22.596904870327357,20.5,21.5
1116.0,21.084858190657556,21.42581018027851,6.654161148549123,21.0,0,-0.4258101802785106,20.637604653781985,20.5,21.5
1117.0,21.081972051249135,21.49110861350985,6.655141539128198,21.0,0,-0.49110861350985147,22.14409294582326,20.5,21.5
1118.0,21.07908668514671,21.47251076621713,6.656120669244989,21.0,0,-0.4725107662171304,21.28653229328992,20.5,21.5
1119.0,21.07620209194353,21.440390605302298,6.657098538153847,21.0,0,-0.4403906053022979,21.119188996153973,20.5,21.5
1120.0,21.073318271232772,21.46713603381002,6.658075145110083,21.0,0,-0.46713603381002144,21.734590318887257,20.5,21.5
1121.0,21.070435222607546,21.498458118674254,6.659050489369968,21.0,0,-0.4984581186742538,21.811678967316578,20.5,21.5
1122.0,21.0675529456609,21.434523641058142,6.6600245701907355,21.0,0,-0.4345236410581421,20.795178864897025,20.5,21.5
1123.0,21.064671439985805,21.370589163442027,6.660997386830578,21.0,0,-0.37058916344202686,20.731244387280874,20.5,21.5
1124.0,21.061790705175174,21.352822874548966,6.6619689385486565,21.0,0,-0.3528228745489663,21.17515998561836,20.5,21.5
1125.0,21.058910740821847,21.281601246266735,6.662939224605091,21.0,0,-0.2816012462667352,20.569384963444424,20.5,21.5
1126.0,21.056031546518604,21.345405052441926,6.663908244260965,21.0,0,-0.3454050524419259,21.983443114193832,20.5,21.5
1127.0,21.053153121858152,21.40071756186095,6.6648759967783295,21.0,0,-0.40071756186095087,21.9538426560512,20.5,21.5
1128.0,21.050275466433135,21.462169782491422,6.665842481420199,21.0,0,-0.46216978249142215,22.076691988796135,20.5,21.5
1129.0,21.04739857983613,21.390960469124728,6.666807697450553,21.0,0,-0.39096046912472815,20.678867335457788,20.5,21.5
1130.0,21.044522461659653,21.452437682232276,6.667771644134336,21.0,0,-0.45243768223227576,22.067209813307752,20.5,21.5
1131.0,21.041647111496147,21.362466001057083,6.668734320737463,21.0,1,-0.3624660010570828,20.462749189305153,20.5,21.5
1132.0,21.058772528937997,21.297189751001635,6.669695726526813,21.0,1,-0.29718975100163547,20.644427250447162,20.5,21.5
1133.0,21.075894713577515,21.323662153763138,6.670655860770234,21.0,0,-0.3236621537631379,21.588386181378162,20.5,21.5
1134.0,21.073013665806954,21.398867747209387,6.671614722736541,21.0,0,-0.3988677472093869,22.150923681671877,20.5,21.5
1135.0,21.07013338601834,21.34328749636466,6.672572311695519,21.0,0,-0.3432874963646597,20.787484987917388,20.5,21.5
1136.0,21.067253873803477,21.392113399525737,6.673528626917923,21.0,0,-0.3921133995257371,21.88037243113651,20.5,21.5
1137.0,21.0643751287541,21.454923099287733,6.674483667675478,21.0,0,-0.45492309928773267,22.08302009690769,20.5,21.5
1138.0,21.061497150461886,21.382880052715112,6.6754374332408775,21.0,0,-0.3828800527151124,20.66244958698891,20.5,21.5
1139.0,21.05861993851844,21.307222895875082,6.676389922887788,21.0,0,-0.307222895875082,20.550651327474778,20.5,21.5
1140.0,21.055743492515315,21.32914587900264,6.677341135890848,21.0,0,-0.32914587900263825,21.5483757102782,20.5,21.5
1141.0,21.052867812043992,21.32097483681476,6.678291071525667,21.0,0,-0.32097483681475936,21.23926441493597,20.5,21.5
1142.0,21.049992896695887,21.313035785060315,6.679239729068827,21.0,0,-0.3130357850603147,21.23364526751587,20.5,21.5
1143.0,21.047118746062363,21.298592911900258,6.680187107797884,21.0,0,-0.2985929119002577,21.154164180299688,20.5,21.5
1144.0,21.04424535973471,21.332769320903857,6.681133206991369,21.0,0,-0.33276932090385714,21.67453341093985,20.5,21.5
1145.0,21.04137273730416,21.284576576183166,6.682078025928785,21.0,0,-0.28457657618316645,20.80264912897626,20.5,21.5
1146.0,21.038500878361887,21.29079109107705,6.6830215638906125,21.0,0,-0.29079109107705037,21.35293624001589,20.5,21.5
1147.0,21.035629782498994,21.328743417249765,6.683963820158306,21.0,0,-0.32874341724976475,21.70826667897691,20.5,21.5
1148.0,21.032759449306525,21.38040608835582,6.684904794014296,21.0,0,-0.38040608835581935,21.897032799416365,20.5,21.5
1149.0,21.029889878375467,21.313414780697105,6.685844484741989,21.0,0,-0.31341478069710504,20.643501704109962,20.5,21.5
1150.0,21.02702106929674,21.321801329082223,6.686782891625771,21.0,0,-0.3218013290822235,21.405666812933408,20.5,21.5
1151.0,21.024153021661206,21.303210067285885,6.687720013951005,21.0,0,-0.3032100672858853,21.117297449322503,20.5,21.5
1152.0,21.021285735059664,21.243581800980696,6.688655851004031,21.0,0,-0.24358180098069582,20.6472991379288,20.5,21.5
1153.0,21.018419209082854,21.26335640766098,6.689590402072167,21.0,0,-0.2633564076609787,21.461102474463807,20.5,21.5
1154.0,21.01555344332145,21.351956947992484,6.690523666443712,21.0,0,-0.351956947992484,22.237962351307537,20.5,21.5
1155.0,21.012688437366076,21.35704267635638,6.691455643407947,21.0,0,-0.35704267635637876,21.407899959995326,20.5,21.5
1156.0,21.009824190807286,21.360014539662604,6.692386332255128,21.0,0,-0.360014539662604,21.389733172724856,20.5,21.5
1157.0,21.006960703235578,21.393915241218576,6.693315732276497,21.0,0,-0.3939152412185756,21.73292225677829,20.5,21.5
1158.0,21.004097974241386,21.297261300450604,6.6942438427642745,21.0,1,-0.2972613004506037,20.330721892770885,20.5,21.5
1159.0,21.02123600341509,21.217731551861664,6.695170663011664,21.0,1,-0.21773155186166449,20.422434065972272,20.5,21.5
1160.0,21.03837079034701,21.25519131890986,6.696096192312852,21.0,0,-0.25519131890985847,21.6297889893918,20.5,21.5
1161.0,21.035502335427402,21.331487796997948,6.697020429963008,21.0,0,-0.3314877969979477,22.09445257787884,20.5,21.5
1162.0,21.03263463904631,21.33120069532265,6.697943375258283,21.0,0,-0.33120069532265006,21.328329678569673,20.5,21.5
1163.0,21.029767700793553,21.41286191644131,6.698865027495816,21.0,0,-0.41286191644131165,22.229474127627928,20.5,21.5
1164.0,21.026901520258892,21.49401902698316,6.699785385973728,21.0,0,-0.49401902698316036,22.305590132401647,20.5,21.5
1165.0,21.024036097032035,21.433168928616304,6.700704449991125,21.0,0,-0.43316892861630407,20.82466794494774,20.5,21.5
1166.0,21.021171430702626,21.265033892641828,6.701622218848103,21.0,1,-0.26503389264182786,19.583683532897066,20.5,21.5
1167.0,21.038307520860254,21.248880137398025,6.702538691845737,21.0,1,-0.24888013739802517,21.08734258496,20.5,21.5
1168.0,21.05544036709445,21.24154198645546,6.703453868286095,21.0,1,-0.24154198645545932,21.1681604770298,20.5,21.5
1169.0,21.07256996979469,21.283869070551493,6.704367747472231,21.0,0,-0.2838690705514928,21.707139911511828,20.5,21.5
1170.0,21.069696329350226,21.29053604793456,6.705280328708184,21.0,0,-0.2905360479345589,21.35720582176522,20.5,21.5
1171.0,21.066823446150096,21.41479471071405,6.706191611298986,21.0,0,-0.4147947107140517,22.65738133850898,20.5,21.5
1172.0,21.063951319783126,21.36674080175946,6.707101594550655,21.0,0,-0.3667408017594589,20.88620171221353,20.5,21.5
1173.0,21.061079949838078,21.31069393099669,6.708010277770198,21.0,0,-0.3106939309966883,20.750225223368982,20.5,21.5
1174.0,21.058209335903666,21.241872919327584,6.708917660265615,21.0,0,-0.2418729193275837,20.553662802636538,20.5,21.5
1175.0,21.055339477568538,21.295619904736007,6.709823741345893,21.0,0,-0.2956199047360073,21.833089758820243,20.5,21.5
1176.0,21.052470374421294,21.203099186288036,6.710728520321013,21.0,1,-0.20309918628803558,20.27789200180832,20.5,21.5
1177.0,21.06960202605047,21.25581373382032,6.711631996501946,21.0,0,-0.2558137338203217,21.782959209143183,20.5,21.5
1178.0,21.06673043204456,21.248018278905146,6.712534169200657,21.0,0,-0.24801827890514616,21.17006372975339,20.5,21.5
1179.0,21.063859592791992,21.33162205759072,6.713435037730099,21.0,0,-0.33162205759072094,22.16765984444647,20.5,21.5
1180.0,21.06098950788098,21.35661811442666,6.714334601404225,21.0,0,-0.35661811442665936,21.606578682786044,20.5,21.5
1181.0,21.058120176899685,21.38599652950493,6.715232859537975,21.0,0,-0.38599652950492924,21.679780680287628,20.5,21.5
1182.0,21.05525159943621,21.382994077753686,6.716129811447289,21.0,0,-0.3829940777536862,21.352969560241256,20.5,21.5
1183.0,21.052383775078614,21.43059983698914,6.717025456449098,21.0,0,-0.4305998369891384,21.90665742934366,20.5,21.5
1184.0,21.049516703414888,21.319755269882712,6.717919793861329,21.0,1,-0.3197552698827124,20.211309598818453,20.5,21.5
1185.0,21.06665038403298,21.253047959424272,6.718812823002906,21.0,1,-0.25304795942427205,20.58597485483987,20.5,21.5
1186.0,21.083780816520772,21.278099552901033,6.719704543193747,21.0,0,-0.2780995529010326,21.528615487668638,20.5,21.5
1187.0,21.080908001266106,21.315556234253023,6.72059495375477,21.0,0,-0.31555623425302315,21.69012304777293,20.5,21.5
1188.0,21.078035938656605,21.305042087447568,6.721484054007887,21.0,0,-0.30504208744756767,21.199900619393013,20.5,21.5
1189.0,21.075164628279676,21.29551170033198,6.722371843276012,21.0,0,-0.2955117003319785,21.200207829176087,20.5,21.5
1190.0,21.072294069722677,21.33616331956647,6.723258320883051,21.0,0,-0.33616331956647016,21.742679511911387,20.5,21.5
1191.0,21.06942426257291,21.377627011848023,6.724143486153917,21.0,0,-0.3776270118480234,21.792263934663556,20.5,21.5
1192.0,21.066555206417625,21.356824024142462,6.725027338414515,21.0,0,-0.35682402414246184,21.148794147086846,20.5,21.5
1193.0,21.063686900844026,21.36462083055725,6.7259098769917545,21.0,0,-0.36462083055725003,21.442588894705132,20.5,21.5
1194.0,21.060819345439256,21.428352625307944,6.726791101213543,21.0,0,-0.4283526253079444,22.065670572814888,20.5,21.5
1195.0,21.05795253979041,21.412434162900627,6.727671010408791,21.0,0,-0.4124341629006274,21.253249538827458,20.5,21.5
1196.0,21.055086483484533,21.373577151540154,6.7285496039074095,21.0,0,-0.3735771515401538,20.985007037935418,20.5,21.5
1197.0,21.052221176108617,21.32591577249263,6.72942688104031,21.0,0,-0.32591577249262826,20.849301982017373,20.5,21.5
1198.0,21.049356617249604,21.35101808510291,6.730302841139409,21.0,0,-0.3510180851029112,21.60204121120574,20.5,21.5
1199.0,21.04649280649438,21.344625185963988,6.731177483537624,21.0,0,-0.34462518596398795,21.280696194574755,20.5,21.5
1200.0,21.04362974342979,21.319988862949486,-13.267949192431123,21.0,0,-0.3199888629494865,21.07362563280447,20.5,21.5
1201.0,21.03676742764262,21.419704291838134,-13.267077187431905,21.0,0,-0.4197042918381335,22.416858580724604,20.5,21.5
1202.0,21.029906658719604,21.39426132322697,-13.266206502128794,21.0,0,-0.3942613232269707,21.139831637115343,20.5,21.5
1203.0,21.023047436087435,21.381675245660777,-13.265337137184854,21.0,0,-0.3816752456607766,21.255814469998835,20.5,21.5
1204.0,21.01618975917278,21.356434626720535,-13.264469093262143,21.0,0,-0.35643462672053516,21.10402843731812,20.5,21.5
1205.0,21.00933362740229,21.358640156858602,-13.263602371021715,21.0,0,-0.35864015685860196,21.38069545823927,20.5,21.5
1206.0,21.00247904020261,21.286916172057623,-13.262736971123617,21.0,0,-0.286916172057623,20.569676324047833,20.5,21.5
1207.0,20.995625997000342,21.346192798507694,-13.26187289422689,21.0,0,-0.346192798507694,21.938959063008404,20.5,21.5
1208.0,20.988774497222096,21.355970483634458,-13.261010140989562,21.0,0,-0.35597048363445793,21.453747334902097,20.5,21.5
1209.0,20.981924540294454,21.35582079549748,-13.260148712068661,21.0,0,-0.355820795497479,21.35432391412769,20.5,21.5
1210.0,20.97507612564398,21.37796543712261,-13.259288608120201,21.0,0,-0.37796543712261155,21.599411853373937,20.5,21.5
1211.0,20.968229252697228,21.39850533888716,-13.258429829799189,21.0,0,-0.39850533888715844,21.603904356532627,20.5,21.5
1212.0,20.961383920880728,21.389920402737047,-13.257572377759622,21.0,0,-0.3899204027370473,21.304071041235936,20.5,21.5
1213.0,20.954540129620998,21.356692444355893,-13.256716252654485,21.0,0,-0.3566924443558932,21.024412860544352,20.5,21.5
1214.0,20.947697878344542,21.30926220273689,-13.255861455135758,21.0,0,-0.309262202736889,20.834959786546847,20.5,21.5
1215.0,20.940857166477844,21.27200300897836,-13.255007985854405,21.0,0,-0.27200300897835916,20.89941107139306,20.5,21.5
1216.0,20.934017993447377,21.273030694314585,-13.254155845460382,21.0,0,-0.2730306943145848,21.28330754767684,20.5,21.5
1217.0,20.927180358679596,21.24620991292375,-13.253305034602626,21.0,0,-0.24620991292374939,20.978002099015395,20.5,21.5
1218.0,20.92034426160094,21.20156005118296,-13.25245555392907,21.0,0,-0.20156005118295894,20.755061433775055,20.5,21.5
1219.0,20.91350970163783,21.318929040271357,-13.25160740408663,21.0,0,-0.3189290402713567,22.492618931155334,20.5,21.5
1220.0,20.906676678216687,21.28593497128633,-13.250760585721208,21.0,0,-0.2859349712863306,20.95599428143607,20.5,21.5
1221.0,20.899845190763898,21.22298919548097,-13.249915099477695,21.0,0,-0.22298919548097018,20.593531437427366,20.5,21.5
1222.0,20.89301523870585,21.201998721870034,-13.249070945999964,21.0,0,-0.20199872187003365,20.99209398576067,20.5,21.5
1223.0,20.886186821468907,21.233047372124744,-13.248228125930876,21.0,0,-0.23304737212474436,21.54353387467185,20.5,21.5
1224.0,20.87935993847943,21.192106367634832,-13.247386639912273,21.0,0,-0.1921063676348318,20.782696322735706,20.5,21.5
1225.0,20.87253458916375,21.229664891592048,-13.246546488584984,21.0,0,-0.22966489159204784,21.60525013116421,20.5,21.5
1226.0,20.865710772948198,21.226657166592553,-13.245707672588821,21.0,0,-0.22665716659255253,21.1965799165976,20.5,21.5
1227.0,20.85888848925909,21.198285387137584,-13.244870192562582,21.0,0,-0.19828538713758448,20.914567592587904,20.5,21.5
1228.0,20.852067737522727,21.14166612266876,-13.24403404914404,21.0,0,-0.14166612266875944,20.57547347798051,20.5,21.5
1229.0,20.845248517165395,21.122970800262355,-13.243199242969954,21.0,0,-0.12297080026235463,20.936017576198307,20.5,21.5
1230.0,20.83843082761337,21.093916268505154,-13.24236577467607,21.0,0,-0.09391626850515422,20.80337095093315,20.5,21.5
1231.0,20.83161466829291,21.082998529630135,-13.241533644897107,21.0,0,-0.08299852963013521,20.973821140879945,20.5,21.5
1232.0,20.824800038630272,21.078920683885503,-13.240702854266768,21.0,0,-0.078920683885503,21.03814222643918,20.5,21.5
1233.0,20.817986938051693,21.138850512024675,-13.239873403417736,21.0,0,-0.1388505120246748,21.738148793416393,20.5,21.5
1234.0,20.8111753659834,21.11717722363524,-13.239045292981675,21.0,0,-0.11717722363524175,20.90044433974091,20.5,21.5
1235.0,20.804365321851606,21.13228180118103,-13.238218523589229,21.0,0,-0.13228180118102983,21.28332757663891,20.5,21.5
1236.0,20.797556805082518,21.09791249970146,-13.237393095870015,21.0,0,-0.09791249970146154,20.75421948490578,20.5,21.5
1237.0,20.790749815102327,21.106013935981668,-13.236569010452635,21.0,0,-0.10601393598166808,21.187028298783734,20.5,21.5
1238.0,20.783944351337215,21.055874123963832,-13.235746267964664,21.0,0,-0.05587412396383229,20.554476003785474,20.5,21.5
1239.0,20.777140413213356,20.94585818792393,-13.234924869032657,21.0,1,0.054141812076071716,19.84569882752489,20.5,21.5
1240.0,20.790338000156908,20.964763830603648,-13.234104814282146,21.0,1,0.035236169396352324,21.15382025740084,20.5,21.5
1241.0,20.80353311159402,20.950065354975035,-13.233286104337637,21.0,1,0.04993464502496536,20.803080598688904,20.5,21.5
1242.0,20.816725747750834,21.01653319853198,-13.232468739822613,21.0,0,-0.016533198531980986,21.681211634101444,20.5,21.5
1243.0,20.80991590885332,21.065882663730427,-13.231652721359534,21.0,0,-0.06588266373042728,21.55937731571489,20.5,21.5
1244.0,20.803107595127276,21.091972420562268,-13.230838049569833,21.0,0,-0.09197242056226784,21.352869988880673,20.5,21.5
1245.0,20.796300805998335,20.994508847403115,-13.230024725073918,21.0,1,0.005491152596885485,20.01987311581158,20.5,21.5
1246.0,20.809495540892122,21.017425609207635,-13.229212748491168,21.0,1,-0.017425609207634807,21.246593227252838,20.5,21.5
1247.0,20.822687799234245,20.981717605313936,-13.228402120439943,21.0,1,0.018282394686064407,20.624637566376943,20.5,21.5
1248.0,20.835877581250312,20.980399919436454,-13.227592841537572,21.0,1,0.019600080563545674,20.96722306066164,20.5,21.5
1249.0,20.849064887165753,21.06405334033554,-13.226784912400351,21.0,0,-0.06405334033554055,21.900587549326403,20.5,21.5
1250.0,20.84224971720584,21.213077264338292,-13.225978333643557,21.0,0,-0.21307726433829188,22.703316504365805,20.5,21.5
1251.0,20.83543607159567,21.203981375359625,-13.225173105881433,21.0,0,-0.2039813753596249,21.113022485572955,20.5,21.5
1252.0,20.828623949760175,21.206555077410815,-13.224369229727198,21.0,0,-0.20655507741081536,21.23229209792272,20.5,21.5
1253.0,20.821813351124277,21.176693824719752,-13.223566705793035,21.0,0,-0.17669382471975226,20.87808129780912,20.5,21.5
1254.0,20.815004275112894,21.17420237369793,-13.222765534690103,21.0,0,-0.17420237369793057,21.149287863479714,20.5,21.5
1255.0,20.808196721150935,21.1059549279067,-13.221965717028528,21.0,1,-0.10595492790670136,20.42348046999441,20.5,21.5
1256.0,20.8213906886633,21.13520975633709,-13.221167253417406,21.0,1,-0.13520975633709043,21.42775804064098,20.5,21.5
1257.0,20.834582177074882,21.129296314432803,-13.2203701444648,21.0,1,-0.12929631443280343,21.070161895389933,20.5,21.5
1258.0,20.847771186610576,21.1588704057878,-13.219574390777748,21.0,1,-0.15887040578779832,21.454611319337747,20.5,21.5
1259.0,20.860957717495097,21.103020489495282,-13.218779992962245,21.0,1,-0.10302048949528242,20.544521326570123,20.5,21.5
1260.0,20.874141769953006,21.106898656942455,-13.217986951623264,21.0,1,-0.10689865694245526,21.145680331414184,20.5,21.5
1261.0,20.887323344208692,21.060276283632778,-13.21719526736474,21.0,1,-0.060276283632777705,20.594052550536002,20.5,21.5
1262.0,20.900502440486378,21.01299974868963,-13.216404940789573,21.0,1,-0.012999748689630053,20.540234399258154,20.5,21.5
1263.0,20.91367905901012,20.990757354888167,-13.21561597249963,21.0,1,0.009242645111832815,20.76833341687354,20.5,21.5
1264.0,20.92685320000382,20.974610582631513,-13.214828363095748,21.0,1,0.02538941736848699,20.81314286006497,20.5,21.5
1265.0,20.9400248636912,20.959050779397693,-13.214042113177726,21.0,1,0.040949220602307435,20.803452747059488,20.5,21.5
1266.0,20.953194050295824,21.037296092116822,-13.213257223344325,21.0,0,-0.037296092116822166,21.819749219308118,20.5,21.5
1267.0,20.946360760041095,21.05658096808326,-13.212473694193275,21.0,0,-0.056580968083260075,21.24942972774764,20.5,21.5
1268.0,20.939528993150248,21.066784066767323,-13.211691526321264,21.0,0,-0.06678406676732251,21.168815053607947,20.5,21.5
1269.0,20.932698749046352,21.105402915240752,-13.21091072032395,21.0,0,-0.10540291524075229,21.49159139997505,20.5,21.5
1270.0,20.925870027152477,21.1355436305279,-13.21013127679595,21.0,0,-0.13554363052789853,21.43695078339936,20.5,21.5
1271.0,20.919042826891687,21.117787517832248,-13.209353196330845,21.0,0,-0.11778751783224806,20.940226390875743,20.5,21.5
1272.0,20.91221714768704,21.209348582315762,-13.208576479521174,21.0,0,-0.20934858231576214,22.124959227150903,20.5,21.5
1273.0,20.905392988961598,21.18688603786892,-13.207801126958444,21.0,0,-0.18688603786891989,20.962260593400497,20.5,21.5
1274.0,20.898570350138414,21.20416443840812,-13.20702713923312,21.0,0,-0.20416443840812093,21.37694844380013,20.5,21.5
1275.0,20.89174923064054,21.18870458137843,-13.206254516934624,21.0,0,-0.18870458137843116,21.034106011081533,20.5,21.5
1276.0,20.884929629891023,21.232281907425662,-13.205483260651343,21.0,0,-0.23228190742566213,21.668055167897972,20.5,21.5
1277.0,20.878111547312916,21.188082750331866,-13.204713370970623,21.0,0,-0.1880827503318656,20.7460911793939,20.5,21.5
1278.0,20.87129498232926,21.22912725578731,-13.20394484847877,21.0,0,-0.2291272557873114,21.63957231034177,20.5,21.5
1279.0,20.8644799343631,21.173265217512096,-13.203177693761042,21.0,0,-0.17326521751209611,20.614644834759943,20.5,21.5
1280.0,20.857666402837474,21.195232804841382,-13.202411907401666,21.0,0,-0.19523280484138184,21.41490867813424,20.5,21.5
1281.0,20.850854387175424,21.194701486526913,-13.20164748998382,21.0,0,-0.19470148652691321,21.189388303382227,20.5,21.5
1282.0,20.84404388679999,21.17378946010144,-13.200884442089638,21.0,0,-0.17378946010143892,20.964669195846696,20.5,21.5
1283.0,20.837234901134213,21.13231675435092,-13.20012276430022,21.0,0,-0.13231675435092072,20.71758969684574,20.5,21.5
1284.0,20.830427429601126,21.206250196899827,-13.199362457195612,21.0,0,-0.20625019689982693,21.94558462238889,20.5,21.5
1285.0,20.823621471623767,21.229933105062294,-13.198603521354825,21.0,0,-0.22993310506229392,21.466762186686964,20.5,21.5
1286.0,20.81681702662517,21.128461663449155,-13.197845957355817,21.0,1,-0.12846166344915488,20.113747247317765,20.5,21.5
1287.0,20.830014094028375,21.133076956217785,-13.197089765775509,21.0,1,-0.13307695621778493,21.179229883904085,20.5,21.5
1288.0,20.843208673256413,21.184674563905155,-13.196334947189772,21.0,0,-0.1846745639051548,21.700650640778854,20.5,21.5
1289.0,20.836400764532325,21.203525346268016,-13.195581502173436,21.0,0,-0.203525346268016,21.392033169896628,20.5,21.5
1290.0,20.829594368078983,21.134032945738344,-13.19482943130028,21.0,1,-0.134032945738344,20.439108940441624,20.5,21.5
1291.0,20.842789483319105,21.07331755837368,-13.194078735143037,21.0,1,-0.07331755837368092,20.46616368472705,20.5,21.5
1292.0,20.855982109675413,21.128836834539054,-13.193329414273398,21.0,0,-0.12883683453905448,21.68402959619279,20.5,21.5
1293.0,20.849172247370625,21.04939712205284,-13.192581469262002,21.0,1,-0.049397122052841524,20.254999997190712,20.5,21.5
1294.0,20.862363896627297,21.115268084349417,-13.191834900678444,21.0,0,-0.11526808434941671,21.77397770731517,20.5,21.5
1295.0,20.855553056867837,21.15130773716469,-13.191089709091264,21.0,0,-0.15130773716468937,21.511704265317416,20.5,21.5
1296.0,20.848743728314645,21.22980505388907,-13.19034589506796,21.0,0,-0.2298050538890699,22.014778221132875,20.5,21.5
1297.0,20.841935910389967,21.15847153282139,-13.18960345917498,21.0,1,-0.15847153282139104,20.445136322144602,20.5,21.5
1298.0,20.855129602516055,21.19905752324766,-13.18886240197772,21.0,0,-0.19905752324766013,21.60491742751035,20.5,21.5
1299.0,20.848320804115154,21.04606677359847,-13.188122724040529,21.0,1,-0.04606677359846856,19.516159277106553,20.5,21.5
1300.0,20.861513515409523,21.025899946421067,-13.1873844259267,21.0,1,-0.025899946421066744,20.82423167464705,20.5,21.5
1301.0,20.874703735821257,21.10571431609151,-13.186647508198483,21.0,0,-0.10571431609151105,21.903858012795954,20.5,21.5
1302.0,20.867891465572452,21.094028766721145,-13.18591197141707,21.0,0,-0.09402876672114502,20.977173273017485,20.5,21.5
1303.0,20.861080704885055,21.079602341748174,-13.185177816142605,21.0,0,-0.07960234174817415,20.935338092018466,20.5,21.5
1304.0,20.85427145318085,21.11093259275415,-13.184445042934183,21.0,0,-0.1109325927541498,21.424235102813906,20.5,21.5
1305.0,20.847463709881627,21.0395784783179,-13.183713652349837,21.0,1,-0.039578478317899624,20.326037333955398,20.5,21.5
1306.0,20.86065747440918,20.995371394712098,-13.182983644946557,21.0,1,0.004628605287901877,20.553300558654083,20.5,21.5
1307.0,20.87384874618531,21.050240805282765,-13.182255021280273,21.0,0,-0.05024080528276542,21.59893491098944,20.5,21.5
1308.0,20.867037525431815,21.13374697162958,-13.181527781905864,21.0,0,-0.1337469716295807,21.968808635097734,20.5,21.5
1309.0,20.860227812370347,21.161983377831955,-13.180801927377154,21.0,0,-0.16198337783195527,21.4443474398557,20.5,21.5
1310.0,20.8534196064224,21.210016763607218,-13.180077458246913,21.0,0,-0.21001676360721788,21.690350621359844,20.5,21.5
1311.0,20.846612907009465,21.22584199351483,-13.179354375066858,21.0,0,-0.22584199351483036,21.384094292590955,20.5,21.5
1312.0,20.83980771355305,21.19987210603779,-13.178632678387647,21.0,0,-0.19987210603779104,20.940173231267398,20.5,21.5
1313.0,20.83300402547466,21.131655425082794,-13.17791236875888,21.0,1,-0.13165542508279415,20.449488615532825,20.5,21.5
1314.0,20.846201842195814,21.214187634060238,-13.17719344672911,21.0,0,-0.214187634060238,22.039509723834676,20.5,21.5
1315.0,20.839397163138027,21.210519579335116,-13.176475912845824,21.0,0,-0.21051957933511645,21.1738390320839,20.5,21.5
1316.0,20.83259398852283,21.196051232599928,-13.175759767655453,21.0,0,-0.19605123259992752,21.051367765248038,20.5,21.5
1317.0,20.825792317771594,21.143394497862282,-13.175045011703379,21.0,0,-0.14339449786228187,20.616827150485825,20.5,21.5
1318.0,20.8189921503057,21.169753588088078,-13.174331645533915,21.0,0,-0.16975358808807783,21.433344490346038,20.5,21.5
1319.0,20.812193485546533,21.124276752756618,-13.173619669690321,21.0,0,-0.12427675275661798,20.66950839944202,20.5,21.5
1320.0,20.805396322915485,21.11733221845761,-13.1729090847148,21.0,0,-0.11733221845760866,21.047886875467515,20.5,21.5
1321.0,20.79860066183396,21.165884106805894,-13.172199891148487,21.0,0,-0.16588410680589405,21.651402990288748,20.5,21.5
1322.0,20.79180650172336,21.255760065149637,-13.171492089531473,21.0,0,-0.25576006514963723,22.15451964858707,20.5,21.5
1323.0,20.78501384200511,21.218731566925815,-13.170785680402773,21.0,0,-0.21873156692581475,20.84844658468759,20.5,21.5
1324.0,20.77822268210063,21.159346763153167,-13.17008066430035,21.0,0,-0.15934676315316665,20.565498725426686,20.5,21.5
1325.0,20.77143302143135,21.169825427900008,-13.169377041761106,21.0,0,-0.1698254279000082,21.274612075368424,20.5,21.5
1326.0,20.76464485941871,21.100564910707128,-13.168674813320878,21.0,1,-0.10056491070712781,20.407959738778324,20.5,21.5
1327.0,20.77785819548416,21.06814044348079,-13.167973979514445,21.0,1,-0.06814044348078951,20.743895771217407,20.5,21.5
1328.0,20.79106902904916,21.0164141612821,-13.167274540875521,21.0,1,-0.016414161282099826,20.499151339295203,20.5,21.5
1329.0,20.804277360335178,20.97329354043844,-13.16657649793676,21.0,1,0.02670645956155937,20.54208733200185,20.5,21.5
1330.0,20.81748318956352,20.95752190732727,-13.165879851229752,21.0,1,0.04247809267273084,20.799805576215554,20.5,21.5
1331.0,20.830686516955364,21.01972295573841,-13.165184601285024,21.0,0,-0.019722955738409098,21.64173343984981,20.5,21.5
1332.0,20.823887342731716,20.993820419072794,-13.164490748632037,21.0,0,0.006179580927206274,20.73479505241664,20.5,21.5
1333.0,20.817089667113443,20.99559378859464,-13.163798293799193,21.0,0,0.004406211405360239,21.0133274838131,20.5,21.5
1334.0,20.81029348952126,21.03389017728511,-13.163107237313826,21.0,0,-0.03389017728510879,21.4168540641898,20.5,21.5
1335.0,20.803498809375892,21.09106039311873,-13.162417579702204,21.0,0,-0.09106039311873104,21.662762551454954,20.5,21.5
1336.0,20.796705626098078,21.078138981987998,-13.161729321489531,21.0,0,-0.07813898198799762,20.948924870680663,20.5,21.5
1337.0,20.78991393910856,21.027173284447592,-13.161042463199948,21.0,0,-0.02717328444759204,20.517516309043536,20.5,21.5
1338.0,20.783123747828096,21.099193792538642,-13.160357005356525,21.0,0,-0.09919379253864236,21.819398873449146,20.5,21.5
1339.0,20.77633505167746,21.027179737506128,-13.15967294848127,21.0,1,-0.027179737506127566,20.30703918718098,20.5,21.5
1340.0,20.78954785007743,21.051799913749033,-13.158990293095119,21.0,1,-0.05179991374903281,21.298001676178085,20.5,21.5
1341.0,20.802758142448795,20.994789362249712,-13.158309039717947,21.0,1,0.005210637750288072,20.424683847256503,20.5,21.5
1342.0,20.81596592901236,21.03005342792664,-13.157629188868558,21.0,1,-0.030053427926638676,21.382694084695906,20.5,21.5
1343.0,20.829171209988786,21.04681431788789,-13.156950741064685,21.0,1,-0.0468143178878897,21.2144232175004,20.5,21.5
1344.0,20.842373985598574,21.167279042792067,-13.156273696823,21.0,0,-0.1672790427920674,22.371926291833844,20.5,21.5
1345.0,20.83557425606209,21.111696526390894,-13.155598056659096,21.0,0,-0.11169652639089378,20.555871362379158,20.5,21.5
1346.0,20.828776021599545,21.10644493731924,-13.154923821087507,21.0,0,-0.10644493731923887,21.05392904660269,20.5,21.5
1347.0,20.82197928163101,21.19694632807866,-13.15425099062169,21.0,0,-0.19694632807865986,22.10196023567287,20.5,21.5
1348.0,20.815184035576557,21.18887191358258,-13.153579565774038,21.0,0,-0.18887191358258093,21.10812776862179,20.5,21.5
1349.0,20.808390282856287,21.14694660307915,-13.152909547055867,21.0,0,-0.14694660307915086,20.72769349804485,20.5,21.5
1350.0,20.801598022890303,21.15162204695687,-13.152240934977426,21.0,0,-0.1516220469568701,21.198376485734062,20.5,21.5
1351.0,20.79480725509873,21.11333848594664,-13.151573730047893,21.0,0,-0.11333848594664175,20.73050287584436,20.5,21.5
1352.0,20.7880179789017,21.036892640065936,-13.150907932775374,21.0,1,-0.03689264006593618,20.27243418125888,20.5,21.5
1353.0,20.801230193719363,21.059288406094595,-13.150243543666901,21.0,1,-0.05928840609459485,21.28324606638118,20.5,21.5
1354.0,20.814439898971884,21.06307475405322,-13.149580563228437,21.0,1,-0.06307475405321838,21.100938233639454,20.5,21.5
1355.0,20.827647094879445,21.10450064171622,-13.148918991964868,21.0,0,-0.10450064171622131,21.51875951834625,20.5,21.5
1356.0,20.820851781662075,21.17976163987635,-13.14825883038001,21.0,0,-0.1797616398763502,21.93237162147764,20.5,21.5
1357.0,20.814057959539667,21.194435168754975,-13.147600078976607,21.0,0,-0.1944351687549748,21.34117045754122,20.5,21.5
1358.0,20.807265627931965,21.0906738792047,-13.146942738256325,21.0,1,-0.09067387920470082,20.05306098370196,20.5,21.5
1359.0,20.82047478625873,21.11188913745423,-13.146286808719758,21.0,1,-0.11188913745423079,21.32404171994953,20.5,21.5
1360.0,20.833681433939734,21.048217311301634,-13.145632290866425,21.0,1,-0.048217311301634425,20.41149904977567,20.5,21.5
1361.0,20.846885571194772,21.073498582328636,-13.14497918519477,21.0,1,-0.07349858232863582,21.32631129259865,20.5,21.5
1362.0,20.860087198243495,21.07428694609559,-13.14432749220216,21.0,1,-0.07428694609559017,21.082170583765134,20.5,21.5
1363.0,20.873286315305407,21.21665491757081,-13.143677212384889,21.0,0,-0.21665491757081057,22.640334632323015,20.5,21.5
1364.0,20.866482922599868,21.18872095176103,-13.143028346238173,21.0,0,-0.18872095176103088,20.909381293663234,20.5,21.5
1365.0,20.859681020346102,21.2573375120159,-13.142380894256151,21.0,0,-0.2573375120159014,21.943503114564606,20.5,21.5
1366.0,20.852880607963183,21.330601652601263,-13.141734856931887,21.0,0,-0.3306016526012634,22.063243058454884,20.5,21.5
1367.0,20.846081684870203,21.37252069464383,-13.141090234757367,21.0,0,-0.3725206946438284,21.79171111506948,20.5,21.5
1368.0,20.839284250486276,21.348319596816175,-13.140447028223498,21.0,0,-0.3483195968161752,21.106308618539643,20.5,21.5
1369.0,20.832488304230534,21.324204492403204,-13.139805237820108,21.0,0,-0.32420449240320437,21.083053448273496,20.5,21.5
1370.0,20.825693845522125,21.289663416939135,-13.139164864035951,21.0,0,-0.2896634169391348,20.94425266229844,20.5,21.5
1371.0,20.818900873780212,21.2322615957446,-13.138525907358698,21.0,0,-0.2322615957445997,20.65824338379925,20.5,21.5
1372.0,20.812109388423984,21.21551006923871,-13.137888368274943,21.0,0,-0.21551006923871086,21.047994804179822,20.5,21.5
1373.0,20.805319388872643,21.13971718758258,-13.137252247270201,21.0,1,-0.13971718758257978,20.38178837102127,20.5,21.5
1374.0,20.818530874545417,21.16844628182873,-13.136617544828901,21.0,1,-0.16844628182872867,21.455737224290218,20.5,21.5
1375.0,20.83173984486154,21.14466365419389,-13.135984261434404,21.0,1,-0.1446636541938915,20.90683737784552,20.5,21.5
1376.0,20.84494630004028,21.215168911694164,-13.135352397568976,21.0,0,-0.21516891169416397,21.92022148669689,20.5,21.5
1377.0,20.83815024030076,21.17269255988439,-13.134721953713811,21.0,0,-0.17269255988438914,20.74792904178664,20.5,21.5
1378.0,20.831355665861956,21.22085607347094,-13.134092930349022,21.0,0,-0.22085607347094083,21.702491209336458,20.5,21.5
1379.0,20.824562576142714,21.172728253897713,-13.133465327953635,21.0,0,-0.17272825389771285,20.691450058165433,20.5,21.5
1380.0,20.817770970561895,21.202407022576562,-13.132839147005598,21.0,0,-0.20240702257656196,21.499194709365053,20.5,21.5
1381.0,20.81098084853838,21.11119788492737,-13.132214387981772,21.0,1,-0.11119788492737115,20.199106508435463,20.5,21.5
1382.0,20.824192209491077,21.170967652045334,-13.13159105135794,21.0,0,-0.17096765204533426,21.768665323224965,20.5,21.5
1383.0,20.817401052838907,21.164961186935805,-13.130969137608803,21.0,0,-0.16496118693580542,21.104896535840517,20.5,21.5
1384.0,20.810611378800818,21.161182709264605,-13.13034864720797,21.0,0,-0.16118270926460454,21.123397932552596,20.5,21.5
1385.0,20.803823186795615,21.109258906459992,-13.129729580627977,21.0,0,-0.10925890645999203,20.590020878413867,20.5,21.5
1386.0,20.79703647624213,21.065005587952236,-13.129111938340266,21.0,0,-0.06500558795223554,20.62247240287467,20.5,21.5
1387.0,20.790251246559215,21.07281689906265,-13.128495720815199,21.0,0,-0.07281689906265143,21.15093001016681,20.5,21.5
1388.0,20.78346749716574,21.054412281728652,-13.127880928522053,21.0,0,-0.05441228172865209,20.87036610838866,20.5,21.5
1389.0,20.776685227480606,21.09221970623344,-13.12726756192902,21.0,0,-0.09221970623343978,21.470293951281317,20.5,21.5
1390.0,20.769904436922722,21.128810626262997,-13.126655621503204,21.0,0,-0.12881062626299666,21.494719826558566,20.5,21.5
1391.0,20.76312512491104,21.132837435159168,-13.126045107710626,21.0,0,-0.13283743515916768,21.173105524120878,20.5,21.5
1392.0,20.756347290864515,21.085017687281358,-13.125436021016217,21.0,0,-0.08501768728135772,20.606820208503258,20.5,21.5
1393.0,20.74957093420214,21.03483888179266,-13.124828361883823,21.0,0,-0.03483888179265904,20.533050826905672,20.5,21.5
1394.0,20.74279605434292,20.968264180483907,-13.124222130776204,21.0,1,0.0317358195160935,20.30251716739638,20.5,21.5
1395.0,20.756022650705898,20.881925086819184,-13.123617328155031,21.0,1,0.11807491318081631,20.018534150171956,20.5,21.5
1396.0,20.769246722710125,20.862563365631836,-13.12301395448089,21.0,1,0.13743663436816433,20.668946153758355,20.5,21.5
1397.0,20.782468270574686,20.831989195898313,-13.122412010213269,21.0,1,0.16801080410168723,20.526247498563084,20.5,21.5
1398.0,20.79568729451853,20.885505206330375,-13.121811495810583,21.0,1,0.11449479366962478,21.420665310651,20.5,21.5
1399.0,20.808903794760464,20.919546295428482,-13.121212411730143,21.0,1,0.0804537045715179,21.25995718640955,20.5,21.5
1400.0,20.822117771519167,20.972529600424725,-13.120614758428182,21.0,0,0.027470399575275195,21.502362650387152,20.5,21.5
1401.0,20.815329225013176,21.03880737883859,-13.12001853635984,21.0,0,-0.03880737883859098,21.701585162977253,20.5,21.5
1402.0,20.808542155460902,21.039756935766253,-13.119423745979162,21.0,0,-0.03975693576625261,21.04925250504287,20.5,21.5
1403.0,20.801756562280612,21.0885746792808,-13.11883038773911,21.0,0,-0.08857467928079998,21.576752114426274,20.5,21.5
1404.0,20.794972444890607,21.175828919107182,-13.118238462091549,21.0,0,-0.17582891910718246,22.048371317371007,20.5,21.5
1405.0,20.788189802709212,21.188904295100162,-13.117647969487258,21.0,0,-0.18890429510016205,21.319658055029958,20.5,21.5
1406.0,20.781408635154772,21.135433606334512,-13.117058910375924,21.0,0,-0.1354336063345123,20.600726718678015,20.5,21.5
1407.0,20.774628941645666,21.150439959027086,-13.116471285206138,21.0,0,-0.15043995902708573,21.30050348595282,20.5,21.5
1408.0,20.767850721600297,21.084607527035356,-13.115885094425407,21.0,1,-0.0846075270353559,20.426283207118058,20.5,21.5
1409.0,20.781073974437092,21.014389909365796,-13.115300338480136,21.0,1,-0.014389909365796427,20.3122137326702,20.5,21.5
1410.0,20.794294699574507,21.00900642951911,-13.114717017815643,21.0,1,-0.009006429519111236,20.95517163105226,20.5,21.5
1411.0,20.807512897231028,21.027471121798417,-13.114135132876154,21.0,1,-0.02747112179841693,21.212118044591474,20.5,21.5
1412.0,20.820728567625007,21.1228863206185,-13.113554684104798,21.0,0,-0.12288632061849825,22.07703830881931,20.5,21.5
1413.0,20.81394171097466,21.20795168689091,-13.112975671943612,21.0,0,-0.2079516868909117,22.058605349615046,20.5,21.5
1414.0,20.807156327498078,21.314417700879563,-13.112398096833541,21.0,0,-0.314417700879563,22.379077840766076,20.5,21.5
1415.0,20.80037241661321,21.40815437399621,-13.111821959214431,21.0,0,-0.40815437399621146,22.345521105162696,20.5,21.5
1416.0,20.793589977738044,21.472524366125384,-13.111247259525037,21.0,0,-0.4725243661253842,22.11622428741711,20.5,21.5
1417.0,20.786809010290593,21.39975461261924,-13.11067399820302,21.0,0,-0.3997546126192404,20.672057077557803,20.5,21.5
1418.0,20.780029513688895,21.285063320490632,-13.110102175684938,21.0,1,-0.2850633204906323,20.13815039920455,20.5,21.5
1419.0,20.79325148735102,21.211350384533905,-13.109531792406264,21.0,1,-0.21135038453390464,20.474221024966628,20.5,21.5
1420.0,20.80647093069507,21.152544386832307,-13.108962848801367,21.0,1,-0.1525443868323073,20.564484409816334,20.5,21.5
1421.0,20.81968784393917,21.159730091069417,-13.108395345303522,21.0,1,-0.1597300910694166,21.23158713344051,20.5,21.5
1422.0,20.83290222730132,21.174502328266215,-13.107829282344909,21.0,1,-0.1745023282662146,21.322224700234194,20.5,21.5
1423.0,20.846114080999392,21.229981325083937,-13.10726466035661,21.0,0,-0.2299813250839371,21.784771293261162,20.5,21.5
1424.0,20.839323405251122,21.210506567069864,-13.106701479768606,21.0,0,-0.2105065670698636,21.01575898692913,20.5,21.5
1425.0,20.832534200274118,21.199181780345416,-13.10613974100979,21.0,0,-0.19918178034541612,21.08593391310094,20.5,21.5
1426.0,20.82574646548586,21.107320439190623,-13.105579444507942,21.0,1,-0.10732043919062306,20.188707027642693,20.5,21.5
1427.0,20.838960200303863,21.076220131568252,-13.105020590689758,21.0,1,-0.07622013156825247,20.765217055344547,20.5,21.5
1428.0,20.852171404145665,21.06339843428612,-13.10446317998083,21.0,1,-0.06339843428612113,20.935181461464808,20.5,21.5
1429.0,20.86538007722884,21.051311539678935,-13.103907212805645,21.0,1,-0.05131153967893454,20.93044259360707,20.5,21.5
1430.0,20.87858621977083,21.072939493853504,-13.103352689587602,21.0,1,-0.07293949385350373,21.289219035599196,20.5,21.5
1431.0,20.89178983198896,21.05645920135408,-13.102799610748992,21.0,1,-0.056459201354080335,20.891656276359846,20.5,21.5
1432.0,20.904990914100413,21.09925127872443,-13.102247976711007,21.0,0,-0.09925127872443085,21.527172052427936,20.5,21.5
1433.0,20.89818946632225,21.050692350785422,-13.101697787893743,21.0,0,-0.05069235078542178,20.56510307139533,20.5,21.5
1434.0,20.891389488871408,21.02508930231126,-13.101149044716193,21.0,0,-0.02508930231126172,20.76905881756966,20.5,21.5
1435.0,20.88459098116469,21.054080604258957,-13.100601747596246,21.0,0,-0.054080604258956555,21.343993623735905,20.5,21.5
1436.0,20.877793942618936,21.137251704881013,-13.100055896950696,21.0,0,-0.13725170488101313,21.96896271110158,20.5,21.5
1437.0,20.870998372651023,21.152040031021578,-13.099511493195228,21.0,0,-0.1520400310215777,21.299923292427223,20.5,21.5
1438.0,20.864204270677853,21.275161108110165,-13.098968536744433,21.0,0,-0.27516110811016503,22.50637187899604,20.5,21.5
1439.0,20.857411636116368,21.333917278401515,-13.098427028011793,21.0,0,-0.33391727840151475,21.921478981315012,20.5,21.5
1440.0,20.850620468383543,21.307415133836045,-13.097886967409693,21.0,0,-0.30741513383604513,21.04239368818135,20.5,21.5
1441.0,20.843830766896385,21.28497076538337,-13.09734835534941,21.0,0,-0.2849707653833704,21.060527080856623,20.5,21.5
1442.0,20.837042531071937,21.196935691511154,-13.096811192241123,21.0,1,-0.19693569151115398,20.31658495278899,20.5,21.5
1443.0,20.850255760327276,21.106091799421222,-13.096275478493904,21.0,1,-0.10609179942122182,20.1976528785219,20.5,21.5
1444.0,20.86346645407951,21.095661924463247,-13.095741214515723,21.0,1,-0.09566192446324706,20.9913631748835,20.5,21.5
1445.0,20.87667461254579,21.147662178513556,-13.095208400713442,21.0,0,-0.14766217851355634,21.66766471901665,20.5,21.5
1446.0,20.86988023594314,21.0991782545712,-13.094677037492827,21.0,0,-0.09917825457119989,20.614339015147635,20.5,21.5
1447.0,20.86308732448845,21.145490457742603,-13.09414712525853,21.0,0,-0.1454904577426035,21.60861248945664,20.5,21.5
1448.0,20.8562958775985,21.154063380750767,-13.093618664414105,21.0,0,-0.15406338075076675,21.2397926108324,20.5,21.5
1449.0,20.8495058946901,21.23494639756591,-13.093091655361997,21.0,0,-0.23494639756590985,22.04377656571734,20.5,21.5
1450.0,20.84271737518009,21.256909898670283,-13.092566098503546,21.0,0,-0.25690989867028335,21.47654490971402,20.5,21.5
1451.0,20.835930318485353,21.307796260758273,-13.092041994238986,21.0,0,-0.3077962607582734,21.816659881638174,20.5,21.5
1452.0,20.829144724022807,21.28122317953971,-13.091519342967446,21.0,0,-0.28122317953971177,21.015492367354096,20.5,21.5
1453.0,20.82236059120941,21.29283989091918,-13.090998145086948,21.0,0,-0.29283989091917917,21.409007004713853,20.5,21.5
1454.0,20.81557791946215,21.271177682226742,-13.090478400994405,21.0,0,-0.27117768222674243,21.054555595302375,20.5,21.5
1455.0,20.80879670819806,21.19724402578704,-13.089960111085627,21.0,1,-0.1972440257870396,20.45790746139001,20.5,21.5
1456.0,20.822016956834204,21.22097797131526,-13.089443275755313,21.0,1,-0.22097797131526065,21.45831742659747,20.5,21.5
1457.0,20.835234664787688,21.240657107590494,-13.088927895397056,21.0,1,-0.24065710759049352,21.437448470342822,20.5,21.5
1458.0,20.84844983227565,21.259183194503674,-13.08841397040334,21.0,1,-0.2591831945036738,21.444444063635476,20.5,21.5
1459.0,20.861662459515117,21.17273732922181,-13.087901501165542,21.0,1,-0.1727373292218104,20.308278676403177,20.5,21.5
1460.0,20.87487254672298,21.245685183174672,-13.087390488073929,21.0,0,-0.2456851831746718,21.975163722703286,20.5,21.5
1461.0,20.86808009411602,21.23107892051346,-13.08688093151766,21.0,0,-0.23107892051346113,21.085016293901354,20.5,21.5
1462.0,20.861289101910895,21.218732507905514,-13.086372831884784,21.0,0,-0.21873250790551424,21.095268381826045,20.5,21.5
1463.0,20.854499569524137,21.120857325459465,-13.085866189562243,21.0,1,-0.1208573254594647,20.14210550099897,20.5,21.5
1464.0,20.86771149637232,21.14235254364082,-13.085361004935866,21.0,1,-0.1423525436408184,21.357304725454355,20.5,21.5
1465.0,20.880920881872058,21.0396468542012,-13.084857278390372,21.0,1,-0.03964685420120162,20.012589959805034,20.5,21.5
1466.0,20.894127726240004,20.99036613128083,-13.08435501030937,21.0,1,0.00963386871917038,20.49755890207711,20.5,21.5
1467.0,20.907332029692693,21.022211673502667,-13.083854201075361,21.0,1,-0.022211673502667395,21.340667095721045,20.5,21.5
1468.0,20.92053379244654,21.080239807740288,-13.083354851069734,21.0,0,-0.08023980774028772,21.66052115011649,20.5,21.5
1469.0,20.913733014717838,21.086868952049283,-13.082856960672762,21.0,0,-0.08686895204928291,21.153160395139235,20.5,21.5
1470.0,20.90693369672276,21.07325880981966,-13.082360530263614,21.0,0,-0.07325880981965938,20.937157387523424,20.5,21.5
1471.0,20.90013583787736,21.107198851970274,-13.08186556022034,21.0,0,-0.10719885197027423,21.446599273476423,20.5,21.5
1472.0,20.893339437597742,21.136408471743035,-13.081372050919885,21.0,0,-0.13640847174303516,21.428504669470644,20.5,21.5
1473.0,20.88654449530004,21.21313075139593,-13.080880002738075,21.0,0,-0.21313075139592996,21.980353547924878,20.5,21.5
1474.0,20.879751010400433,21.20328723903942,-13.080389416049627,21.0,0,-0.20328723903941892,21.10485211547431,20.5,21.5
1475.0,20.872958982315144,21.243810256952692,-13.079900291228142,21.0,0,-0.24381025695269187,21.64904043608542,20.5,21.5
1476.0,20.866168410460435,21.292641421602717,-13.079412628646114,21.0,0,-0.2926414216027169,21.780953068102967,20.5,21.5
1477.0,20.859379294252616,21.278521447877417,-13.078926428674915,21.0,0,-0.2785214478774165,21.137321710624413,20.5,21.5
1478.0,20.85259163310803,21.20486885859262,-13.078441691684812,21.0,1,-0.2048688585926186,20.46834296574464,20.5,21.5
1479.0,20.86580542644307,21.308378562258206,-13.077958418044949,21.0,0,-0.3083785622582056,22.343475598914075,20.5,21.5
1480.0,20.859016673674173,21.35758818057644,-13.077476608123362,21.0,0,-0.35758818057643893,21.849684363758772,20.5,21.5
1481.0,20.852229375017814,21.31801453974146,-13.07699626228697,21.0,0,-0.31801453974145844,20.922278131391653,20.5,21.5
1482.0,20.845443529890353,21.264235022894287,-13.076517380901578,21.0,0,-0.2642350228942867,20.72643985442257,20.5,21.5
1483.0,20.838659137708195,21.29372101761504,-13.076039964331873,21.0,0,-0.29372101761504155,21.58858096482259,20.5,21.5
1484.0,20.831876197887787,21.172981549818594,-13.07556401294143,21.0,1,-0.17298154981859426,19.96558687185412,20.5,21.5
1485.0,20.845094709845622,21.14069170988541,-13.075089527092706,21.0,1,-0.14069170988540947,20.81779331055356,20.5,21.5
1486.0,20.858310672998233,21.139389655347863,-13.074616507147041,21.0,1,-0.13938965534786263,21.126369109972394,20.5,21.5
1487.0,20.871524087562204,21.24364624129032,-13.074144953464666,21.0,0,-0.2436462412903211,22.286212100714906,20.5,21.5
1488.0,20.864734953754,21.23084380730598,-13.073674866404684,21.0,0,-0.23084380730598042,21.102819467462574,20.5,21.5
1489.0,20.857947271789968,21.19963113902235,-13.073206246325089,21.0,0,-0.19963113902235108,20.887504456186058,20.5,21.5
1490.0,20.851161041086346,21.210296204588282,-13.072739093582754,21.0,0,-0.2102962045882819,21.31694686024759,20.5,21.5
1491.0,20.844376261059413,21.201131249322405,-13.072273408533437,21.0,0,-0.20113124932240467,21.109481696663632,20.5,21.5
1492.0,20.837592931125496,21.166470032404835,-13.07180919153178,21.0,0,-0.1664700324048347,20.819857863229135,20.5,21.5
1493.0,20.830811050700966,21.13014471656914,-13.0713464429313,21.0,0,-0.1301447165691414,20.76689155821221,20.5,21.5
1494.0,20.82403061920224,21.168812840481756,-13.070885163084403,21.0,0,-0.16881284048175615,21.555494079607904,20.5,21.5
1495.0,20.817251636045782,21.168717893690925,-13.070425352342374,21.0,0,-0.16871789369092483,21.16776842578261,20.5,21.5
1496.0,20.810474100648104,21.19490214544718,-13.069967011055377,21.0,0,-0.19490214544718043,21.456744663009736,20.5,21.5
1497.0,20.803698012425762,21.139531551549243,-13.06951013957246,21.0,0,-0.13953155154924346,20.585825612569874,20.5,21.5
1498.0,20.796923370795362,21.1845619748543,-13.069054738241551,21.0,0,-0.18456197485430081,21.634866207904874,20.5,21.5
1499.0,20.790150175173554,21.196314214631297,-13.068600807409455,21.0,0,-0.19631421463129684,21.313836612401257,20.5,21.5
1500.0,20.783378424977037,21.126104899101154,-13.068148347421864,21.0,1,-0.1261048991011542,20.424011743799728,20.5,21.5
1501.0,20.796608119622558,21.03013337616589,-13.067697358623343,21.0,1,-0.030133376165888848,20.070418146813235,20.5,21.5
1502.0,20.80983525852691,21.050714423627692,-13.067247841357341,21.0,1,-0.050714423627692184,21.256524898245726,20.5,21.5
1503.0,20.823059841906932,21.070533781044304,-13.066799795966185,21.0,1,-0.07053378104430408,21.268727355210423,20.5,21.5
1504.0,20.83628186997936,21.129880262182223,-13.066353222791081,21.0,0,-0.1298802621822226,21.723345073561408,20.5,21.5
1505.0,20.829501342960807,21.132407979388578,-13.065908122172115,21.0,0,-0.13240797938857796,21.15768515145213,20.5,21.5
1506.0,20.82272226106778,21.12062759501963,-13.065464494448246,21.0,0,-0.12062759501963072,21.00282375133016,20.5,21.5
1507.0,20.81594462371668,21.190093997099318,-13.06502233995732,21.0,0,-0.19009399709931785,21.88475801789619,20.5,21.5
1508.0,20.809168430323943,21.157175825280152,-13.064581659036058,21.0,0,-0.15717582528015228,20.827994107088497,20.5,21.5
1509.0,20.80239368030607,21.084948288630468,-13.064142452020054,21.0,1,-0.08494828863046777,20.362672922133623,20.5,21.5
1510.0,20.815620373079607,21.15034462989214,-13.063704719243784,21.0,0,-0.15034462989213893,21.80430804250885,20.5,21.5
1511.0,20.808844508061142,21.259061487674366,-13.063268461040604,21.0,0,-0.25906148767436576,22.346230065496634,20.5,21.5
1512.0,20.80207008546732,21.15387806696551,-13.062833677742738,21.0,1,-0.1538780669655111,20.102043859876964,20.5,21.5
1513.0,20.815297104714677,21.126237954986625,-13.062400369681296,21.0,1,-0.1262379549866246,20.84983683519776,20.5,21.5
1514.0,20.8285215652198,21.15680111083998,-13.06196853718626,21.0,1,-0.15680111083997872,21.46243266937352,20.5,21.5
1515.0,20.84174346719932,21.10908623708171,-13.061538180586492,21.0,1,-0.1090862370817085,20.631937499499006,20.5,21.5
1516.0,20.85496281086976,21.080184016261228,-13.061109300209722,21.0,1,-0.08018401626122795,20.791161808056422,20.5,21.5
1517.0,20.868179596447547,21.154327441507437,-13.060681896382565,21.0,0,-0.15432744150743716,21.89576169396953,20.5,21.5
1518.0,20.86139382414898,21.188472052799654,-13.060255969430507,21.0,0,-0.1884720527996535,21.529918165721817,20.5,21.5
1519.0,20.854609494190264,21.136079295557266,-13.059831519677909,21.0,0,-0.13607929555726628,20.612151723133394,20.5,21.5
1520.0,20.84782660598749,21.174212182438872,-13.059408547448008,21.0,0,-0.17421218243887182,21.555541051254927,20.5,21.5
1521.0,20.841045158956803,21.163309372530183,-13.058987053062914,21.0,0,-0.16330937253018263,21.05428127344329,20.5,21.5
1522.0,20.834265152514398,21.068111235389186,-13.058567036843618,21.0,1,-0.06811123538918551,20.116129863979214,20.5,21.5
1523.0,20.847486586076528,21.046186899177997,-13.058148499109977,21.0,1,-0.046186899177996565,20.826943537066107,20.5,21.5
1524.0,20.860705459059492,21.174487786683905,-13.057731440180728,21.0,0,-0.17448778668390474,22.457496661742987,20.5,21.5
1525.0,20.853921771679644,21.210819161052154,-13.057315860373478,21.0,0,-0.2108191610521537,21.574132904734643,20.5,21.5
1526.0,20.847139524153235,21.22951899907259,-13.056901760004708,21.0,0,-0.22951899907258877,21.41651737927694,20.5,21.5
1527.0,20.840358715896404,21.2626781056618,-13.056489139389775,21.0,0,-0.2626781056617986,21.594269171553897,20.5,21.5
1528.0,20.833579346325347,21.335561603194538,-13.056077998842907,21.0,0,-0.3355616031945381,22.064396578521933,20.5,21.5
1529.0,20.826801414856313,21.240899491731366,-13.055668338677208,21.0,1,-0.2408994917313656,20.29427837709964,20.5,21.5
1530.0,20.840024920905606,21.22375768339574,-13.055260159204646,21.0,1,-0.2237576833957391,21.052339600039474,20.5,21.5
1531.0,20.853245863889583,21.152371048305323,-13.054853460736073,21.0,1,-0.1523710483053229,20.43850469740116,20.5,21.5
1532.0,20.86646424402466,21.171250533915817,-13.054448243581207,21.0,1,-0.17125053391581702,21.36004539002076,20.5,21.5
1533.0,20.87968006152714,21.130169649886,-13.054044508048637,21.0,1,-0.13016964988599966,20.719360809587826,20.5,21.5
1534.0,20.892893316613225,21.244024799198993,-13.053642254445823,21.0,0,-0.24402479919899278,22.382576292328924,20.5,21.5
1535.0,20.886104009499014,21.22992666227038,-13.053241483079102,21.0,0,-0.22992666227037972,21.08894529298425,20.5,21.5
1536.0,20.879316140400498,21.23602354393345,-13.05284219425368,21.0,0,-0.23602354393344882,21.29699236056414,20.5,21.5
1537.0,20.872529708733566,21.28531604184117,-13.052444388273628,21.0,0,-0.28531604184117043,21.778241020918387,20.5,21.5
1538.0,20.865744713914165,21.356576850584936,-13.052048065441896,21.0,0,-0.35657685058493627,22.069184938022595,20.5,21.5
1539.0,20.858961155358294,21.278546118766045,-13.051653226060301,21.0,1,-0.2785461187660445,20.498238800577127,20.5,21.5
1540.0,20.87217903248201,21.18604775250733,-13.05125987042953,21.0,1,-0.1860477525073314,20.2610640899202,20.5,21.5
1541.0,20.885394344701428,21.229274722643908,-13.050867998849139,21.0,0,-0.22927472264390758,21.66154442400967,20.5,21.5
1542.0,20.878607092232716,21.174233909338245,-13.050477611617556,21.0,0,-0.17423390933824479,20.623825776281617,20.5,21.5
1543.0,20.871821275291946,21.152858590789187,-13.05008870903208,21.0,0,-0.15285859078918662,20.939105405298605,20.5,21.5
1544.0,20.86503689329508,21.199804420152226,-13.049701291388875,21.0,0,-0.19980442015222621,21.669262713782622,20.5,21.5
1545.0,20.858253945658145,21.261276146228226,-13.049315358982975,21.0,0,-0.2612761462282265,21.87599340698823,20.5,21.5
1546.0,20.851472431797216,21.275443679818384,-13.048930912108286,21.0,0,-0.2754436798183839,21.41711901571996,20.5,21.5
1547.0,20.844692351128433,21.263878972981708,-13.048547951057582,21.0,0,-0.2638789729817077,21.148231904614946,20.5,21.5
1548.0,20.837913703067997,21.163118624664925,-13.048166476122505,21.0,1,-0.163118624664925,20.155515141497098,20.5,21.5
1549.0,20.85113648703216,21.11346876120479,-13.047786487593562,21.0,1,-0.1134687612047891,20.61697012660343,20.5,21.5
1550.0,20.864356702437235,21.106840789844277,-13.047407985760133,21.0,1,-0.10684078984427714,21.040561076239158,20.5,21.5
1551.0,20.877574349499596,21.064927242735713,-13.047030970910463,21.0,1,-0.06492724273571326,20.645791771650075,20.5,21.5
1552.0,20.890789428435514,21.08597606079653,-13.046655443331664,21.0,1,-0.0859760607965292,21.29646424140469,20.5,21.5
1553.0,20.90400193946116,21.196232602017005,-13.046281403309719,21.0,0,-0.19623260201700532,22.298798014221767,20.5,21.5
1554.0,20.897211882792607,21.190407172907772,-13.045908851129473,21.0,0,-0.1904071729077721,21.13215288181544,20.5,21.5
1555.0,20.89042325864582,21.172883631882,-13.045537787074643,21.0,0,-0.1728836318820015,20.997648221624296,20.5,21.5
1556.0,20.883636066436676,21.255882359002975,-13.045168211427807,21.0,0,-0.2558823590029746,22.085869630212706,20.5,21.5
1557.0,20.876850305581105,21.24963535049502,-13.044800124470418,21.0,0,-0.24963535049501928,21.187165265415466,20.5,21.5
1558.0,20.870065975495095,21.172699594254247,-13.044433526482788,21.0,1,-0.1726995942542473,20.403342031846528,20.5,21.5
1559.0,20.8832830755947,21.21849119639746,-13.044068417744096,21.0,0,-0.2184911963974585,21.67640721782957,20.5,21.5
1560.0,20.876497605296034,21.33348180667782,-13.043704798532389,21.0,0,-0.33348180667782046,22.48338790948144,20.5,21.5
1561.0,20.869713564815267,21.266246516137358,-13.043342669124579,21.0,0,-0.2662465161373575,20.593893610732728,20.5,21.5
1562.0,20.86293095356848,21.29988716396099,-13.042982029796443,21.0,0,-0.2998871639609888,21.636293642197302,20.5,21.5
1563.0,20.856149770971808,21.32711697190581,-13.042622880822623,21.0,0,-0.32711697190580935,21.599415051354015,20.5,21.5
1564.0,20.849370016441448,21.302601105502525,-13.04226522247663,21.0,0,-0.30260110550252506,21.057442441469682,20.5,21.5
1565.0,20.842591689393664,21.18143999809149,-13.041909055030832,21.0,1,-0.18143999809149136,19.969828923981154,20.5,21.5
1566.0,20.85581478924478,21.220361979102805,-13.04155437875647,21.0,0,-0.22036197910280464,21.609581789215937,20.5,21.5
1567.0,20.84903531541118,21.15626494040439,-13.04120119392364,21.0,0,-0.15626494040439098,20.515294553420254,20.5,21.5
1568.0,20.84225726810931,21.074939865996825,-13.040849500801311,21.0,1,-0.074939865996825,20.261689121921165,20.5,21.5
1569.0,20.855480646755527,20.987604593026443,-13.040499299657315,21.0,1,0.012395406973556788,20.114251863322625,20.5,21.5
1570.0,20.868701450766245,20.99996312765164,-13.04015059075834,21.0,1,3.6872348360361684e-05,21.123548473903604,20.5,21.5
1571.0,20.88191968035794,21.01433183141969,-13.039803374369948,21.0,1,-0.014331831419688967,21.158018869100182,20.5,21.5
1572.0,20.895135335746993,21.04176741031633,-13.039457650756557,21.0,1,-0.04176741031632858,21.316123199282725,20.5,21.5
1573.0,20.908348417149693,21.122878384320636,-13.03911342018145,21.0,0,-0.1228783843206358,21.933988124363708,20.5,21.5
1574.0,20.901558924782226,21.219402542028412,-13.038770682906774,21.0,0,-0.21940254202841203,22.184644119106174,20.5,21.5
1575.0,20.89477085886069,21.25436217710617,-13.03842943919354,21.0,0,-0.25436217710617015,21.60395852788375,20.5,21.5
1576.0,20.887984218801076,21.171535238731167,-13.038089689301618,21.0,1,-0.17153523873116683,20.343265854981134,20.5,21.5
1577.0,20.901199004019457,21.17807090999661,-13.037751433489742,21.0,1,-0.17807090999660957,21.243427622651037,20.5,21.5
1578.0,20.914411213931956,21.129730691086102,-13.03741467201551,21.0,1,-0.12973069108610247,20.64632850198103,20.5,21.5
1579.0,20.927620848754767,21.16167873577446,-13.03707940513538,21.0,1,-0.16167873577445846,21.48115918265802,20.5,21.5
1580.0,20.940827908703987,21.20318732208556,-13.036745633104672,21.0,0,-0.20318732208556156,21.618273185196593,20.5,21.5
1581.0,20.934032393995626,21.311918559387752,-13.036413356177569,21.0,0,-0.3119185593877525,22.39923093240966,20.5,21.5
1582.0,20.92723830484559,21.35442292606558,-13.036082574607113,21.0,0,-0.3544229260655811,21.779466592843868,20.5,21.5
1583.0,20.9204456406697,21.414159410685556,-13.035753288645209,21.0,0,-0.4141594106855564,22.01152425688531,20.5,21.5
1584.0,20.91365440088384,21.400291007310983,-13.035425498542622,21.0,0,-0.4002910073109831,21.26160697356525,20.5,21.5
1585.0,20.906864584903953,21.341533868948694,-13.035099204548981,21.0,0,-0.3415338689486944,20.753962485325808,20.5,21.5
1586.0,20.900076192146063,21.32126173564373,-13.03477440691277,21.0,0,-0.3212617356437306,21.118540402594093,20.5,21.5
1587.0,20.89328922202625,21.263366581487126,-13.034451105881338,21.0,0,-0.26336658148712644,20.684415039921085,20.5,21.5
1588.0,20.886503673960668,21.25012261426376,-13.034129301700892,21.0,0,-0.25012261426375915,21.117682942030086,20.5,21.5
1589.0,20.879719547365536,21.201627228645666,-13.0338089946165,21.0,0,-0.20162722864566618,20.716673372464737,20.5,21.5
1590.0,20.87293684165714,21.16840918944028,-13.033490184872091,21.0,0,-0.16840918944027905,20.836228797386408,20.5,21.5
1591.0,20.866155556251833,21.122328757559572,-13.033172872710452,21.0,0,-0.12232875755957195,20.6615244387525,20.5,21.5
1592.0,20.85937569056604,21.0775184069504,-13.032857058373228,21.0,0,-0.07751840695040002,20.62941490085868,20.5,21.5
1593.0,20.852597244016252,21.000172179099955,-13.03254274210093,21.0,1,-0.00017217909995537184,20.22670990059551,20.5,21.5
1594.0,20.865820216019028,21.045166816022007,-13.032229924132917,21.0,1,-0.04516681602200734,21.495113185242527,20.5,21.5
1595.0,20.879040605990998,21.0781554503422,-13.031918604707418,21.0,1,-0.0781554503422015,21.408041793544143,20.5,21.5
1596.0,20.89225841414886,21.077277491678405,-13.031608784061516,21.0,1,-0.07727749167840514,21.06849790504044,20.5,21.5
1597.0,20.905473640709218,21.214970528850085,-13.031300462431151,21.0,0,-0.21497052885008472,22.59190090056688,20.5,21.5
1598.0,20.89868628588859,21.32039912212012,-13.030993640051127,21.0,0,-0.32039912212011856,22.374685054820457,20.5,21.5
1599.0,20.891900349903402,21.232197446578986,-13.030688317155098,21.0,1,-0.23219744657898644,20.350180691167665,20.5,21.5
1600.0,20.90511583216999,21.17582574040021,-13.030384493975584,21.0,1,-0.17582574040021015,20.612108678612447,20.5,21.5
1601.0,20.91832873210476,21.220427570825684,-13.030082170743958,21.0,0,-0.22042757082568443,21.666445875080427,20.5,21.5
1602.0,20.91153904992419,21.180767423083125,-13.029781347690452,21.0,0,-0.18076742308312532,20.784165945657534,20.5,21.5
1603.0,20.90475078584467,21.127008545945436,-13.029482025044157,21.0,0,-0.12700854594543642,20.589419774568547,20.5,21.5
1604.0,20.89796393928249,21.11591636470448,-13.029184203033019,21.0,0,-0.11591636470447853,21.0049945522949,20.5,21.5
1605.0,20.89117850965403,21.158324832410166,-13.028887881883843,21.0,0,-0.15832483241016604,21.58240950946704,20.5,21.5
1606.0,20.884394496375723,21.100610389529887,-13.028593061822292,21.0,0,-0.1006103895298871,20.523465960727098,20.5,21.5
1607.0,20.87761189886408,21.072374219706436,-13.028299743072882,21.0,0,-0.0723742197064361,20.790012521471926,20.5,21.5
1608.0,20.870830716535693,21.072373639059215,-13.02800792585899,21.0,0,-0.07237363905921512,21.072367832587005,20.5,21.5
1609.0,20.864050948807215,21.119960345246547,-13.027717610402846,21.0,0,-0.11996034524654675,21.595827407119863,20.5,21.5
1610.0,20.857272595095374,21.13360452629876,-13.027428796925538,21.0,0,-0.13360452629876107,21.270046336820904,20.5,21.5
1611.0,20.85049565481697,21.11512777386785,-13.02714148564701,21.0,0,-0.11512777386785089,20.93036024955875,20.5,21.5
1612.0,20.843720127388877,21.111048175694286,-13.026855676786061,21.0,0,-0.11104817569428604,21.070252193958638,20.5,21.5
1613.0,20.836946012228044,21.08664491733968,-13.02657137056035,21.0,0,-0.0866449173396795,20.842612333793614,20.5,21.5
1614.0,20.830173308751487,21.098488443592228,-13.026288567186386,21.0,0,-0.09848844359222753,21.216923706117708,20.5,21.5
1615.0,20.8234020163763,21.029366874494137,-13.026007266879535,21.0,1,-0.029366874494137107,20.338151183513233,20.5,21.5
1616.0,20.836632134519647,21.056633498672504,-13.025727469854024,21.0,1,-0.05663349867250389,21.32929974045617,20.5,21.5
1617.0,20.84985966259877,21.1015532257456,-13.025449176322926,21.0,0,-0.10155322574560088,21.55075049647657,20.5,21.5
1618.0,20.843084600830988,21.102627033373516,-13.025172386498177,21.0,0,-0.10262703337351553,21.113365109652662,20.5,21.5
1619.0,20.83631094943352,21.059492543171004,-13.024897100590563,21.0,0,-0.05949254317100383,20.628147641145887,20.5,21.5
1620.0,20.829538707823517,21.149733376770975,-13.024623318809724,21.0,0,-0.14973337677097476,22.052141712770684,20.5,21.5
1621.0,20.82276787541819,21.17497671703237,-13.024351041364161,21.0,0,-0.1749767170323686,21.427410119646307,20.5,21.5
1622.0,20.815998451634833,21.13906241850075,-13.024080268461223,21.0,0,-0.13906241850074963,20.77991943318456,20.5,21.5
1623.0,20.809230435890814,21.219416188573362,-13.023811000307113,21.0,0,-0.2194161885733621,22.022953889299487,20.5,21.5
1624.0,20.802463827603574,21.307358463668788,-13.023543237106894,21.0,0,-0.3073584636687876,22.186781214623043,20.5,21.5
1625.0,20.79569862619063,21.263795195461643,-13.023276979064478,21.0,0,-0.2637951954616433,20.8281625133902,20.5,21.5
1626.0,20.788934831069582,21.21800291482832,-13.023012226382633,21.0,0,-0.21800291482831824,20.760080108495067,20.5,21.5
1627.0,20.78217244165809,21.14055489580472,-13.022748979262978,21.0,1,-0.14055489580471914,20.366074705568728,20.5,21.5
1628.0,20.795411457373906,21.017274360380625,-13.022487237905988,21.0,1,-0.017274360380625353,19.784469006139688,20.5,21.5
1629.0,20.80864787763485,20.910374978128367,-13.022227002510991,21.0,1,0.08962502187163324,19.84138115560578,20.5,21.5
1630.0,20.82188170265882,20.967894486016707,-13.021968273276165,21.0,0,0.032105513983292866,21.54308956490011,20.5,21.5
1631.0,20.815112932663634,21.014348981311628,-13.021711050398547,21.0,0,-0.01434898131162754,21.47889393426083,20.5,21.5
1632.0,20.808345567867022,21.09497930775874,-13.021455334074023,21.0,0,-0.09497930775874153,21.90128257222988,20.5,21.5
1633.0,20.801579607686634,21.10108403096322,-13.021201124497331,21.0,0,-0.1010840309632215,21.16213126300802,20.5,21.5
1634.0,20.794815051540198,21.14468111518591,-13.020948421862062,21.0,0,-0.14468111518591087,21.580651957412805,20.5,21.5
1635.0,20.788051898845517,21.101989240422522,-13.02069722636066,21.0,0,-0.10198924042252244,20.675070492788638,20.5,21.5
1636.0,20.781290149020474,21.01887938963958,-13.020447538184422,21.0,1,-0.018879389639579358,20.18778088181015,20.5,21.5
1637.0,20.794529801483034,21.041230899861954,-13.020199357523497,21.0,1,-0.041230899861954384,21.264746002085705,20.5,21.5
1638.0,20.80776685565123,21.092466080276942,-13.019952684566885,21.0,0,-0.09246608027694236,21.604817884426822,20.5,21.5
1639.0,20.80100131174319,21.16883003579424,-13.019707519502438,21.0,0,-0.16883003579424027,21.93246959096722,20.5,21.5
1640.0,20.794237169976938,21.228872588704785,-13.01946386251686,21.0,0,-0.22887258870478533,21.829298117810236,20.5,21.5
1641.0,20.78747442977044,21.308956459569867,-13.019221713795705,21.0,0,-0.30895645956986684,22.109795168220682,20.5,21.5
1642.0,20.780713090541727,21.17117114428623,-13.018981073523381,21.0,1,-0.17117114428623026,19.793317991449864,20.5,21.5
1643.0,20.793953151708916,21.161571851010034,-13.01874194188315,21.0,1,-0.16157185101003435,21.065578918248075,20.5,21.5
1644.0,20.807190612690196,21.114820968958256,-13.018504319057113,21.0,1,-0.11482096895825578,20.64731214844047,20.5,21.5
1645.0,20.820425473703846,21.05191991512718,-13.018268205226235,21.0,1,-0.051919915127179195,20.422909376816413,20.5,21.5
1646.0,20.83365773496806,21.0251812511518,-13.018033600570327,21.0,1,-0.0251812511517997,20.757794611398005,20.5,21.5
1647.0,20.846887396700954,21.098321597112353,-13.01780050526805,21.0,0,-0.09832159711235278,21.829725056717884,20.5,21.5
1648.0,20.84011445912056,21.055336741193322,-13.017568919496917,21.0,0,-0.055336741193322325,20.625488182003018,20.5,21.5
1649.0,20.833342922444835,21.032694499053342,-13.017338843433288,21.0,0,-0.032694499053341985,20.80627207765354,20.5,21.5
1650.0,20.82657278609166,20.94902518173041,-13.017110277252378,21.0,1,0.05097481826959083,20.11233200850108,20.5,21.5
1651.0,20.839804049478992,21.005037979184994,-13.016883221128252,21.0,0,-0.005037979184994157,21.565165953730844,20.5,21.5
1652.0,20.83303271202487,21.02885284914807,-13.01665767523382,21.0,0,-0.028852849148069737,21.267001548778826,20.5,21.5
1653.0,20.82626277394742,21.065974505846803,-13.016433639740844,21.0,0,-0.06597450584680331,21.43719107283414,20.5,21.5
1654.0,20.81949423466468,21.079172918225016,-13.01621111481994,21.0,0,-0.07917291822501582,21.21115704200714,20.5,21.5
1655.0,20.812727093594784,21.19287465189662,-13.01599010064057,21.0,0,-0.19287465189662,22.329891988612662,20.5,21.5
1656.0,20.805961350155936,21.10546160450145,-13.015770597371045,21.0,1,-0.10546160450144981,20.231331130549748,20.5,21.5
1657.0,20.81919700376643,21.061912348809482,-13.015552605178526,21.0,1,-0.061912348809482154,20.626419791889806,20.5,21.5
1658.0,20.83243005384464,21.105549445179626,-13.015336124229023,21.0,0,-0.10554944517962639,21.54192040888107,20.5,21.5
1659.0,20.825660500609025,21.034258761961446,-13.015121154687396,21.0,1,-0.03425876196144628,20.321351929779645,20.5,21.5
1660.0,20.838892344277966,21.03453657781854,-13.014907696717355,21.0,1,-0.034536577818538916,21.037314736389465,20.5,21.5
1661.0,20.852121584269767,21.170718376891067,-13.014695750481458,21.0,0,-0.17071837689106673,22.532536367616345,20.5,21.5
1662.0,20.845348220802816,21.254707091473044,-13.014485316141108,21.0,0,-0.25470709147304404,22.094594237292817,20.5,21.5
1663.0,20.838576254095425,21.23317892469695,-13.014276393856564,21.0,0,-0.23317892469695067,21.017897256936017,20.5,21.5
1664.0,20.831805683565836,21.304720793037024,-13.014068983786926,21.0,0,-0.30472079303702415,22.02013947643776,20.5,21.5
1665.0,20.825036508632365,21.26127624183491,-13.013863086090147,21.0,0,-0.26127624183490994,20.826830729813768,20.5,21.5
1666.0,20.81826872871342,21.18742135200409,-13.013658700923028,21.0,1,-0.18742135200409038,20.448872453695895,20.5,21.5
1667.0,20.83150234322749,21.165826431470908,-13.013455828441217,21.0,1,-0.16582643147090792,20.949877226139083,20.5,21.5
1668.0,20.844733351593156,21.150341188505035,-13.013254468799207,21.0,1,-0.15034118850503475,20.995488758846303,20.5,21.5
1669.0,20.857961754029077,21.108802702907205,-13.013054622150346,21.0,1,-0.10880270290720517,20.69341784692891,20.5,21.5
1670.0,20.87118755075384,21.15532318920092,-13.012856288646825,21.0,0,-0.1553231892009208,21.620528052138077,20.5,21.5
1671.0,20.86441074198596,21.14172993264095,-13.012659468439683,21.0,0,-0.14172993264094913,21.005797367041232,20.5,21.5
1672.0,20.857635327943875,21.124374645551985,-13.012464161678807,21.0,0,-0.12437464555198474,20.95082177466234,20.5,21.5
1673.0,20.85086130804595,21.114874244140548,-13.012270368512933,21.0,0,-0.11487424414054814,21.019870230026182,20.5,21.5
1674.0,20.844088681710637,21.1060882098207,-13.012078089089641,21.0,0,-0.106088209820701,21.01822786662223,20.5,21.5
1675.0,20.837317448356476,21.083010256536124,-13.01188732355536,21.0,0,-0.0830102565361237,20.85223072369035,20.5,21.5
1676.0,20.830547607402092,21.105772551974006,-13.011698072055369,21.0,0,-0.10577255197400603,21.33339550635283,20.5,21.5
1677.0,20.823779158266202,21.078589544515342,-13.011510334733789,21.0,0,-0.07858954451534217,20.806759469928704,20.5,21.5
1678.0,20.817012100367602,21.099212989716214,-13.01132411173359,21.0,0,-0.0992129897162144,21.305447441724937,20.5,21.5
1679.0,20.810246433125183,21.129910883983623,-13.01113940319659,21.0,0,-0.12991088398362294,21.43688982665771,20.5,21.5
1680.0,20.80348215595792,21.12794288925911,-13.010956209263453,21.0,0,-0.1279428892591099,21.10826294201398,20.5,21.5
1681.0,20.796719268284875,21.07620156960585,-13.010774530073688,21.0,0,-0.07620156960584978,20.55878837307325,20.5,21.5
1682.0,20.789957769525202,20.980959330997138,-13.010594365765652,21.0,1,0.019040669002862387,20.028536944910016,20.5,21.5
1683.0,20.803197659098142,20.94396082101183,-13.010415716476547,21.0,1,0.05603917898816846,20.57397572115877,20.5,21.5
1684.0,20.81643493642303,20.900377700592006,-13.010238582342424,21.0,1,0.09962229940799361,20.464546496393755,20.5,21.5
1685.0,20.829669601719274,20.83940772299126,-13.010062963498177,21.0,1,0.1605922770087389,20.229707946983808,20.5,21.5
1686.0,20.84290165520623,20.914023100065247,-13.009888860077547,21.0,0,0.08597689993475299,21.660176870805106,20.5,21.5
1687.0,20.836131097103173,21.02375360653631,-13.009716272213122,21.0,0,-0.0237536065363102,22.121058671246942,20.5,21.5
1688.0,20.82936192762931,21.085550026121883,-13.009545200036339,21.0,0,-0.0855500261218829,21.70351422197761,20.5,21.5
1689.0,20.822594146203777,21.158203114675633,-13.009375643677469,21.0,0,-0.15820311467563286,21.884734000213133,20.5,21.5
1690.0,20.815827752245802,21.196996492198366,-13.009207603265644,21.0,0,-0.196996492198366,21.584930267425698,20.5,21.5
1691.0,20.8090627451747,21.19431149676925,-13.009041078928828,21.0,0,-0.19431149676924875,21.167461542478076,20.5,21.5
1692.0,20.802299124409878,21.179906766947433,-13.00887607079384,21.0,0,-0.17990676694743257,21.03585946872927,20.5,21.5
1693.0,20.795536889370837,21.20323561029148,-13.00871257898634,21.0,0,-0.20323561029147896,21.436524043731943,20.5,21.5
1694.0,20.788776039477167,21.180248960037652,-13.008550603630836,21.0,0,-0.18024896003765178,20.95038245749938,20.5,21.5
1695.0,20.782016574148546,21.210887712353873,-13.008390144850676,21.0,0,-0.21088771235387327,21.517275235516088,20.5,21.5
1696.0,20.775258492804745,21.15051760818333,-13.008231202768059,21.0,0,-0.15051760818332838,20.54681656647788,20.5,21.5
1697.0,20.76850179486563,21.14521228868876,-13.008073777504025,21.0,0,-0.1452122886887608,21.092159093743085,20.5,21.5
1698.0,20.761746479751157,21.121070586976266,-13.00791786917846,21.0,0,-0.12107058697626627,20.87965356985132,20.5,21.5
1699.0,20.754992546881372,21.169388473173363,-13.007763477910096,21.0,0,-0.16938847317336325,21.652567335144333,20.5,21.5
1700.0,20.748239995676414,21.142464583625433,-13.00761060381651,21.0,0,-0.1424645836254328,20.873225688146128,20.5,21.5
1701.0,20.741488825556516,21.129463047204506,-13.007459247014118,21.0,0,-0.1294630472045064,20.999447682995243,20.5,21.5
1702.0,20.734739035942003,21.0918223899887,-13.007309407618187,21.0,0,-0.09182238998869963,20.715415817830632,20.5,21.5
1703.0,20.72799062625329,21.085761747800767,-13.007161085742826,21.0,0,-0.08576174780076684,21.02515532592144,20.5,21.5
1704.0,20.72124359591089,21.07644287286383,-13.007014281500991,21.0,0,-0.07644287286382934,20.983254123494454,20.5,21.5
1705.0,20.71449794433541,21.056488502967145,-13.006868995004478,21.0,0,-0.05648850296714514,20.856944804000303,20.5,21.5
1706.0,20.707753670947543,21.029987629224003,-13.006725226363926,21.0,0,-0.029987629224002887,20.76497889179258,20.5,21.5
1707.0,20.70101077516808,21.043181451827742,-13.006582975688826,21.0,0,-0.04318145182774202,21.175119677865133,20.5,21.5
1708.0,20.694269256417908,21.051759638596316,-13.006442243087506,21.0,0,-0.05175963859631594,21.137541506282055,20.5,21.5
1709.0,20.687529114118007,20.959254174361824,-13.006303028667139,21.0,1,0.04074582563817586,20.034199532016906,20.5,21.5
1710.0,20.70079034768945,20.959044013864325,-13.006165332533744,21.0,1,0.04095598613567475,20.956942408889336,20.5,21.5
1711.0,20.714048956553405,20.988912636565082,-13.006029154792182,21.0,1,0.011087363434917563,21.287598863572654,20.5,21.5
1712.0,20.727304940931138,20.97949051988403,-13.005894495546158,21.0,1,0.02050948011596887,20.885269353073518,20.5,21.5
1713.0,20.74055830104384,21.00692275908122,-13.005761354898224,21.0,1,-0.00692275908122042,21.281245151053113,20.5,21.5
1714.0,20.753809037112653,21.07924019167001,-13.005629732949767,21.0,0,-0.07924019167001006,21.802414517557906,20.5,21.5
1715.0,20.74705714935864,21.094833735276126,-13.00549962980103,21.0,0,-0.09483373527612571,21.250769171337282,20.5,21.5
1716.0,20.740306638002806,21.081626553855944,-13.005371045551083,21.0,0,-0.0816265538559442,20.94955473965413,20.5,21.5
1717.0,20.733557502466095,21.14824646827588,-13.005243980297855,21.0,0,-0.14824646827587884,21.814445612475225,20.5,21.5
1718.0,20.726809742169543,21.07776438567118,-13.005118434138112,21.0,1,-0.07776438567118049,20.372943559624197,20.5,21.5
1719.0,20.740063356534282,21.104132775546326,-13.004994407167459,21.0,1,-0.10413277554632572,21.367816674297778,20.5,21.5
1720.0,20.753314344981543,21.167821270949048,-13.004871899480351,21.0,0,-0.16782127094904808,21.80470622497627,20.5,21.5
1721.0,20.74656270773265,21.15983820389664,-13.004750911170081,21.0,0,-0.1598382038966406,21.080007533372566,20.5,21.5
1722.0,20.73981244500887,21.12703583466722,-13.00463144232879,21.0,0,-0.12703583466721824,20.799012142372995,20.5,21.5
1723.0,20.733063556231404,21.170253149446822,-13.004513493047455,21.0,0,-0.1702531494468218,21.602426297242857,20.5,21.5
1724.0,20.726316040821548,21.040002139070936,-13.004397063415901,21.0,1,-0.04000213907093553,19.737492035312073,20.5,21.5
1725.0,20.7395698982007,21.00210391880242,-13.004282153522793,21.0,1,-0.0021039188024190025,20.623121716117254,20.5,21.5
1726.0,20.752821127790355,21.03787955014384,-13.004168763455642,21.0,1,-0.03787955014383826,21.39563586355803,20.5,21.5
1727.0,20.766069729812106,20.979438756875584,-13.004056893300799,21.0,1,0.02056124312441554,20.395030824193046,20.5,21.5
1728.0,20.779315704487484,20.950719343434024,-13.003946543143456,21.0,1,0.049280656565976244,20.663525209018417,20.5,21.5
1729.0,20.79255905203796,20.973125936521527,-13.003837713067654,21.0,1,0.02687406347847343,21.197191867396555,20.5,21.5
1730.0,20.80579977268494,20.997859326239645,-13.003730403156267,21.0,1,0.002140673760354872,21.24519322342083,20.5,21.5
1731.0,20.81903786664977,20.961552947484254,-13.003624613491017,21.0,1,0.038447052515746094,20.59848915993034,20.5,21.5
1732.0,20.83227333415374,21.041823583181774,-13.00352034415247,21.0,0,-0.04182358318177393,21.844529940156974,20.5,21.5
1733.0,20.825506175418077,21.102272590426058,-13.003417595220029,21.0,0,-0.10227259042605752,21.706762662868893,20.5,21.5
1734.0,20.81874039066395,21.166249742070654,-13.003316366771944,21.0,0,-0.16624974207065435,21.806021258516623,20.5,21.5
1735.0,20.811975979312464,21.052793139592964,-13.003216658885302,21.0,1,-0.05279313959296417,19.918227114816062,20.5,21.5
1736.0,20.825212940784827,21.076076560184895,-13.003118471636038,21.0,1,-0.0760765601848945,21.308910766104198,20.5,21.5
1737.0,20.838447274502343,21.040261855043422,-13.003021805098925,21.0,1,-0.040261855043421946,20.682114803628696,20.5,21.5
1738.0,20.851678980686422,21.01082604251439,-13.002926659347576,21.0,1,-0.010826042514388234,20.71646791722405,20.5,21.5
1739.0,20.864908059558417,21.028498032598662,-13.002833034454452,21.0,1,-0.02849803259866235,21.205217933441403,20.5,21.5
1740.0,20.878134511339614,21.148577313077283,-13.002740930490852,21.0,0,-0.14857731307728272,22.349370117863486,20.5,21.5
1741.0,20.871358336251248,21.126956889240375,-13.002650347526917,21.0,0,-0.1269568892403754,20.910752650871302,20.5,21.5
1742.0,20.86458353451449,21.203869414258783,-13.002561285631629,21.0,0,-0.2038694142587829,21.972994664442858,20.5,21.5
1743.0,20.857810105550463,21.138526093996663,-13.00247374487281,21.0,1,-0.1385260939966635,20.48509289137547,20.5,21.5
1744.0,20.871038048780377,21.15533420094561,-13.002387725317131,21.0,1,-0.15533420094561023,21.323415270435078,20.5,21.5
1745.0,20.884263363625557,21.156635322791978,-13.002303227030099,21.0,1,-0.15663532279197767,21.169646541255652,20.5,21.5
1746.0,20.897486050307425,21.1673326984325,-13.00222025007606,21.0,1,-0.16733269843249943,21.274306454837717,20.5,21.5
1747.0,20.910706109047347,21.154444892940376,-13.002138794518206,21.0,1,-0.15444489294037567,21.025566838019138,20.5,21.5
1748.0,20.92392354006663,21.198172999565077,-13.002058860418572,21.0,0,-0.1981729995650774,21.635454065812095,20.5,21.5
1749.0,20.917138343586533,21.17166350159802,-13.001980447838026,21.0,0,-0.1716635015980188,20.906568521927433,20.5,21.5
1750.0,20.91035451982825,21.14899426183944,-13.001903556836284,21.0,0,-0.14899426183944087,20.92230186425366,20.5,21.5
1751.0,20.903572068212917,21.168438856957103,-13.001828187471904,21.0,0,-0.1684388569571027,21.36288480813372,20.5,21.5
1752.0,20.89679098816178,21.100340196692695,-13.001754339802282,21.0,1,-0.10034019669269512,20.41935359404862,20.5,21.5
1753.0,20.910011279096185,21.108878807313868,-13.001682013883658,21.0,1,-0.10887880731386801,21.194264913525597,20.5,21.5
1754.0,20.92322894043759,21.128299913291986,-13.001611209771108,21.0,1,-0.1282999132919862,21.322510973073168,20.5,21.5
1755.0,20.93644397240755,21.187233552730184,-13.001541927518554,21.0,0,-0.18723355273018427,21.776569947112165,20.5,21.5
1756.0,20.929656375227562,21.16767597322096,-13.001474167178758,21.0,0,-0.16767597322095895,20.972100178128706,20.5,21.5
1757.0,20.92287014911908,21.289433789700166,-13.00140792880332,21.0,0,-0.28943378970016553,22.50701195449223,20.5,21.5
1758.0,20.916085293503496,21.286299486938837,-13.001343212442688,21.0,0,-0.28629948693883733,21.254956459325555,20.5,21.5
1759.0,20.909301807802308,21.2729045569243,-13.001280018146142,21.0,0,-0.27290455692429916,21.138955256778917,20.5,21.5
1760.0,20.902519691437117,21.252511812720336,-13.001218345961808,21.0,0,-0.2525118127203356,21.0485843706807,20.5,21.5
1761.0,20.895738943829638,21.226154648075504,-13.001158195936654,21.0,0,-0.22615464807550367,20.962583001627184,20.5,21.5
1762.0,20.888959564401684,21.192135415804348,-13.001099568116485,21.0,0,-0.1921354158043478,20.85194309309279,20.5,21.5
1763.0,20.88218155257518,21.210566808703284,-13.00104246254595,21.0,0,-0.21056680870328393,21.394880737692645,20.5,21.5
1764.0,20.875404907772154,21.249539299496092,-13.000986879268536,21.0,0,-0.24953929949609233,21.639264207424176,20.5,21.5
1765.0,20.868629629414745,21.20408935561616,-13.000932818326575,21.0,0,-0.20408935561615849,20.74958991681682,20.5,21.5
1766.0,20.861855716925195,21.30511849283938,-13.000880279761232,21.0,0,-0.3051184928393802,22.315409865071597,20.5,21.5
1767.0,20.85508316972586,21.280703130907774,-13.00082926361252,21.0,0,-0.2807031309077743,21.036549511591716,20.5,21.5
1768.0,20.848311987239192,21.26482127032574,-13.00077976991929,21.0,0,-0.26482127032574,21.106002664505397,20.5,21.5
1769.0,20.84154216888776,21.25905434754052,-13.000731798719237,21.0,0,-0.2590543475405198,21.201385119688318,20.5,21.5
1770.0,20.834773714094236,21.31676160900034,-13.000685350048887,21.0,0,-0.31676160900034134,21.893834223598557,20.5,21.5
1771.0,20.828006622281407,21.173815654805228,-13.000640423943613,21.0,1,-0.1738156548052281,19.744356112854096,20.5,21.5
1772.0,20.84124089287216,21.085381894882893,-13.000597020437635,21.0,1,-0.08538189488289305,20.201044295659543,20.5,21.5
1773.0,20.8544725252895,21.090262587330546,-13.000555139564,21.0,1,-0.09026258733054604,21.139069511807076,20.5,21.5
1774.0,20.867701519756526,21.140960985201552,-13.000514781354603,21.0,0,-0.1409609852015521,21.647944963911613,20.5,21.5
1775.0,20.860927876496305,21.098632473910236,-13.000475945840183,21.0,0,-0.09863247391023577,20.675347360997073,20.5,21.5
1776.0,20.85415559573184,21.242184914900253,-13.000438633050308,21.0,0,-0.2421849149002533,22.67770932480043,20.5,21.5
1777.0,20.847384676886083,21.332712621011417,-13.0004028430134,21.0,0,-0.3327126210114173,22.237989682123057,20.5,21.5
1778.0,20.840615119382104,21.364001561987845,-13.000368575756712,21.0,0,-0.3640015619878447,21.67689097175212,20.5,21.5
1779.0,20.833846922643076,21.275295883899027,-13.000335831306337,21.0,1,-0.2752958838990267,20.388239103010847,20.5,21.5
1780.0,20.847080086092287,21.27512845697654,-13.000304609687218,21.0,1,-0.27512845697653887,21.27345418775166,20.5,21.5
1781.0,20.86031060915313,21.179544770347825,-13.000274910923125,21.0,1,-0.17954477034782457,20.22370790406068,20.5,21.5
1782.0,20.873538492049118,21.182677997848955,-13.00024673503668,21.0,1,-0.18267799784895544,21.214010272860264,20.5,21.5
1783.0,20.8867637350037,21.16597582682268,-13.000220082049335,21.0,1,-0.16597582682268097,20.998954116559936,20.5,21.5
1784.0,20.89998633824029,21.18295121983426,-13.000194951981392,21.0,1,-0.18295121983425844,21.352705149950033,20.5,21.5
1785.0,20.913206301982246,21.21759341237274,-13.000171344851985,21.0,0,-0.21759341237273944,21.56401533775755,20.5,21.5
1786.0,20.90642362645288,21.286970885899496,-13.000149260679096,21.0,0,-0.28697088589949615,21.980745621167063,20.5,21.5
1787.0,20.899642311875454,21.28804430557964,-13.00012869947954,21.0,0,-0.2880443055796391,21.29877850238107,20.5,21.5
1788.0,20.89286235767318,21.31571345897199,-13.000109661268976,21.0,0,-0.31571345897199166,21.592404992895517,20.5,21.5
1789.0,20.886083763269394,21.354075981425602,-13.000092146061903,21.0,0,-0.35407598142560204,21.737701205961706,20.5,21.5
1790.0,20.87930652808753,21.415472760166306,-13.000076153871657,21.0,0,-0.4154727601663062,22.029440547573348,20.5,21.5
1791.0,20.872530651551138,21.402470281524625,-13.00006168471042,21.0,0,-0.40247028152462505,21.272445495107814,20.5,21.5
1792.0,20.865756133083885,21.34749329012212,-13.00004873858921,21.0,0,-0.34749329012212016,20.79772337609707,20.5,21.5
1793.0,20.85898297210955,21.255779877745567,-13.000037315517886,21.0,1,-0.2557798777455673,20.33864575398004,20.5,21.5
1794.0,20.872211168052026,21.232215382832997,-13.000027415505146,21.0,1,-0.23221538283299736,20.996570433707298,20.5,21.5
1795.0,20.885436720335314,21.126345304869737,-13.00001903855853,21.0,1,-0.12634530486973716,20.067644525237135,20.5,21.5
1796.0,20.898659629183534,21.131755428452557,-13.000012184684419,21.0,1,-0.13175542845255706,21.185856664280756,20.5,21.5
1797.0,20.91187989482076,21.148113643253197,-13.000006853888031,21.0,1,-0.14811364325319687,21.311695791259595,20.5,21.5
1798.0,20.92509751747102,21.207363183452323,-13.000003046173426,21.0,0,-0.20736318345232263,21.79985858544358,20.5,21.5
1799.0,20.91831249735829,21.065375060578013,-13.0000007615435,21.0,1,-0.06537506057801323,19.64549383183492,20.5,21.5
1800.0,20.93152883470651,21.15440344824652,7.0,21.0,0,-0.1544034482465193,22.04468732493158,20.5,21.5
1801.0,20.928742528939566,21.111516605044528,6.999999238456499,21.0,0,-0.1115166050445282,20.682648173024617,20.5,21.5
1802.0,20.92595678028147,21.108981225979843,6.999996953826575,21.0,0,-0.10898122597984283,21.08362743533299,20.5,21.5
1803.0,20.92317158831618,21.057596474747637,6.9999931461119695,21.0,0,-0.05759647474763696,20.54374896242558,20.5,21.5
1804.0,20.920386952627737,21.177133533797416,6.999987815315581,21.0,0,-0.17713353379741648,22.37250412429521,20.5,21.5
1805.0,20.917602872800273,21.046008774606186,6.999980961441469,21.0,1,-0.04600877460618591,19.73476118269388,20.5,21.5
1806.0,20.934819348418003,21.11561496549818,6.999972584494854,21.0,0,-0.11561496549818173,21.81167687441814,20.5,21.5
1807.0,20.93203237906522,21.115952045520928,6.999962684482114,21.0,0,-0.11595204552092753,21.119322845748385,20.5,21.5
1808.0,20.929245965126302,21.135291978901137,6.999951261410789,21.0,0,-0.13529197890113664,21.328691312703228,20.5,21.5
1809.0,20.92646010618556,21.144977148227312,6.9999383152895795,21.0,0,-0.1449771482273121,21.241828841489067,20.5,21.5
1810.0,20.923674801827378,21.208995458128292,6.999923846128342,21.0,0,-0.20899545812829246,21.849178557138096,20.5,21.5
1811.0,20.92089005163624,21.149973060054677,6.9999078539380974,21.0,0,-0.14997306005467692,20.55974907931852,20.5,21.5
1812.0,20.9181058551967,21.18597520429212,6.999890338731024,21.0,0,-0.1859752042921201,21.545996646666552,20.5,21.5
1813.0,20.915322212093407,21.19822268065892,6.999871300520461,21.0,0,-0.1982226806589189,21.320697444326907,20.5,21.5
1814.0,20.91253912191109,21.181959695910948,6.9998507393209035,21.0,0,-0.18195969591094752,21.019329848431234,20.5,21.5
1815.0,20.909756584234575,21.2230807456391,6.999828655148014,21.0,0,-0.2230807456390984,21.634291242920607,20.5,21.5
1816.0,20.90697459864876,21.299112976728296,6.999805048018608,21.0,0,-0.2991129767282956,22.059435287620268,20.5,21.5
1817.0,20.904193164738633,21.254926678928502,6.999779917950665,21.0,0,-0.25492667892850207,20.813063700930567,20.5,21.5
1818.0,20.901412282089275,21.29302214255872,6.999753264963321,21.0,0,-0.29302214255871917,21.67397677886089,20.5,21.5
1819.0,20.89863195028585,21.32285500605902,6.9997250890768745,21.0,0,-0.32285500605901873,21.621183641062014,20.5,21.5
1820.0,20.89585216891361,21.336378473456314,6.999695390312782,21.0,0,-0.336378473456314,21.471613147429267,20.5,21.5
1821.0,20.89307293755789,21.324196404837156,6.999664168693662,21.0,0,-0.3241964048371564,21.20237571864558,20.5,21.5
1822.0,20.890294255804115,21.29297213965408,6.999631424243288,21.0,0,-0.2929721396540792,20.980729487823307,20.5,21.5
1823.0,20.887516123237802,21.20412580187343,6.999597156986599,21.0,1,-0.2041258018734311,20.31566242406695,20.5,21.5
1824.0,20.90473853944455,21.194047638390934,6.999561366949691,21.0,1,-0.1940476383909342,21.093266003565965,20.5,21.5
1825.0,20.921957504010052,21.150840292315614,6.999524054159818,21.0,1,-0.15084029231561402,20.718766831562412,20.5,21.5
1826.0,20.939173017320083,21.07539284617817,6.999485218645397,21.0,1,-0.07539284617816833,20.32091838480371,20.5,21.5
1827.0,20.95638507976035,21.195458932177864,6.999444860436001,21.0,0,-0.19545893217786414,22.396119792174822,20.5,21.5
1828.0,20.953593691716485,21.221006324875663,6.999402979562366,21.0,0,-0.2210063248756633,21.476480251853655,20.5,21.5
1829.0,20.950802853574054,21.223280578928517,6.999359576056387,21.0,0,-0.2232805789285166,21.24602311945705,20.5,21.5
1830.0,20.94801256491855,21.200029036175888,6.999314649951114,21.0,0,-0.20002903617588785,20.9675136086496,20.5,21.5
1831.0,20.945222825335556,21.26759702081801,6.999268201280764,21.0,0,-0.26759702081800896,21.94327686723922,20.5,21.5
1832.0,20.942433634410744,21.195481452606032,6.9992202300807085,21.0,1,-0.19548145260603178,20.47432577048626,20.5,21.5
1833.0,20.959644991729878,21.266493021108015,6.999170736387479,21.0,0,-0.2664930211080154,21.976608706127852,20.5,21.5
1834.0,20.95685289687881,21.25294345918,6.9991197202387685,21.0,0,-0.25294345917999905,21.117447839899835,20.5,21.5
1835.0,20.95406135024348,21.20103552692091,6.999067181673426,21.0,0,-0.20103552692091142,20.681956204330035,20.5,21.5
1836.0,20.951270351409768,21.14615110940496,6.999013120731464,21.0,0,-0.14615110940496123,20.59730693424546,20.5,21.5
1837.0,20.948479899963633,21.117776523966516,6.99895753745405,21.0,0,-0.11777652396651561,20.83403066958206,20.5,21.5
1838.0,20.945689995491133,21.049687127001523,6.998900431883515,21.0,1,-0.04968712700152267,20.368793157351593,20.5,21.5
1839.0,20.96290063757841,21.1394176720871,6.998841804063346,21.0,0,-0.13941767208709877,22.03672312294286,20.5,21.5
1840.0,20.960107825811708,21.26634741610696,6.998781654038192,21.0,0,-0.2663474161069601,22.535644856305574,20.5,21.5
1841.0,20.957315560577353,21.306734128055304,6.998719981853858,21.0,0,-0.30673412805530376,21.71060124753874,20.5,21.5
1842.0,20.954523841461608,21.378568357192723,6.998656787557312,21.0,0,-0.37856835719272297,22.096910648566915,20.5,21.5
1843.0,20.951732668050827,21.394421025109494,6.998592071196679,21.0,0,-0.3944210251094944,21.55294770427721,20.5,21.5
1844.0,20.948942039931456,21.287817187561863,6.998525832821242,21.0,1,-0.28781718756186336,20.221778812085553,20.5,21.5
1845.0,20.966151956690034,21.22037695924534,6.998458072481446,21.0,1,-0.22037695924533907,20.545974676080096,20.5,21.5
1846.0,20.98335841791319,21.181662582649988,6.998388790228892,21.0,1,-0.18166258264998802,20.794518816696478,20.5,21.5
1847.0,21.000561423987655,21.209854273149837,6.9983179861163425,21.0,1,-0.20985427314983696,21.491771178148326,20.5,21.5
1848.0,21.01776097530008,21.21332234792687,6.998245660197717,21.0,1,-0.21332234792686933,21.248003095697193,20.5,21.5
1849.0,21.03495707223706,21.22938407393304,6.998171812528096,21.0,1,-0.2293840739330406,21.390001333994753,20.5,21.5
1850.0,21.052149715185116,21.154022926496697,6.998096443163716,21.0,1,-0.15402292649669747,20.400411452133266,20.5,21.5
1851.0,21.069338904530714,21.27840386319649,6.998019552161975,21.0,0,-0.27840386319649113,22.522213230194428,20.5,21.5
1852.0,21.06652464066024,21.314009155884012,6.99794113958143,21.0,0,-0.3140091558840119,21.67006208275922,20.5,21.5
1853.0,21.063710923960024,21.3496701919119,6.997861205481794,21.0,0,-0.3496701919119012,21.706280552190794,20.5,21.5
1854.0,21.060897754016327,21.402011289882303,6.99777974992394,21.0,0,-0.40201128988230295,21.92542226958632,20.5,21.5
1855.0,21.05808513041551,21.547549011421708,6.997696772969901,21.0,0,-0.5475490114217081,23.00292622681576,20.5,21.5
1856.0,21.05527305274402,21.47148357064873,6.997612274682869,21.0,0,-0.47148357064872926,20.71082916291894,20.5,21.5
1857.0,21.05246152058841,21.369235107697722,6.997526255127189,21.0,1,-0.3692351076977225,20.346750478187655,20.5,21.5
1858.0,21.069650533535317,21.344193681407177,6.997438714368372,21.0,1,-0.34419368140717665,21.09377941850172,20.5,21.5
1859.0,21.086836091171484,21.37040098262777,6.997349652473083,21.0,0,-0.3704009826277712,21.632473994833717,20.5,21.5
1860.0,21.084018193883743,21.239510886842435,6.9972590695091474,21.0,1,-0.23951088684243516,19.930609928989075,20.5,21.5
1861.0,21.10120084205887,21.22008324584744,6.9971669655455475,21.0,1,-0.22008324584744088,21.025806835897498,20.5,21.5
1862.0,21.118380035283568,21.295762668952282,6.997073340652424,21.0,0,-0.29576266895228187,22.052556900000692,20.5,21.5
1863.0,21.115555773944642,21.375107908392017,6.996978194901076,21.0,0,-0.37510790839201746,22.168560302789373,20.5,21.5
1864.0,21.112732058428833,21.38689184715968,6.9968815283639625,21.0,0,-0.3868918471596814,21.50473123483632,20.5,21.5
1865.0,21.10990888832282,21.42977951651952,6.996783341114698,21.0,0,-0.4297795165195204,21.85865621011791,20.5,21.5
1866.0,21.10708626321338,21.485212177328297,6.996683633228057,21.0,0,-0.4852121773282967,22.03953878541606,20.5,21.5
1867.0,21.10426418268738,21.494633797287705,6.996582404779971,21.0,0,-0.4946337972877046,21.588849996881784,20.5,21.5
1868.0,21.101442646331797,21.540609903815596,6.996479655847531,21.0,0,-0.5406099038155965,22.000370969094515,20.5,21.5
1869.0,21.0986216537337,21.460686132847496,6.9963753865089835,21.0,0,-0.4606861328474956,20.661448423166487,20.5,21.5
1870.0,21.095801204480257,21.50640380713115,6.996269596843734,21.0,0,-0.5064038071311501,21.963580549967695,20.5,21.5
1871.0,21.09298129815873,21.50626943518328,6.996162286932347,21.0,0,-0.506269435183281,21.50492571570459,20.5,21.5
1872.0,21.090161934356484,21.481816371431883,6.996053456856544,21.0,0,-0.48181637143188283,21.2372857339179,20.5,21.5
1873.0,21.087343112660985,21.333714321523683,6.995943106699201,21.0,1,-0.33371432152368286,19.852693822441683,20.5,21.5
1874.0,21.10452483265979,21.343944062487424,6.995831236544358,21.0,1,-0.3439440624874237,21.446241472124832,20.5,21.5
1875.0,21.121703093940567,21.362531420596067,6.995717846477207,21.0,0,-0.362531420596067,21.5484050016825,20.5,21.5
1876.0,21.118877896891075,21.36957994418397,6.9956029365841,21.0,0,-0.3695799441839718,21.44006518006302,20.5,21.5
1877.0,21.116053241899014,21.40607884747549,6.995486506952545,21.0,0,-0.4060788474754915,21.77106788039069,20.5,21.5
1878.0,21.113229128552025,21.543251123576955,6.995368557671211,21.0,0,-0.5432511235769546,22.914973884591586,20.5,21.5
1879.0,21.110405556437847,21.627891017935287,6.995249088829918,21.0,0,-0.627891017935287,22.47428996151861,20.5,21.5
1880.0,21.107582525144327,21.589681760254333,6.995128100519649,21.0,0,-0.5896817602543329,21.207589183444792,20.5,21.5
1881.0,21.104760034259403,21.598855050648556,6.99500559283254,21.0,0,-0.5988550506485559,21.690587954590786,20.5,21.5
1882.0,21.101938083371117,21.58391825971788,6.994881565861888,21.0,0,-0.5839182597178798,21.43455035041112,20.5,21.5
1883.0,21.099116672067616,21.508548242833143,6.994756019702144,21.0,0,-0.5085482428331431,20.754848073985777,20.5,21.5
1884.0,21.096295799937142,21.47100266974831,6.994628954448916,21.0,0,-0.47100266974830873,21.095546938899965,20.5,21.5
1885.0,21.093475466568044,21.508993019167598,6.994500370198971,21.0,0,-0.5089930191675975,21.888896513360486,20.5,21.5
1886.0,21.09065567154877,21.431411056840904,6.994370267050232,21.0,0,-0.4314110568409042,20.65559143357397,20.5,21.5
1887.0,21.08783641446787,21.43918765715761,6.994238645101776,21.0,0,-0.43918765715761054,21.516953660324674,20.5,21.5
1888.0,21.085017694913997,21.473267658263012,6.994105504453841,21.0,0,-0.473267658263012,21.814067669317026,20.5,21.5
1889.0,21.082199512475906,21.41559884503022,6.9939708452078175,21.0,0,-0.41559884503022104,20.83891071270231,20.5,21.5
1890.0,21.07938186674245,21.376247966729785,6.993834667466256,21.0,0,-0.37624796672978533,20.98273918372543,20.5,21.5
1891.0,21.076564757302595,21.44353582284453,6.993696971332861,21.0,0,-0.44353582284453097,22.116414383991987,20.5,21.5
1892.0,21.0737481837454,21.437027376146663,6.9935577569124945,21.0,0,-0.43702737614666276,21.37194290916798,20.5,21.5
1893.0,21.070932145660034,21.41424241367959,6.9934170243111735,21.0,0,-0.4142424136795917,21.18639278900888,20.5,21.5
1894.0,21.068116642635765,21.387449162984193,6.993274773636073,21.0,0,-0.3874491629841934,21.11951665603021,20.5,21.5
1895.0,21.065301674261963,21.446414486901666,6.993131004995523,21.0,0,-0.4464144869016664,22.036067726076396,20.5,21.5
1896.0,21.06248724012811,21.37034992065943,6.992985718499009,21.0,0,-0.37034992065942873,20.609704258237052,20.5,21.5
1897.0,21.059673339823785,21.309028129643128,6.992838914257173,21.0,0,-0.30902812964312787,20.69581021948012,20.5,21.5
1898.0,21.05685997293867,21.282050663483822,6.992690592381813,21.0,0,-0.28205066348382246,21.01227600189077,20.5,21.5
1899.0,21.05404713906256,21.321933678730677,6.9925407529858825,21.0,0,-0.3219336787306766,21.720763831199218,20.5,21.5
1900.0,21.051234837785344,21.266702658446135,6.992389396183491,21.0,0,-0.2667026584461354,20.714392455600724,20.5,21.5
1901.0,21.048423068697023,21.271090201723197,6.992236522089903,21.0,0,-0.2710902017231973,21.314965634493817,20.5,21.5
1902.0,21.045611831387703,21.313375909406144,6.992082130821539,21.0,0,-0.3133759094061439,21.73623298623561,20.5,21.5
1903.0,21.04280112544759,21.325533318958684,6.991926222495975,21.0,0,-0.32553331895868354,21.44710741448408,20.5,21.5
1904.0,21.039990950466997,21.32316854125952,6.9917687972319404,21.0,0,-0.32316854125951977,21.299520764267882,20.5,21.5
1905.0,21.03718130603635,21.349221940208473,6.991609855149323,21.0,0,-0.34922194020847286,21.609755929698004,20.5,21.5
1906.0,21.034372191746172,21.368549734470356,6.991449396369164,21.0,0,-0.3685497344703563,21.56182767708919,20.5,21.5
1907.0,21.031563607187095,21.297322538594578,6.991287421013659,21.0,0,-0.29732253859457813,20.585050579836796,20.5,21.5
1908.0,21.02875555194986,21.334130290438555,6.99112392920616,21.0,0,-0.334130290438555,21.702207808878324,20.5,21.5
1909.0,21.02594802562531,21.343326368438067,6.990958921071172,21.0,0,-0.34332636843806696,21.435287148433186,20.5,21.5
1910.0,21.0231410278044,21.384263058381496,6.990792396734358,21.0,0,-0.3842630583814959,21.793629957815785,20.5,21.5
1911.0,21.020334558078186,21.44069492342652,6.990624356322531,21.0,0,-0.44069492342651984,22.00501357387676,20.5,21.5
1912.0,21.017528616037836,21.52812530874338,6.990454799963662,21.0,0,-0.5281253087433804,22.402429161911986,20.5,21.5
1913.0,21.01472320127462,21.57848307418346,6.990283727786877,21.0,0,-0.5784830741834597,22.082060728584253,20.5,21.5
1914.0,21.011918313379923,21.54169096044978,6.990111139922453,21.0,0,-0.541690960449781,21.173769823112995,20.5,21.5
1915.0,21.00911395194523,21.56360865198492,6.989937036501823,21.0,0,-0.5636086519849215,21.782785567336326,20.5,21.5
1916.0,21.006310116562144,21.553562652947406,6.989761417657577,21.0,0,-0.5535626529474058,21.45310266257225,20.5,21.5
1917.0,21.00350680682236,21.57445159697324,6.9895842835234525,21.0,0,-0.5744515969732404,21.783341037231587,20.5,21.5
1918.0,21.000704022317702,21.44360569328909,6.989405634234348,21.0,1,-0.44360569328908994,20.135146656447585,20.5,21.5
1919.0,21.017901762640086,21.540318738463377,6.989225469926312,21.0,0,-0.5403187384633767,22.507449190206245,20.5,21.5
1920.0,21.015096027381542,21.483178742606093,6.989043790736547,21.0,0,-0.4831787426060927,20.911778784033253,20.5,21.5
1921.0,21.012290816934215,21.44245409222743,6.988860596803409,21.0,0,-0.44245409222742893,21.03520758844079,20.5,21.5
1922.0,21.00948613089019,21.232384696016716,6.9886758882664095,21.0,1,-0.23238469601671596,19.131690733909586,20.5,21.5
1923.0,21.026681968841665,21.240755552249244,6.988489665266211,21.0,1,-0.24075555224924372,21.32446411457452,20.5,21.5
1924.0,21.043874330380948,21.19304878698387,6.988301927944631,21.0,1,-0.1930487869838693,20.715981134330125,20.5,21.5
1925.0,21.06106321590046,21.159600998043505,6.988112676444639,21.0,1,-0.15960099804350492,20.82512310863986,20.5,21.5
1926.0,21.07824862579257,21.169894339636365,6.98792191091036,21.0,1,-0.16989433963636458,21.27282775556496,20.5,21.5
1927.0,21.095430560449593,21.320591394854553,6.987729631487068,21.0,0,-0.3205913948545529,22.827561947036436,20.5,21.5
1928.0,21.0926090202638,21.35072148000081,6.987535838321193,21.0,0,-0.3507214800008107,21.65202233146339,20.5,21.5
1929.0,21.089788005627412,21.378204426467384,6.987340531560317,21.0,0,-0.3782044264673843,21.65303389113312,20.5,21.5
1930.0,21.0869675161326,21.36966349003011,6.987143711353175,21.0,0,-0.3696634900301099,21.284254125657366,20.5,21.5
1931.0,21.084147551371643,21.37010913960902,6.986945377849654,21.0,0,-0.3701091396090206,21.374565635398127,20.5,21.5
1932.0,21.081328110936937,21.462056600098855,6.986745531200793,21.0,0,-0.46205660009885463,22.381531204997195,20.5,21.5
1933.0,21.078509194420988,21.50253703861842,6.986544171558784,21.0,0,-0.5025370386184207,21.90734142381408,20.5,21.5
1934.0,21.075690801416414,21.50339621517212,6.986341299076972,21.0,0,-0.5033962151721205,21.51198798070912,20.5,21.5
1935.0,21.072872931515946,21.549234838941295,6.986136913909853,21.0,0,-0.5492348389412953,22.007621076633043,20.5,21.5
1936.0,21.070055584312424,21.45068393161033,6.985931016213074,21.0,1,-0.4506839316103317,20.465174858300696,20.5,21.5
1937.0,21.087238759398804,21.39204209330416,6.985723606143436,21.0,1,-0.39204209330415907,20.805623710242433,20.5,21.5
1938.0,21.104418456368155,21.351929441725332,6.9855146838588915,21.0,1,-0.351929441725332,20.95080292593706,20.5,21.5
1939.0,21.121594675613654,21.288011102865244,6.985304249518542,21.0,1,-0.28801110286524434,20.648827714264367,20.5,21.5
1940.0,21.138767417528435,21.344146635975417,6.985092303282644,21.0,0,-0.3441466359754166,21.90550196707714,20.5,21.5
1941.0,21.135936682505584,21.473166767572472,6.984878845312603,21.0,0,-0.4731667675724722,22.76336808354303,20.5,21.5
1942.0,21.133106470938145,21.424223053799523,6.984663875770977,21.0,0,-0.42422305379952263,20.934785916070027,20.5,21.5
1943.0,21.130276782419113,21.435548549726825,6.9844473948214745,21.0,0,-0.4355485497268248,21.548803508999846,20.5,21.5
1944.0,21.127447616541595,21.479732392243307,6.984229402628956,21.0,0,-0.47973239224330655,21.921570817408124,20.5,21.5
1945.0,21.124618972898812,21.332220908156916,6.98400989935943,21.0,1,-0.3322209081569163,19.857106067293014,20.5,21.5
1946.0,21.141790851084103,21.287071119983786,6.98378888518006,21.0,1,-0.28707111998378565,20.83557323825248,20.5,21.5
1947.0,21.158959250690923,21.356933004617453,6.983566360259156,21.0,0,-0.3569330046174528,22.055551850954124,20.5,21.5
1948.0,21.156124172112836,21.441343012556338,6.9833423247661806,21.0,0,-0.441343012556338,22.28544309194519,20.5,21.5
1949.0,21.15328961574337,21.432220015499585,6.983116778871748,21.0,0,-0.4322200154995848,21.340990044932052,20.5,21.5
1950.0,21.150455581175994,21.510768963482576,6.982889722747621,21.0,0,-0.510768963482576,22.29625844331249,20.5,21.5
1951.0,21.147622068004306,21.544395838313356,6.982661156566712,21.0,0,-0.5443958383133563,21.880664586621158,20.5,21.5
1952.0,21.14478907582202,21.52740102571523,6.982431080503083,21.0,0,-0.5274010257152284,21.35745289973395,20.5,21.5
1953.0,21.141956604222955,21.442427383589614,6.982199494731949,21.0,0,-0.44242738358961375,20.592690962333467,20.5,21.5
1954.0,21.139124652801055,21.465088993177382,6.981966399429672,21.0,0,-0.46508899317738184,21.691705089055063,20.5,21.5
1955.0,21.136293221150382,21.432491501981353,6.981731794773765,21.0,0,-0.4324915019813531,21.106516590021066,20.5,21.5
1956.0,21.133462308865106,21.44658768576765,6.981495680942887,21.0,0,-0.44658768576764984,21.587549523630617,20.5,21.5
1957.0,21.13063191553952,21.38841953319377,6.981258058116851,21.0,0,-0.388419533193769,20.80673800745496,20.5,21.5
1958.0,21.127802040768035,21.444214828620083,6.981018926476618,21.0,0,-0.4442148286200833,22.002167782883227,20.5,21.5
1959.0,21.124972684145177,21.34840240644085,6.980778286204295,21.0,1,-0.34840240644085085,20.390278184648526,20.5,21.5
1960.0,21.14214384526559,21.369776331099025,6.98053613748314,21.0,0,-0.3697763310990254,21.58351557768077,20.5,21.5
1961.0,21.139311523724032,21.345819808437138,6.980292480497562,21.0,0,-0.3458198084371382,21.106254581818266,20.5,21.5
1962.0,21.136479719915386,21.393047589047974,6.980047315433115,21.0,0,-0.3930475890479741,21.865325395156333,20.5,21.5
1963.0,21.133648433434487,21.370039778646294,6.979800642476503,21.0,0,-0.37003977864629434,21.139961674629497,20.5,21.5
1964.0,21.130817663876297,21.409398629140647,6.979552461815578,21.0,0,-0.4093986291406466,21.80298713408417,20.5,21.5
1965.0,21.127987410835885,21.493718651022373,6.979302773639341,21.0,0,-0.4937186510223732,22.33691886983964,20.5,21.5
1966.0,21.125157673908447,21.579744510662344,6.979051578137939,21.0,0,-0.5797445106623442,22.440003107062054,20.5,21.5
1967.0,21.122328452689292,21.54807455687577,6.97879887550267,21.0,0,-0.5480745568757683,21.23137501901001,20.5,21.5
1968.0,21.119499746773855,21.506106491085358,6.978544665925977,21.0,0,-0.5061064910853581,21.086425833181256,20.5,21.5
1969.0,21.116671555757684,21.48513205055452,6.978288949601452,21.0,0,-0.4851320505545189,21.275387645246127,20.5,21.5
1970.0,21.113843879236452,21.33335220371075,6.978031726723834,21.0,1,-0.33335220371074925,19.815553735273053,20.5,21.5
1971.0,21.13101671680595,21.256629252200714,6.9777729974890095,21.0,1,-0.25662925220071386,20.48939973710036,20.5,21.5
1972.0,21.148186068062085,21.295841894864875,6.977512762094012,21.0,0,-0.2958418948648749,21.687968321506485,20.5,21.5
1973.0,21.145351933400892,21.275046404082918,6.977251020737022,21.0,0,-0.2750464040829179,21.067091496263348,20.5,21.5
1974.0,21.14251831321836,21.336182350135232,6.976987773617367,21.0,0,-0.3361823501352319,21.94754181065837,20.5,21.5
1975.0,21.13968520711044,21.381881683207148,6.9767230209355215,21.0,0,-0.38188168320714766,21.838875013926305,20.5,21.5
1976.0,21.136852614673206,21.37146802648478,6.976456762893106,21.0,0,-0.3714680264847807,21.26733145926111,20.5,21.5
1977.0,21.13402053550285,21.360571202011574,6.976188999692887,21.0,0,-0.3605712020115739,21.251602957279506,20.5,21.5
1978.0,21.131188969195687,21.393055196261276,6.975919731538778,21.0,0,-0.39305519626127605,21.717895138758298,20.5,21.5
1979.0,21.128357915348154,21.398911381181858,6.975648958635839,21.0,0,-0.39891138118185765,21.457473230387674,20.5,21.5
1980.0,21.12552737355681,21.35878124947603,6.9753766811902755,21.0,0,-0.3587812494760314,20.95747993241777,20.5,21.5
1981.0,21.122697343418338,21.366512526915713,6.975102899409437,21.0,0,-0.366512526915713,21.44382530131253,20.5,21.5
1982.0,21.119867824529535,21.316822455450108,6.974827613501823,21.0,0,-0.316822455450108,20.819921740794058,20.5,21.5
1983.0,21.11703881648733,21.345677989507518,6.974550823677073,21.0,0,-0.34567798950751794,21.634233330081617,20.5,21.5
1984.0,21.11421031888877,21.369361910890014,6.974272530145976,21.0,0,-0.3693619108900137,21.60620112471497,20.5,21.5
1985.0,21.111382331331022,21.483329922724984,6.973992733120464,21.0,0,-0.4833299227249839,22.623010041074686,20.5,21.5
1986.0,21.10855485341138,21.508111352223885,6.973711432813614,21.0,0,-0.5081113522238851,21.755925647212898,20.5,21.5
1987.0,21.105727884727262,21.58400376240209,6.973428629439651,21.0,0,-0.5840037624020908,22.342927864184148,20.5,21.5
1988.0,21.102901424876205,21.54987648093643,6.973144323213939,21.0,0,-0.5498764809364296,21.208603666279817,20.5,21.5
1989.0,21.10007547345587,21.516241127201706,6.972858514352991,21.0,0,-0.516241127201706,21.17988758985447,20.5,21.5
1990.0,21.09725003006405,21.363839559514624,6.972571203074462,21.0,1,-0.36383955951462355,19.8398238826438,20.5,21.5
1991.0,21.114425094298653,21.405059889479038,6.972282389597154,21.0,0,-0.4050598894790376,21.817263189123178,20.5,21.5
1992.0,21.111596665757713,21.3783651283969,6.97199207414101,21.0,0,-0.37836512839690073,21.111417517575532,20.5,21.5
1993.0,21.108768744839388,21.346674833953223,6.971700256927117,21.0,0,-0.34667483395322307,21.029771889516446,20.5,21.5
1994.0,21.105941331141807,21.36312848383304,6.971406938177707,21.0,0,-0.36312848383304086,21.52766498263122,20.5,21.5
1995.0,21.103114424263214,21.45734792692559,6.971112118116156,21.0,0,-0.4573479269255891,22.39954235785107,20.5,21.5
1996.0,21.100288023801983,21.37411931635706,6.97081579696698,21.0,0,-0.37411931635705997,20.54183321067177,20.5,21.5
1997.0,21.097462129356618,21.32225457303709,6.970517974955843,21.0,0,-0.32225457303708893,20.80360713983738,20.5,21.5
1998.0,21.094636740525736,21.394705819897077,6.970218652309548,21.0,0,-0.39470581989707654,22.119218288496953,20.5,21.5
1999.0,21.091811856908095,21.430444780977066,6.969917829256042,21.0,0,-0.43044478097706573,21.787834391776958,20.5,21.5
2000.0,21.088987478102563,21.468809692476064,6.969615506024416,21.0,0,-0.4688096924760643,21.85245880746605,20.5,21.5
2001.0,21.086163603708147,21.448000098880243,6.969311682844902,21.0,0,-0.44800009888024306,21.23990416292203,20.5,21.5
2002.0,21.083340233323973,21.477355333083207,6.969006359948873,21.0,0,-0.47735533308320655,21.77090767511284,20.5,21.5
2003.0,21.080517366549298,21.432149309418,6.968699537568848,21.0,0,-0.43214930941800134,20.98008907276595,20.5,21.5
2004.0,21.077695002983504,21.38766849188694,6.9683912159384835,21.0,0,-0.3876684918869415,20.942860316576343,20.5,21.5
2005.0,21.074873142226096,21.360395503374086,6.9680813952925815,21.0,0,-0.360395503374086,21.08766561824553,20.5,21.5
2006.0,21.07205178387671,21.352885575090625,6.967770075867083,21.0,0,-0.35288557509062457,21.27778629225601,20.5,21.5
2007.0,21.069230927535106,21.346764784207544,6.967457257899071,21.0,0,-0.34676478420754364,21.285556875376734,20.5,21.5
2008.0,21.06641057280118,21.34325524392235,6.967142941626772,21.0,0,-0.34325524392234996,21.308159841070413,20.5,21.5
2009.0,21.063590719274945,21.317475112474263,6.966827127289549,21.0,0,-0.31747511247426274,21.05967379799339,20.5,21.5
2010.0,21.060771366556548,21.389815879879663,6.9665098151279095,21.0,0,-0.38981587987966293,22.113223553933665,20.5,21.5
2011.0,21.057952514246264,21.369423070849614,6.9661910053835,21.0,0,-0.36942307084961357,21.16549498054912,20.5,21.5
2012.0,21.05513416194449,21.369022354499755,6.965870698299108,21.0,0,-0.36902235449975507,21.36501519100117,20.5,21.5
2013.0,21.05231630925176,21.39535031641837,6.965548894118663,21.0,0,-0.3953503164183694,21.658629935604512,20.5,21.5
2014.0,21.049498955768733,21.493972858406558,6.96522559308723,21.0,0,-0.4939728584065577,22.48019827828844,20.5,21.5
2015.0,21.0466821010962,21.47298901782142,6.964900795451019,21.0,0,-0.4729890178214191,21.263150611970033,20.5,21.5
2016.0,21.04386574483507,21.540860050658125,6.964574501457378,21.0,0,-0.5408600506581251,22.219570379025186,20.5,21.5
2017.0,21.041049886586396,21.52746684902713,6.964246711354791,21.0,0,-0.5274668490271317,21.393534832717197,20.5,21.5
2018.0,21.03823452595135,21.43028459707448,6.9639174253928875,21.0,1,-0.4302845970744791,20.458462077547953,20.5,21.5
2019.0,21.05541966253124,21.318718542946662,6.963586643822431,21.0,1,-0.31871854294666235,20.203058001668495,20.5,21.5
2020.0,21.072601295927498,21.20600928625563,6.9632543668953275,21.0,1,-0.20600928625562887,20.078916719345294,20.5,21.5
2021.0,21.089779426541693,21.21971368575357,6.96292059486462,21.0,1,-0.21971368575357175,21.356757680733,20.5,21.5
2022.0,21.106954054775358,21.249471453265897,6.96258532798449,21.0,0,-0.24947145326589748,21.547049128389155,20.5,21.5
2023.0,21.10412518103,21.41427428396693,6.962248566510258,21.0,0,-0.4142742839669289,23.062302590977243,20.5,21.5
2024.0,21.101296805707097,21.471409197299668,6.961910310698383,21.0,0,-0.4714091972996677,22.042758330627056,20.5,21.5
2025.0,21.098468928408096,21.52587386870315,6.961570560806461,21.0,0,-0.525873868703151,22.070520582737984,20.5,21.5
2026.0,21.095641548734577,21.51588971457874,6.961229317093226,21.0,0,-0.5158897145787407,21.416048173334637,20.5,21.5
2027.0,21.09281466628825,21.47095091739621,6.960886579818551,21.0,0,-0.470950917396209,21.021562945570892,20.5,21.5
2028.0,21.089988280670955,21.353984362747674,6.960542349243443,21.0,1,-0.3539843627476742,20.184318816262326,20.5,21.5
2029.0,21.10716239148467,21.356611811766427,6.9601966256300525,21.0,1,-0.3566118117664274,21.38288630195396,20.5,21.5
2030.0,21.1243329983315,21.41757195309533,6.959849409241659,21.0,0,-0.41757195309532946,22.02717336638435,20.5,21.5
2031.0,21.12150010161368,21.434028308404802,6.959500700342685,21.0,0,-0.4340283084048018,21.598591861499525,20.5,21.5
2032.0,21.118667701733425,21.488614055759157,6.959150499198688,21.0,0,-0.4886140557591574,22.034471529302714,20.5,21.5
2033.0,21.115835798292917,21.615198596801616,6.95879880607636,21.0,0,-0.6151985968016156,22.881044007226198,20.5,21.5
2034.0,21.113004390894474,21.573440738777087,6.9584456212435315,21.0,0,-0.5734407387770872,21.155862158531804,20.5,21.5
2035.0,21.110173479140546,21.51061100211036,6.958090944969168,21.0,0,-0.5106110021103589,20.882313635443076,20.5,21.5
2036.0,21.10734306263371,21.52278883779818,6.95773477752337,21.0,0,-0.5227888377981813,21.644567194676405,20.5,21.5
2037.0,21.10451314097669,21.526149764268848,6.957377119177376,21.0,0,-0.5261497642688475,21.55975902897551,20.5,21.5
2038.0,21.101683713772328,21.527316000410995,6.957017970203557,21.0,0,-0.5273160004109947,21.538978361832466,20.5,21.5
2039.0,21.098854780623615,21.445758612840272,6.956657330875421,21.0,0,-0.4457586128402724,20.63018473713305,20.5,21.5
2040.0,21.096026341133665,21.42823561124943,6.956295201467611,21.0,0,-0.42823561124943055,21.253005595341012,20.5,21.5
2041.0,21.093198394905734,21.409781881952142,6.9559315822559045,21.0,0,-0.40978188195214216,21.22524458897926,20.5,21.5
2042.0,21.090370941543203,21.415774764856778,6.955566473517212,21.0,0,-0.4157747648567778,21.475703593903134,20.5,21.5
2043.0,21.0875439806496,21.342214842855117,6.955199875529582,21.0,0,-0.3422148428551175,20.606615622838515,20.5,21.5
2044.0,21.084717511828575,21.377768038896896,6.954831788572192,21.0,0,-0.37776803889689603,21.73329999931468,20.5,21.5
2045.0,21.081891534683923,21.363017686059173,6.954462212925358,21.0,0,-0.3630176860591732,21.215514157681945,20.5,21.5
2046.0,21.07906604881957,21.338211003906164,6.9540911488705275,21.0,0,-0.33821100390616365,21.09014418237607,20.5,21.5
2047.0,21.07624105383958,21.356266187851045,6.9537185966902815,21.0,0,-0.3562661878510447,21.536818027299855,20.5,21.5
2048.0,21.073416549348153,21.33318215380934,6.953344556668336,21.0,0,-0.33318215380933935,21.102341813392286,20.5,21.5
2049.0,21.07059253494962,21.39012969581161,6.952969029089537,21.0,0,-0.39012969581160917,21.959605115834307,20.5,21.5
2050.0,21.067769010248448,21.402595759599013,6.952592014239867,21.0,0,-0.40259575959901284,21.52725639747305,20.5,21.5
2051.0,21.064945974849245,21.437140660351997,6.952213512406438,21.0,0,-0.4371406603519965,21.782589667881833,20.5,21.5
2052.0,21.062123428356756,21.379850126151208,6.951833523877495,21.0,0,-0.37985012615120795,20.806944784143322,20.5,21.5
2053.0,21.05930137037586,21.421076125083736,6.951452048942417,21.0,0,-0.4210761250837365,21.833336114409022,20.5,21.5
2054.0,21.05647980051157,21.38035267993905,6.951069087891713,21.0,0,-0.3803526799390511,20.973118228492197,20.5,21.5
2055.0,21.053658718369046,21.360967051443104,6.950684641017025,21.0,0,-0.3609670514431045,21.16711076648364,20.5,21.5
2056.0,21.050838123553575,21.299209368681833,6.950298708611126,21.0,0,-0.2992093686818329,20.681632541069117,20.5,21.5
2057.0,21.048018015670586,21.278929896858763,6.949911290967921,21.0,0,-0.278929896858763,21.076135178628064,20.5,21.5
2058.0,21.045198394325645,21.290215563481016,6.9495223883824435,21.0,0,-0.2902155634810164,21.40307222970355,20.5,21.5
2059.0,21.042379259124456,21.308374664472964,6.949132001150861,21.0,0,-0.30837466447296435,21.489965674392444,20.5,21.5
2060.0,21.03956060967286,21.360453752505425,6.948740129570471,21.0,0,-0.3604537525054248,21.88124463283003,20.5,21.5
2061.0,21.03674244557684,21.313078652973246,6.948346773939699,21.0,0,-0.3130786529732461,20.83932765765146,20.5,21.5
2062.0,21.033924766442514,21.319767274596717,6.947951934558104,21.0,0,-0.3197672745967175,21.38665349083143,20.5,21.5
2063.0,21.031107571876138,21.26709369982593,6.947555611726371,21.0,0,-0.26709369982593145,20.74035795211807,20.5,21.5
2064.0,21.02829086148411,21.308479547548913,6.94715780574632,21.0,0,-0.30847954754891305,21.72233802477873,20.5,21.5
2065.0,21.02547463487296,21.332091840447852,6.946758516920897,21.0,0,-0.3320918404478519,21.56821476943724,20.5,21.5
2066.0,21.02265889164937,21.377242089753725,6.9463577455541765,21.0,0,-0.3772420897537252,21.828744582812458,20.5,21.5
2067.0,21.01984363142015,21.420505591023996,6.945955491951364,21.0,0,-0.4205055910239963,21.853140603726708,20.5,21.5
2068.0,21.017028853792258,21.417929219492926,6.945551756418793,21.0,0,-0.41792921949292605,21.392165504182223,20.5,21.5
2069.0,21.01421455837278,21.420020806648388,6.945146539263926,21.0,0,-0.42002080664838815,21.44093667820301,20.5,21.5
2070.0,21.01140074476896,21.33350058464414,6.944739840795354,21.0,1,-0.33350058464413834,20.46829836460164,20.5,21.5
2071.0,21.028587412588166,21.372358729879984,6.944331661322793,21.0,0,-0.3723587298799842,21.760940182238443,20.5,21.5
2072.0,21.025770561437913,21.33458525247452,6.943922001157093,21.0,0,-0.3345852524745183,20.95685047841986,20.5,21.5
2073.0,21.022954191725855,21.356969653427857,6.943510860610225,21.0,0,-0.356969653427857,21.580813662961244,20.5,21.5
2074.0,21.020138303059632,21.384675108238092,6.943098239995292,21.0,0,-0.3846751082380919,21.66172965634044,20.5,21.5
2075.0,21.01732289504702,21.437673775385207,6.942684139626523,21.0,0,-0.4376737753852069,21.967660446856357,20.5,21.5
2076.0,21.014507967295934,21.36039153890078,6.942268559819272,21.0,0,-0.3603915389007817,20.58756917405653,20.5,21.5
2077.0,21.01169351941444,21.311400001363204,6.941851500890023,21.0,0,-0.31140000136320367,20.821484625987424,20.5,21.5
2078.0,21.008879551010736,21.285106026165423,6.941432963156382,21.0,0,-0.2851060261654226,21.02216627418761,20.5,21.5
2079.0,21.006066061693165,21.229617414503373,6.941012946937085,21.0,0,-0.22961741450337314,20.67473129788288,20.5,21.5
2080.0,21.003253051070214,21.19370580160571,6.940591452551993,21.0,0,-0.19370580160570938,20.834589672629072,20.5,21.5
2081.0,21.00044051875051,21.275754427008348,6.940168480322092,21.0,0,-0.27575442700834785,22.096240681034732,20.5,21.5
2082.0,20.997628464342824,21.34120640814432,6.939744030569494,21.0,0,-0.3412064081443198,21.99572621950404,20.5,21.5
2083.0,20.99481688745607,21.36906104476315,6.939318103617435,21.0,0,-0.36906104476314994,21.64760741095145,20.5,21.5
2084.0,20.992005787699302,21.387098632633368,6.938890699790278,21.0,0,-0.38709863263336786,21.567474511335547,20.5,21.5
2085.0,20.98919516468172,21.4121997002241,6.938461819413509,21.0,0,-0.41219970022410024,21.663210376131424,20.5,21.5
2086.0,20.98638501801267,21.413570134926314,6.938031462813739,21.0,0,-0.41357013492631367,21.427274481948448,20.5,21.5
2087.0,20.983575347301628,21.448994191059626,6.9375996303187035,21.0,0,-0.4489941910596258,21.803234752392747,20.5,21.5
2088.0,20.980766152158232,21.431447232722416,6.937166322257262,21.0,0,-0.4314472327224159,21.255977649350317,20.5,21.5
2089.0,20.97795743219225,21.369767389175042,6.936731538959397,21.0,0,-0.3697673891750419,20.752968953701302,20.5,21.5
2090.0,20.975149187013606,21.286128488888135,6.936295280756216,21.0,1,-0.286128488888135,20.449739486019066,20.5,21.5
2091.0,20.992341416232357,21.290053340258538,6.935857547979946,21.0,1,-0.29005334025853813,21.32930185396257,20.5,21.5
2092.0,21.009530119458706,21.27477223626865,6.935418340963943,21.0,1,-0.27477223626864955,21.121961196369764,20.5,21.5
2093.0,21.026715297103006,21.25267392009912,6.934977660042679,21.0,1,-0.25267392009912015,21.031690758403826,20.5,21.5
2094.0,21.043896949575593,21.287216854047028,6.934535505551754,21.0,0,-0.2872168540470277,21.632646193526103,20.5,21.5
2095.0,21.041075077286788,21.330013809572023,6.934091877827886,21.0,0,-0.33001380957202286,21.757983364821975,20.5,21.5
2096.0,21.038253680646896,21.303207392413118,6.933646777208919,21.0,0,-0.30320739241311756,21.035143220824065,20.5,21.5
2097.0,21.035432759266207,21.256212141457475,6.933200204033815,21.0,0,-0.25621214145747473,20.786259631901046,20.5,21.5
2098.0,21.032612312755163,21.29249641090625,6.932752158642659,21.0,0,-0.29249641090624934,21.655339105393995,20.5,21.5
2099.0,21.02979234072434,21.221032091396587,6.932302641376657,21.0,0,-0.2210320913965873,20.506388896299967,20.5,21.5
2100.0,21.02697284278447,21.217683570218135,6.931851652578136,21.0,0,-0.217683570218135,21.184198358433612,20.5,21.5
2101.0,21.02415381854643,21.20543327927809,6.931399192590545,21.0,0,-0.20543327927808974,21.082930369877637,20.5,21.5
2102.0,21.02133526762124,21.187935778913356,6.93094526175845,21.0,0,-0.18793577891335644,21.012960775266023,20.5,21.5
2103.0,21.018517189620066,21.194522068434235,6.9304898604275404,21.0,0,-0.19452206843423525,21.260384963643023,20.5,21.5
2104.0,21.015699584154227,21.296542285495484,6.930032988944623,21.0,0,-0.2965422854954838,22.31674445610797,20.5,21.5
2105.0,21.012882450835185,21.366195068010445,6.929574647657626,21.0,0,-0.36619506801044466,22.062722893160053,20.5,21.5
2106.0,21.01006578927455,21.347393072764298,6.929114836915597,21.0,0,-0.347393072764298,21.15937312030283,20.5,21.5
2107.0,21.007249599084076,21.378613364984062,6.928653557068699,21.0,0,-0.3786133649840622,21.690816287181704,20.5,21.5
2108.0,21.004433879875673,21.382913727022924,6.92819080846822,21.0,0,-0.3829137270229239,21.42591734741154,20.5,21.5
2109.0,21.00161863126139,21.294029648687303,6.927726591466562,21.0,1,-0.2940296486873031,20.405188865331095,20.5,21.5
2110.0,21.01880385285343,21.20951913823252,6.927260906417246,21.0,1,-0.209519138232519,20.364414033684678,20.5,21.5
2111.0,21.035985544264143,21.25870227240382,6.926793753674912,21.0,0,-0.25870227240381993,21.75053361411683,20.5,21.5
2112.0,21.033163705906027,21.23166825380297,6.926325133595316,21.0,0,-0.23166825380296885,20.961328067794458,20.5,21.5
2113.0,21.030342338191566,21.1570673795727,6.925855046535334,21.0,1,-0.15706737957269823,20.411058637269992,20.5,21.5
2114.0,21.047521440733234,21.251801596781497,6.925383492852958,21.0,0,-0.2518015967814975,22.19914376886949,20.5,21.5
2115.0,21.044697013143658,21.322604742192347,6.924910472907294,21.0,0,-0.3226047421923468,22.03063619630084,20.5,21.5
2116.0,21.041873055835612,21.41333558641229,6.924435987058571,21.0,0,-0.4133355864122912,22.320644028611735,20.5,21.5
2117.0,21.039049568421856,21.487217742833945,6.923960035668127,21.0,0,-0.4872177428339448,22.22603930705048,20.5,21.5
2118.0,21.036226550515305,21.564500759828857,6.923482619098422,21.0,0,-0.5645007598288565,22.337330929777973,20.5,21.5
2119.0,21.03340400172902,21.55396278110989,6.92300373771303,21.0,0,-0.5539627811098917,21.448582993920244,20.5,21.5
2120.0,21.03058192167622,21.490293701364088,6.922523391876638,21.0,0,-0.490293701364088,20.85360290390605,20.5,21.5
2121.0,21.027760309970258,21.39533622228563,6.922041581955051,21.0,1,-0.3953362222856285,20.445761431501033,20.5,21.5
2122.0,21.044939166224655,21.402155762984833,6.921558308315188,21.0,1,-0.40215576298483313,21.47035116997688,20.5,21.5
2123.0,21.062114490053073,21.427524571136036,6.921073571325084,21.0,0,-0.42752457113603626,21.681212652648068,20.5,21.5
2124.0,21.059286281869326,21.41669329079588,6.920587371353886,21.0,0,-0.41669329079588024,21.30838048739432,20.5,21.5
2125.0,21.056458542087224,21.421926586721565,6.920099708771858,21.0,0,-0.4219265867215647,21.47425954597841,20.5,21.5
2126.0,21.05363127032056,21.394426781330573,6.919610583950374,21.0,0,-0.39442678133057285,21.119428727420654,20.5,21.5
2127.0,21.050804466183287,21.371715434786292,6.919119997261925,21.0,0,-0.3717154347862923,21.144601969343487,20.5,21.5
2128.0,21.047978129289504,21.314470911968847,6.918627949080115,21.0,0,-0.31447091196884713,20.742025683794395,20.5,21.5
2129.0,21.045152259253463,21.217326147417914,6.918134439779659,21.0,1,-0.21732614741791423,20.245878501908585,20.5,21.5
2130.0,21.06232685568957,21.184706593509823,6.917639469736386,21.0,1,-0.18470659350982288,20.85851105442891,20.5,21.5
2131.0,21.07949791821238,21.187090538409407,6.917143039327238,21.0,1,-0.18709053840940726,21.21092998740525,20.5,21.5
2132.0,21.096665447236603,21.181351931312687,6.916645148930266,21.0,1,-0.1813519313126868,21.123965860345482,20.5,21.5
2133.0,21.113829443176943,21.211687563867752,6.916145798924639,21.0,0,-0.211687563867752,21.515043889418404,20.5,21.5
2134.0,21.110989906448093,21.39392720846597,6.91564498969063,21.0,0,-0.3939272084659713,23.216323654448164,20.5,21.5
2135.0,21.10815083746474,21.46695141752773,6.915142721609629,21.0,0,-0.4669514175277314,22.197193508145332,20.5,21.5
2136.0,21.10531223584157,21.506122827279437,6.914638995064134,21.0,0,-0.5061228272794374,21.897836924796497,20.5,21.5
2137.0,21.102474101193415,21.50975073907812,6.9141338104377565,21.0,0,-0.5097507390781217,21.546029857064966,20.5,21.5
2138.0,21.099636433135263,21.440573212932094,6.913627168115215,21.0,0,-0.44057321293209384,20.748797951471815,20.5,21.5
2139.0,21.096799231282258,21.29839006741283,6.91311906848234,21.0,1,-0.2983900674128286,19.876558612220176,20.5,21.5
2140.0,21.113962495249698,21.221744971509157,6.912609511926071,21.0,1,-0.22174497150915684,20.45529401247244,20.5,21.5
2141.0,21.131122224653033,21.19546438362313,6.9120984988344585,21.0,1,-0.19546438362312912,20.932658504762852,20.5,21.5
2142.0,21.14827841990787,21.187190837900978,6.91158602959666,21.0,1,-0.18719083790097812,21.104455380679468,20.5,21.5
2143.0,21.16543108142981,21.284366162513447,6.911072104602945,21.0,0,-0.2843661625134466,22.25611940863813,20.5,21.5
2144.0,21.16258020963444,21.336704279741724,6.910556724244687,21.0,0,-0.3367042797417241,21.8600854520245,20.5,21.5
2145.0,21.159729804937363,21.445046711424304,6.9100398889143735,21.0,0,-0.44504671142430396,22.528471028250102,20.5,21.5
2146.0,21.15687986695416,21.476385182647242,6.909521599005595,21.0,0,-0.47638518264724183,21.78976989487662,20.5,21.5
2147.0,21.15403039530057,21.517038003276685,6.909001854913052,21.0,0,-0.517038003276685,21.923566209571117,20.5,21.5
2148.0,21.15118138959249,21.461348207495018,6.908480657032554,21.0,0,-0.4613482074950177,20.904450249678344,20.5,21.5
2149.0,21.14833284944598,21.446396837283423,6.907958005761014,21.0,0,-0.44639683728342305,21.296883135167477,20.5,21.5
2150.0,21.145484774477243,21.50087147787452,6.907433901496454,21.0,0,-0.5008714778745187,22.045617883785475,20.5,21.5
2151.0,21.14263716430265,21.42355532743824,6.906908344638002,21.0,0,-0.4235553274382404,20.650393823075458,20.5,21.5
2152.0,21.139790018538715,21.375592466785697,6.906381335585894,21.0,0,-0.37559246678569735,20.895963860260267,20.5,21.5
2153.0,21.136943336802126,21.39042959603266,6.905852874741469,21.0,0,-0.3904295960326607,21.538800888502294,20.5,21.5
2154.0,21.134097118709715,21.409255937970677,6.905322962507173,21.0,0,-0.40925593797067705,21.59751935735084,20.5,21.5
2155.0,21.131251363878473,21.403797655121274,6.904791599286557,21.0,0,-0.40379765512127364,21.34921482662724,20.5,21.5
2156.0,21.128406071925554,21.39815241474178,6.904258785484277,21.0,0,-0.3981524147417801,21.341700010946845,20.5,21.5
2157.0,21.125561242468265,21.375406379479557,6.903724521506096,21.0,0,-0.375406379479557,21.147946026857326,20.5,21.5
2158.0,21.122716875124073,21.348638583045968,6.903188807758877,21.0,0,-0.3486385830459682,21.08096061871008,20.5,21.5
2159.0,21.1198729695106,21.40984278148236,6.9026516446505894,21.0,0,-0.40984278148236086,22.021884765846288,20.5,21.5
2160.0,21.117029525245627,21.345650111817964,6.902113032590307,21.0,0,-0.3456501118179638,20.703723415173993,20.5,21.5
2161.0,21.114186541947095,21.42389975128616,6.901572971988207,21.0,0,-0.42389975128616086,22.20639614596813,20.5,21.5
2162.0,21.111344019233105,21.499647101625488,6.901031463255567,21.0,0,-0.499647101625488,22.25712060501876,20.5,21.5
2163.0,21.10850195672191,21.5693061169543,6.900488506804772,21.0,0,-0.5693061169543014,22.265896270242436,20.5,21.5
2164.0,21.105660354031926,21.53943150259022,6.899944103049306,21.0,0,-0.5394315025902188,21.240685358949392,20.5,21.5
2165.0,21.10281921078173,21.558341954854654,6.8993982524037545,21.0,0,-0.5583419548546544,21.74744647749901,20.5,21.5
2166.0,21.099978526590053,21.574838150847693,6.898850955283808,21.0,0,-0.5748381508476932,21.73980011077808,20.5,21.5
2167.0,21.09713830107579,21.60597099725938,6.898302212106257,21.0,0,-0.6059709972593801,21.91729946137625,20.5,21.5
2168.0,21.094298533857998,21.59153004922291,6.8977520232889935,21.0,0,-0.5915300492229107,21.447120568858217,20.5,21.5
2169.0,21.091459224555884,21.58416291332825,6.89720038925101,21.0,0,-0.5841629133282495,21.510491554381638,20.5,21.5
2170.0,21.088620372788824,21.587623579592332,6.896647310412399,21.0,0,-0.5876235795923321,21.622230242233158,20.5,21.5
2171.0,21.08578197817635,21.57202077407326,6.896092787194355,21.0,0,-0.572020774073259,21.415992718882528,20.5,21.5
2172.0,21.082944040338152,21.51489215288144,6.895536820019172,21.0,0,-0.5148921528814405,20.943605940963256,20.5,21.5
2173.0,21.080106558894087,21.44231722979374,6.894979409310242,21.0,0,-0.44231722979374055,20.71656799891674,20.5,21.5
2174.0,21.07726953346417,21.416159633521687,6.894420555492058,21.0,0,-0.41615963352168706,21.154583670801152,20.5,21.5
2175.0,21.074432963668578,21.345953154121734,6.893860258990212,21.0,0,-0.3459531541217338,20.6438883601222,20.5,21.5
2176.0,21.07159684912764,21.324645348472632,6.893298520231393,21.0,0,-0.3246453484726324,21.11156729198162,20.5,21.5
2177.0,21.06876118946186,21.314055282617648,6.892735339643391,21.0,0,-0.31405528261764815,21.208154624067806,20.5,21.5
2178.0,21.065925984291898,21.28666651617868,6.892170717655091,21.0,0,-0.28666651617868055,21.012778851789005,20.5,21.5
2179.0,21.06309123323857,21.26750387753833,6.8916046546964775,21.0,0,-0.2675038775383314,21.07587749113484,20.5,21.5
2180.0,21.06025693592286,21.283907311628163,6.891037151198634,21.0,0,-0.2839073116281625,21.447941652526474,20.5,21.5
2181.0,21.057423091965916,21.278382169967692,6.890468207593736,21.0,0,-0.27838216996769205,21.223130753362987,20.5,21.5
2182.0,21.05458970098904,21.293571687923155,6.889897824315062,21.0,0,-0.2935716879231549,21.445466867477784,20.5,21.5
2183.0,21.051756762613707,21.406067928694576,6.889326001796981,21.0,0,-0.40606792869457564,22.531030336408783,20.5,21.5
2184.0,21.048924276461545,21.373848044416253,6.888752740474962,21.0,0,-0.37384804441625263,21.051649201633023,20.5,21.5
2185.0,21.046092242154348,21.368762651211807,6.888178040785569,21.0,0,-0.3687626512118065,21.317908719167345,20.5,21.5
2186.0,21.043260659314075,21.39215891405068,6.887601903166459,21.0,0,-0.39215891405067893,21.626121542439403,20.5,21.5
2187.0,21.040429527562846,21.339279167797212,6.887024328056388,21.0,0,-0.339279167797212,20.810481705262543,20.5,21.5
2188.0,21.037598846522943,21.280072692582998,6.886445315895202,21.0,0,-0.2800726925829977,20.688007940440855,20.5,21.5
2189.0,21.03476861581682,21.299603893394437,6.885864867123846,21.0,0,-0.29960389339443694,21.49491590150883,20.5,21.5
2190.0,21.03193883506708,21.316209971115832,6.885282982184357,21.0,0,-0.31620997111583193,21.482270748329782,20.5,21.5
2191.0,21.029109503896503,21.29712997857543,6.884699661519864,21.0,0,-0.29712997857543044,21.106330053171416,20.5,21.5
2192.0,21.026280621928027,21.307941895049048,6.884114905574593,21.0,0,-0.3079418950490478,21.41606105978522,20.5,21.5
2193.0,21.023452188784756,21.357805382539407,6.883528714793861,21.0,0,-0.3578053825394072,21.856440257443,20.5,21.5
2194.0,21.02062420408996,21.363863855215726,6.882941089624076,21.0,0,-0.36386385521572606,21.424448581978915,20.5,21.5
2195.0,21.017796667467067,21.28830084084309,6.882352030512742,21.0,0,-0.28830084084308893,20.532670697116718,20.5,21.5
2196.0,21.014969578539677,21.28734321677881,6.881761537908451,21.0,0,-0.2873432167788117,21.27776697613604,20.5,21.5
2197.0,21.01214293693155,21.285852309396187,6.881169612260891,21.0,0,-0.2858523093961871,21.27094323556994,20.5,21.5
2198.0,21.009316742266616,21.257306305821167,6.880576254020838,21.0,0,-0.2573063058211673,20.97184627007097,20.5,21.5
2199.0,21.006490994168967,21.187903339471045,6.87998146364016,21.0,1,-0.18790333947104543,20.493873675969827,20.5,21.5
2200.0,21.02366569226286,21.270230475437256,6.879385241571817,21.0,0,-0.27023047543725554,22.093501835099357,20.5,21.5
2201.0,21.020836836172723,21.275485261062602,6.878787588269857,21.0,0,-0.2754852610626024,21.32803311731607,20.5,21.5
2202.0,21.018008426323142,21.213258477053355,6.878188504189419,21.0,0,-0.21325847705335477,20.59099063696088,20.5,21.5
2203.0,21.015180462338716,21.15349147971299,6.877587989786731,21.0,0,-0.15349147971299004,20.555821506309343,20.5,21.5
2204.0,21.012352943844206,21.273808810390996,6.8769860455191125,21.0,0,-0.2738088103909959,22.476982117171055,20.5,21.5
2205.0,21.00952587046454,21.290340017940597,6.8763826718449685,21.0,0,-0.29034001794059705,21.45565209343661,20.5,21.5
2206.0,21.006699241824816,21.2927060307745,6.875777869223795,21.0,0,-0.2927060307745002,21.31636615911353,20.5,21.5
2207.0,21.003873057550294,21.446126207878354,6.875171638116177,21.0,0,-0.4461262078783541,22.980327978916893,20.5,21.5
2208.0,21.00104731726641,21.410671087489412,6.874563978983783,21.0,0,-0.41067108748941195,21.05611988359999,20.5,21.5
2209.0,20.998222020598753,21.33852041328354,6.873954892289374,21.0,0,-0.33852041328353977,20.617013671224818,20.5,21.5
2210.0,20.995397167173092,21.29176057081714,6.873344378496795,21.0,0,-0.29176057081713935,20.824162146153135,20.5,21.5
2211.0,20.992572756615356,21.292893625940298,6.8727324380709796,21.0,0,-0.2928936259402981,21.304224177171886,20.5,21.5
2212.0,20.989748788551648,21.225152674213273,6.872119071477947,21.0,0,-0.22515267421327323,20.547743156943024,20.5,21.5
2213.0,20.98692526260823,21.252739648040073,6.871504279184801,21.0,0,-0.2527396480400732,21.528609386308073,20.5,21.5
2214.0,20.984102178411547,21.23595018536796,6.870888061659734,21.0,0,-0.23595018536796175,21.068055558646847,20.5,21.5
2215.0,20.981279535588197,21.27014685891647,6.870270419372023,21.0,0,-0.27014685891646906,21.612113594401542,20.5,21.5
2216.0,20.978457333764954,21.284698011935767,6.869651352792029,21.0,0,-0.2846980119357667,21.430209542128743,20.5,21.5
2217.0,20.97563557256876,21.29238941304111,6.869030862391197,21.0,0,-0.29238941304111066,21.36930342409455,20.5,21.5
2218.0,20.972814251626723,21.294224937676525,6.86840894864206,21.0,0,-0.2942249376765247,21.312580184030665,20.5,21.5
2219.0,20.969993370566126,21.367281022937085,6.867785612018229,21.0,0,-0.3672810229370853,22.09784187554269,20.5,21.5
2220.0,20.967172929014417,21.389776157967482,6.867160852994403,21.0,0,-0.3897761579674821,21.61472750827145,20.5,21.5
2221.0,20.96435292659921,21.340046870085803,6.866534672046365,21.0,0,-0.3400468700858035,20.842753991269017,20.5,21.5
2222.0,20.961533362948302,21.290267918680126,6.865907069650978,21.0,0,-0.2902679186801258,20.79247840462335,20.5,21.5
2223.0,20.95871423768964,21.29775798969721,6.865278046286188,21.0,0,-0.29775798969721023,21.372658699868055,20.5,21.5
2224.0,20.95589555045136,21.207422271418004,6.864647602431024,21.0,1,-0.20742227141800385,20.30406508862594,20.5,21.5
2225.0,20.973077300861753,21.1938738586329,6.864015738565597,21.0,1,-0.19387385863290163,21.05838973078188,20.5,21.5
2226.0,20.990255488549295,21.147410717703828,6.863382455171098,21.0,1,-0.14741071770382774,20.68277930841309,20.5,21.5
2227.0,21.00743011394262,21.13280983679859,6.8627477527298,21.0,1,-0.1328098367985895,20.986801027746207,20.5,21.5
2228.0,21.024601177470377,21.201353536496566,6.862111631725057,21.0,0,-0.2013535364965655,21.886790533476326,20.5,21.5
2229.0,21.021768679561227,21.31105521213278,6.861474092641302,21.0,0,-0.31105521213277854,22.40807196849491,20.5,21.5
2230.0,21.018936620643842,21.267667679693904,6.860835135964049,21.0,0,-0.26766767969390415,20.83379235530516,20.5,21.5
2231.0,21.016105000346908,21.418375507733895,6.860194762179892,21.0,0,-0.4183755077338951,22.925453788133805,20.5,21.5
2232.0,21.013273818299275,21.410597269811,6.859552971776503,21.0,0,-0.4105972698109994,21.332814890582043,20.5,21.5
2233.0,21.01044307412997,21.34520791257119,6.8589097652426325,21.0,0,-0.34520791257119043,20.6913143401731,20.5,21.5
2234.0,21.007612767468192,21.30964206547227,6.858265143068112,21.0,0,-0.30964206547227136,20.95398359448308,20.5,21.5
2235.0,21.00478289794331,21.339292775225626,6.857619105743849,21.0,0,-0.3392927752256263,21.635799872759176,20.5,21.5
2236.0,21.001953465184872,21.23648265762099,6.856971653761827,21.0,1,-0.2364826576209893,20.20838148157462,20.5,21.5
2237.0,21.01912446882259,21.2949511155823,6.856322787615111,21.0,0,-0.29495111558230036,21.87963569519541,20.5,21.5
2238.0,21.016291908486348,21.43054091976662,6.8556725077978395,21.0,0,-0.4305409197666208,22.786438961609825,20.5,21.5
2239.0,21.013459784606212,21.44265048806875,6.85502081480523,21.0,0,-0.4426504880687503,21.563746171090045,20.5,21.5
2240.0,21.01062809681225,21.440380065200564,6.854367709133575,21.0,0,-0.4403800652005643,21.417675836518704,20.5,21.5
2241.0,21.007796844734717,21.500760627006997,6.853713191280241,21.0,0,-0.5007606270069971,22.104566245071325,20.5,21.5
2242.0,21.004966028004027,21.496934828905708,6.8530572617436745,21.0,0,-0.49693482890570806,21.458676847892818,20.5,21.5
2243.0,21.002135646250775,21.44248305323944,6.852399921023393,21.0,0,-0.4424830532394388,20.897965296576746,20.5,21.5
2244.0,20.99930569910573,21.374805943652813,6.85174116961999,21.0,0,-0.37480594365281306,20.698034847786555,20.5,21.5
2245.0,20.996476186199832,21.362790679243158,6.851081008035133,21.0,0,-0.3627906792431581,21.24263803514661,20.5,21.5
2246.0,20.9936471071642,21.33681833271199,6.850419436771564,21.0,0,-0.3368183327119887,21.077094867400294,20.5,21.5
2247.0,20.990818461630123,21.352491010053225,6.8497564563330995,21.0,0,-0.3524910100532246,21.509217783465584,20.5,21.5
2248.0,20.987990249229064,21.29425311984866,6.8490920672246265,21.0,0,-0.29425311984865843,20.711874217802997,20.5,21.5
2249.0,20.985162469592662,21.328733357318562,6.848426269952107,21.0,0,-0.328733357318562,21.673535732017598,20.5,21.5
2250.0,20.982335122352733,21.396204352386103,6.847759065022574,21.0,0,-0.3962043523861034,22.070914303061517,20.5,21.5
2251.0,20.97950820714127,21.37443903331231,6.847090452944133,21.0,0,-0.37443903331231,21.156785842574376,20.5,21.5
2252.0,20.976681723590428,21.30960473150901,6.846420434225962,21.0,0,-0.30960473150900825,20.66126171347599,20.5,21.5
2253.0,20.973855671332554,21.329884437778553,6.845749009378308,21.0,0,-0.3298844377785528,21.532681500474,20.5,21.5
2254.0,20.971030050000163,21.34525498926046,6.8450761789124925,21.0,0,-0.34525498926046083,21.49896050407954,20.5,21.5
2255.0,20.968204859225946,21.220771627703222,6.844401943340904,21.0,1,-0.2207716277032219,19.975938012130833,20.5,21.5
2256.0,20.985380098642768,21.274391253976,6.843726303177001,21.0,0,-0.27439125397599895,21.81058751670377,20.5,21.5
2257.0,20.982551767883674,21.30827932571118,6.843049258935315,21.0,0,-0.30827932571117955,21.647160043062986,20.5,21.5
2258.0,20.979723867381885,21.26308491177974,6.842370811131443,21.0,0,-0.2630849117797389,20.811140772465333,20.5,21.5
2259.0,20.976896396770634,21.249029659899033,6.841690960282053,21.0,0,-0.24902965989903336,21.108477141091978,20.5,21.5
2260.0,20.974069355683337,21.279132883279264,6.841009706904881,21.0,0,-0.27913288327926367,21.580165117081567,20.5,21.5
2261.0,20.97124274375358,21.30997131010527,6.840327051518731,21.0,0,-0.30997131010526857,21.618355578365318,20.5,21.5
2262.0,20.968416560615136,21.25508200075763,6.839642994643476,21.0,0,-0.25508200075762844,20.706188907281227,20.5,21.5
2263.0,20.965590805901943,21.223298675613133,6.838957536800052,21.0,0,-0.2232986756131332,20.90546542416818,20.5,21.5
2264.0,20.962765479248123,21.12774248501337,6.838270678510469,21.0,1,-0.12774248501337127,20.172180579015752,20.5,21.5
2265.0,20.979940580287977,21.122791296207016,6.837582420297797,21.0,1,-0.12279129620701568,21.07327940814346,20.5,21.5
2266.0,20.99711210865598,21.029045539722595,6.836892762686174,21.0,1,-0.029045539722595493,20.091587974878394,20.5,21.5
2267.0,21.014280064786785,21.034143382068198,6.836201706200806,21.0,1,-0.03414338206819778,21.08512180552422,20.5,21.5
2268.0,21.031444449115067,21.07905095862765,6.835509251367963,21.0,0,-0.07905095862765066,21.52812672422218,20.5,21.5
2269.0,21.02860526207552,21.240534115441655,6.8348153987149765,21.0,0,-0.2405341154416547,22.855365683581695,20.5,21.5
2270.0,21.025766504102847,21.290740967445007,6.834120148770248,21.0,0,-0.2907409674450072,21.792809487478532,20.5,21.5
2271.0,21.02292817483178,21.32887761377391,6.833423502063241,21.0,0,-0.32887761377390845,21.71024407706292,20.5,21.5
2272.0,21.020090273897225,21.42146010519766,6.832725459124479,21.0,0,-0.4214601051976601,22.347285019435176,20.5,21.5
2273.0,21.01725280093427,21.460541629278854,6.832026020485555,21.0,0,-0.460541629278854,21.851356870090793,20.5,21.5
2274.0,21.01441575557818,21.338818971278965,6.8313251866791225,21.0,1,-0.33881897127896465,20.12159239128007,20.5,21.5
2275.0,21.0315791374644,21.26170448136788,6.830622958238894,21.0,1,-0.2617044813678788,20.49055958225702,20.5,21.5
2276.0,21.048738946228557,21.227003090152607,6.82991933569965,21.0,1,-0.227003090152607,20.87998917799989,20.5,21.5
2277.0,21.065895182306452,21.24984329786277,6.829214319597227,21.0,1,-0.24984329786277115,21.478245374964413,20.5,21.5
2278.0,21.08304784613391,21.19509669265714,6.828507910468527,21.0,1,-0.19509669265713825,20.64763064060081,20.5,21.5
2279.0,21.100196938146777,21.248754708848793,6.827800108851512,21.0,0,-0.24875470884879292,21.78533487076534,20.5,21.5
2280.0,21.09734245878092,21.329455994800774,6.8270909152852015,21.0,0,-0.3294559948007745,22.13646885432059,20.5,21.5
2281.0,21.09448840847222,21.41187198188908,6.8263803303096795,21.0,0,-0.4118719818890817,22.236031852772154,20.5,21.5
2282.0,21.091634786856588,21.406670480438542,6.825668354466085,21.0,0,-0.40667048043854237,21.35465546593315,20.5,21.5
2283.0,21.08878159357011,21.411650826977297,6.824954988296621,21.0,0,-0.41165082697729716,21.461454292364845,20.5,21.5
2284.0,21.085928828249056,21.479377211199,6.824240232344546,21.0,0,-0.4793772111990009,22.15664105341604,20.5,21.5
2285.0,21.083076490529876,21.463733025365322,6.823524087154177,21.0,0,-0.4637330253653218,21.30729116702853,20.5,21.5
2286.0,21.0802245800492,21.363470990932278,6.82280655327089,21.0,1,-0.36347099093227797,20.36085064660184,20.5,21.5
2287.0,21.097373096443846,21.388872779000927,6.82208763124112,21.0,0,-0.388872779000927,21.642890659687417,20.5,21.5
2288.0,21.094518039350806,21.455744507112385,6.821367321612354,21.0,0,-0.4557445071123851,22.124461788226967,20.5,21.5
2289.0,21.091663409207257,21.45011120598678,6.820645624933142,21.0,0,-0.45011120598677934,21.39377819473072,20.5,21.5
2290.0,21.088809205650403,21.437236862368543,6.819922541753087,21.0,0,-0.4372368623685432,21.308493426186182,20.5,21.5
2291.0,21.085955428317625,21.464854849973893,6.8191980726228465,21.0,0,-0.4648548499738929,21.74103472602739,20.5,21.5
2292.0,21.083102076846487,21.3595870676882,6.818472218094137,21.0,1,-0.35958706768819937,20.306909244831264,20.5,21.5
2293.0,21.100249150874735,21.2921190484726,6.817744978719729,21.0,1,-0.29211904847259973,20.617438856316603,20.5,21.5
2294.0,21.117392650040305,21.270726345923315,6.817016355053443,21.0,1,-0.2707263459233147,21.056799320430464,20.5,21.5
2295.0,21.134532574781307,21.295395658265967,6.816286347650163,21.0,0,-0.29539565826596714,21.54208878169249,20.5,21.5
2296.0,21.13166892553588,21.289305976140007,6.815554957065817,21.0,0,-0.28930597614000675,21.228409154880403,20.5,21.5
2297.0,21.128805702742188,21.367391478424853,6.814822183857394,21.0,0,-0.3673914784248531,22.148246501273317,20.5,21.5
2298.0,21.12594290603841,21.46204249144965,6.81408802858293,21.0,0,-0.46204249144965104,22.40855262169763,20.5,21.5
2299.0,21.12308053506292,21.46611016623429,6.813352491801518,21.0,0,-0.4661101662342908,21.50678691408069,20.5,21.5
2300.0,21.120218589454264,21.529992888325687,6.8126155740733,21.0,0,-0.5299928883256868,22.168820109239647,20.5,21.5
2301.0,21.117357068851188,21.56792385864268,6.811877275959472,21.0,0,-0.5679238586426791,21.947233561812602,20.5,21.5
2302.0,21.11449597289261,21.44952778721679,6.811137598022279,21.0,1,-0.4495277872167911,20.26556707295791,20.5,21.5
2303.0,21.131635301217635,21.339923082158403,6.810396540825019,21.0,1,-0.3399230821584034,20.243876031574526,20.5,21.5
2304.0,21.148771053465556,21.38336644616348,6.809654104932039,21.0,0,-0.38336644616347826,21.817800086214227,20.5,21.5
2305.0,21.14590323007585,21.361254115354765,6.808910290908736,21.0,0,-0.3612541153547646,21.140130807267628,20.5,21.5
2306.0,21.143035831488014,21.363268808667563,6.808165099321557,21.0,0,-0.36326880866756284,21.383415741795545,20.5,21.5
2307.0,21.140168857341582,21.4996647808089,6.807418530737998,21.0,0,-0.4996647808088994,22.863624502222265,20.5,21.5
2308.0,21.13730230727626,21.49327420195755,6.806670585726602,21.0,0,-0.4932742019575507,21.429368413444063,20.5,21.5
2309.0,21.134436180931953,21.425496702626447,6.805921264856963,21.0,0,-0.4254967026264467,20.747721709315407,20.5,21.5
2310.0,21.13157047794874,21.407783434914304,6.8051705686997215,21.0,0,-0.4077834349143039,21.230650757792876,20.5,21.5
2311.0,21.128705197966887,21.322231911899955,6.804418497826565,21.0,1,-0.32223191189995504,20.466716681756466,20.5,21.5
2312.0,21.145840340626858,21.269360942372852,6.803665052810228,21.0,1,-0.26936094237285246,20.740651247101827,20.5,21.5
2313.0,21.162971905569293,21.352429166882462,6.802910234224491,21.0,0,-0.3524291668824624,22.18311141197856,20.5,21.5
2314.0,21.160099893235024,21.32317437852162,6.802154042644183,21.0,0,-0.323174378521621,21.030626494913207,20.5,21.5
2315.0,21.157228304064905,21.272816583052656,6.8013964786451755,21.0,0,-0.27281658305265566,20.769238628363002,20.5,21.5
2316.0,21.154357137699822,21.348089276748198,6.800637542804387,21.0,0,-0.34808927674819756,22.100816213703617,20.5,21.5
2317.0,21.151486393780843,21.403636408090016,6.79987723569978,21.0,0,-0.40363640809001566,21.959107721508197,20.5,21.5
2318.0,21.148616071949228,21.384497343215624,6.799115557910361,21.0,0,-0.38449734321562445,21.193106694471712,20.5,21.5
2319.0,21.14574617184642,21.33999781256057,6.798352510016181,21.0,0,-0.3399978125605685,20.89500250601001,20.5,21.5
2320.0,21.142876693114054,21.462600066513343,6.7975880925983345,21.0,0,-0.4626000665133425,22.688622606041083,20.5,21.5
2321.0,21.14000763539395,21.48421389966311,6.7968223062389574,21.0,0,-0.4842138996631107,21.700352231160792,20.5,21.5
2322.0,21.13713899832812,21.399785174651612,6.796055151521231,21.0,0,-0.3997851746516119,20.555497924536624,20.5,21.5
2323.0,21.134270781558758,21.405744657766306,6.795286629029377,21.0,0,-0.40574465776630575,21.465339488913244,20.5,21.5
2324.0,21.13140298472825,21.52523000195999,6.794516739348657,21.0,0,-0.52523000195999,22.720083443896833,20.5,21.5
2325.0,21.128535607479176,21.47024093137808,6.7937454830653765,21.0,0,-0.4702409313780791,20.92035022555897,20.5,21.5
2326.0,21.125668649454294,21.45109206784759,6.792972860766881,21.0,0,-0.4510920678475898,21.259603432542697,20.5,21.5
2327.0,21.122802110296558,21.46284098390833,6.7921988730415555,21.0,0,-0.46284098390832895,21.58033014451572,20.5,21.5
2328.0,21.119935989649107,21.526584818282707,6.791423520478826,21.0,0,-0.5265848182827071,22.16402316202649,20.5,21.5
2329.0,21.117070287155272,21.54304253960201,6.790646803669156,21.0,0,-0.5430425396020091,21.70761975279503,20.5,21.5
2330.0,21.114205002458576,21.47550177009864,6.78986872320405,21.0,0,-0.4755017700986386,20.800094075064933,20.5,21.5
2331.0,21.111340135202724,21.5057896115005,6.78908927967605,21.0,0,-0.5057896115005001,21.808668025519115,20.5,21.5
2332.0,21.108475685031618,21.508707009508004,6.788308473678736,21.0,0,-0.5087070095080044,21.537880989583048,20.5,21.5
2333.0,21.105611651589346,21.442449814483034,6.787526305806726,21.0,0,-0.4424498144830338,20.779877864233328,20.5,21.5
2334.0,21.10274803452019,21.32467213441419,6.786742776655675,21.0,1,-0.32467213441418963,20.146895333725748,20.5,21.5
2335.0,21.119884833468618,21.34991506963057,6.785957886822274,21.0,0,-0.34991506963056906,21.602344421794363,20.5,21.5
2336.0,21.117018048079288,21.32923149453937,6.785171636904251,21.0,0,-0.3292314945393713,21.122395743627393,20.5,21.5
2337.0,21.114151678797054,21.36482379559947,6.784384027500369,21.0,0,-0.3648237955994702,21.72074680620046,20.5,21.5
2338.0,21.111285725266793,21.393344781497156,6.783595059210429,21.0,0,-0.3933447814971558,21.67855464047401,20.5,21.5
2339.0,21.108420187133582,21.37681284747228,6.782804732635261,21.0,0,-0.37681284747228005,21.211493507223523,20.5,21.5
2340.0,21.105555064042683,21.424211207511327,6.782013048376736,21.0,0,-0.4242112075113269,21.898194807901795,20.5,21.5
2341.0,21.10269035563955,21.369679834468144,6.781220007037755,21.0,0,-0.369679834468144,20.824366104036315,20.5,21.5
2342.0,21.09982606156983,21.378252944068386,6.780425609222253,21.0,0,-0.37825294406838594,21.463984040070805,20.5,21.5
2343.0,21.09696218147936,21.364893415172975,6.7796298555352,21.0,0,-0.36489341517297547,21.23129812621887,20.5,21.5
2344.0,21.09409871501417,21.39768299349033,6.778832746582595,21.0,0,-0.3976829934903314,21.72557877666389,20.5,21.5
2345.0,21.091235661820484,21.45123494236662,6.778034282971473,21.0,0,-0.45123494236662154,21.986754431129523,20.5,21.5
2346.0,21.088373021544715,21.414026758098426,6.777234465309897,21.0,0,-0.4140267580984265,21.041944915416476,20.5,21.5
2347.0,21.085510793833468,21.351367841578487,6.776433294206965,21.0,0,-0.35136784157848666,20.72477867637909,20.5,21.5
2348.0,21.08264897833354,21.34512434763598,6.7756307702728025,21.0,0,-0.34512434763598066,21.28268940821092,20.5,21.5
2349.0,21.079787574691927,21.376102818899334,6.774826894118567,21.0,0,-0.3761028188993336,21.685887531532863,20.5,21.5
2350.0,21.076926582555814,21.27326605714943,6.774021666356443,21.0,1,-0.2732660571494314,20.24489843965041,20.5,21.5
2351.0,21.094066001572575,21.34862418392974,6.77321508759965,21.0,0,-0.34862418392973993,22.102205451732825,20.5,21.5
2352.0,21.09120183138978,21.43390919431502,6.772407158462429,21.0,0,-0.43390919431502084,22.28675929816783,20.5,21.5
2353.0,21.088338072455198,21.443005548107173,6.771597879560057,21.0,0,-0.4430055481071733,21.533969086028698,20.5,21.5
2354.0,21.085474724416617,21.496058269965072,6.770787251508832,21.0,0,-0.4960582699650722,22.02658548854406,20.5,21.5
2355.0,21.082611786922037,21.481856673369027,6.769975274926084,21.0,0,-0.4818566733690268,21.339840707408573,20.5,21.5
2356.0,21.07974925961964,21.438254466339114,6.769161950430168,21.0,0,-0.4382544663391137,21.002232396039982,20.5,21.5
2357.0,21.0768871421578,21.356905212636796,6.768347278640467,21.0,0,-0.3569052126367964,20.543412675613624,20.5,21.5
2358.0,21.0740254341851,21.318296709577112,6.767531260177387,21.0,0,-0.31829670957711187,20.932211678980266,20.5,21.5
2359.0,21.071164135350298,21.260124288878778,6.766713895662363,21.0,0,-0.26012428887877803,20.67840008189544,20.5,21.5
2360.0,21.06830324530236,21.301239237132148,6.765895185717854,21.0,0,-0.3012392371321475,21.712388719665842,20.5,21.5
2361.0,21.06544276369044,21.361901332572778,6.765075130967342,21.0,0,-0.3619013325727778,21.96852228697908,20.5,21.5
2362.0,21.062582690163897,21.383820845776658,6.7642537320353355,21.0,0,-0.38382084577665765,21.603015977815456,20.5,21.5
2363.0,21.05972302437227,21.325214685832087,6.7634309895473645,21.0,0,-0.325214685832087,20.73915308638638,20.5,21.5
2364.0,21.056863765965307,21.33097724084518,6.762606904129985,21.0,0,-0.3309772408451792,21.3886027909761,20.5,21.5
2365.0,21.05400491459294,21.27510347708113,6.761781476410771,21.0,0,-0.2751034770811316,20.716365839440655,20.5,21.5
2366.0,21.051146469905305,21.24394557061392,6.760954707018324,21.0,0,-0.24394557061392064,20.93236650594181,20.5,21.5
2367.0,21.048288431552727,21.225505828855695,6.760126596582264,21.0,0,-0.22550582885569526,21.04110841127344,20.5,21.5
2368.0,21.045430799185734,21.25752080074263,6.759297145733233,21.0,0,-0.25752080074262906,21.577670519611967,20.5,21.5
2369.0,21.042573572455044,21.288899239387696,6.758466355102895,21.0,0,-0.2888992393876961,21.602683625838367,20.5,21.5
2370.0,21.039716751011575,21.30704214288587,6.7576342253239305,21.0,0,-0.3070421428858694,21.488471177867602,20.5,21.5
2371.0,21.036860334506436,21.25928547291416,6.756800757030046,21.0,0,-0.2592854729141614,20.78171877319708,20.5,21.5
2372.0,21.034004322590942,21.287261116423174,6.755965950855961,21.0,0,-0.2872611164231742,21.567017551513302,20.5,21.5
2373.0,21.031148714916593,21.306415826033582,6.755129807437418,21.0,0,-0.3064158260335823,21.497962922137663,20.5,21.5
2374.0,21.028293511135097,21.206495693575054,6.754292327411178,21.0,1,-0.2064956935750537,20.207294368989768,20.5,21.5
2375.0,21.045438710898352,21.16362751547091,6.753453511415016,21.0,1,-0.16362751547091037,20.734945734429477,20.5,21.5
2376.0,21.062580313858454,21.150287202330837,6.752613360087727,21.0,1,-0.15028720233083703,21.016884070930104,20.5,21.5
2377.0,21.079718320467702,21.150208457046844,6.751771874069124,21.0,1,-0.15020845704684405,21.149421004206914,20.5,21.5
2378.0,21.096852731178423,21.246066985593238,6.750929054000036,21.0,0,-0.24606698559323803,22.204652271057178,20.5,21.5
2379.0,21.09398354644299,21.32920902249141,6.750084900522305,21.0,0,-0.3292090224914084,22.160629391473112,20.5,21.5
2380.0,21.091114766713805,21.380063693501132,6.749239414278792,21.0,0,-0.3800636935011319,21.888610403598367,20.5,21.5
2381.0,21.088246391643317,21.468556358184447,6.748392595913371,21.0,0,-0.46855635818444696,22.353483005017598,20.5,21.5
2382.0,21.085378420884172,21.48925651223152,6.747544446070931,21.0,0,-0.48925651223152045,21.696258052702255,20.5,21.5
2383.0,21.08251085408921,21.404572234653706,6.746694965397375,21.0,0,-0.4045722346537062,20.557729458875563,20.5,21.5
2384.0,21.07964369091147,21.379554046947145,6.74584415453962,21.0,0,-0.37955404694714545,21.129372169881538,20.5,21.5
2385.0,21.076776931004197,21.396391023169112,6.744992014145594,21.0,0,-0.39639102316911234,21.56476078538878,20.5,21.5
2386.0,21.073910574020825,21.368817954068888,6.744138544864241,21.0,0,-0.36881795406888784,21.093087263066643,20.5,21.5
2387.0,21.071044619614995,21.33231165658452,6.743283747345514,21.0,0,-0.332311656584519,20.96724868174083,20.5,21.5
2388.0,21.06817906744054,21.374350290437132,6.742427622240379,21.0,0,-0.37435029043713186,21.79473662896326,20.5,21.5
2389.0,21.0653139171515,21.44867715867706,6.741570170200812,21.0,0,-0.4486771586770608,22.19194584107635,20.5,21.5
2390.0,21.06244916840211,21.396557549623633,6.740711391879799,21.0,0,-0.3965575496236333,20.87536145908936,20.5,21.5
2391.0,21.059584820846805,21.36364817721602,6.739851287931339,21.0,0,-0.36364817721602094,21.034554453139897,20.5,21.5
2392.0,21.056720874140222,21.393747882404654,6.738989859010438,21.0,0,-0.39374788240465364,21.69474493429098,20.5,21.5
2393.0,21.053857327937195,21.37377979045982,6.738127105773111,21.0,0,-0.373779790459821,21.174098871011495,20.5,21.5
2394.0,21.05099418189276,21.365566494003282,6.737263028876383,21.0,0,-0.3655664940032821,21.283433529437893,20.5,21.5
2395.0,21.048131435662157,21.453289129032747,6.736397628978285,21.0,0,-0.453289129032747,22.330515479327396,20.5,21.5
2396.0,21.04526908890082,21.50567070045927,6.735530906737857,21.0,0,-0.5056707004592695,22.029486414724495,20.5,21.5
2397.0,21.042407141264388,21.475299499195067,6.734662862815146,21.0,0,-0.4752994991950672,21.171587486553044,20.5,21.5
2398.0,21.039545592408697,21.443283465503864,6.733793497871206,21.0,0,-0.443283465503864,21.123123128591832,20.5,21.5
2399.0,21.036684441989788,21.410314980672148,6.732922812568095,21.0,0,-0.41031498067214756,21.080630132354983,20.5,21.5
2400.0,21.033823689663905,21.29725940491534,6.732050807568878,21.0,1,-0.29725940491534075,20.166703647347273,20.5,21.5
2401.0,21.050963335087484,21.253266470179277,6.731177483537624,21.0,1,-0.25326647017927684,20.813337122818638,20.5,21.5
2402.0,21.068099377917175,21.286967461233907,6.730302841139409,21.0,0,-0.2869674612339068,21.623977371780207,20.5,21.5
2403.0,21.06523181860982,21.32846545510629,6.72942688104031,21.0,0,-0.32846545510629,21.74344539383012,20.5,21.5
2404.0,21.062364657622307,21.347294750397793,6.7285496039074095,21.0,0,-0.34729475039779345,21.535587703312828,20.5,21.5
2405.0,21.059497894611564,21.477571818374713,6.727671010408791,21.0,0,-0.4775718183747131,22.78034249814391,20.5,21.5
2406.0,21.056631529234725,21.456242356313545,6.726791101213544,21.0,0,-0.45624235631354537,21.24294773570187,20.5,21.5
2407.0,21.05376556114912,21.43363482194793,6.7259098769917545,21.0,0,-0.4336348219479298,21.207559478291774,20.5,21.5
2408.0,21.05089999001229,21.451406883131686,6.725027338414515,21.0,0,-0.45140688313168553,21.629127494969243,20.5,21.5
2409.0,21.04803481548197,21.4025994326959,6.724143486153917,21.0,0,-0.4025994326959008,20.914524928338054,20.5,21.5
2410.0,21.045170037216103,21.349178110576453,6.723258320883052,21.0,0,-0.3491781105764531,20.814964889381976,20.5,21.5
2411.0,21.042305654872838,21.40010865867931,6.722371843276012,21.0,0,-0.40010865867931145,21.909414139707895,20.5,21.5
2412.0,21.03944166811052,21.37308259471441,6.721484054007887,21.0,0,-0.3730825947144112,21.10282195506541,20.5,21.5
2413.0,21.0365780765877,21.33539825826329,6.72059495375477,21.0,0,-0.3353982582632895,20.958554893752073,20.5,21.5
2414.0,21.03371487996313,21.34508713198252,6.719704543193747,21.0,0,-0.3450871319825204,21.44197586917483,20.5,21.5
2415.0,21.030852077895776,21.354973292464017,6.718812823002906,21.0,0,-0.35497329246401677,21.45383489727898,20.5,21.5
2416.0,21.027989670044796,21.324686669269248,6.717919793861329,21.0,0,-0.32468666926924783,21.02182043732156,20.5,21.5
2417.0,21.02512765606956,21.344252574292927,6.7170254564490985,21.0,0,-0.344252574292927,21.53991162452972,20.5,21.5
2418.0,21.022266035629638,21.347017928486615,6.7161298114472885,21.0,0,-0.34701792848661484,21.374671470423493,20.5,21.5
2419.0,21.019404808384802,21.264056986806104,6.715232859537975,21.0,1,-0.26405698680610357,20.43444757000099,20.5,21.5
2420.0,21.036543973995034,21.161662294254292,6.714334601404225,21.0,1,-0.1616622942542918,20.137715368736174,20.5,21.5
2421.0,21.053679532120515,21.14981415660183,6.7134350377300995,21.0,1,-0.14981415660183117,21.031332780077225,20.5,21.5
2422.0,21.070811483221636,21.143729085219675,6.712534169200657,21.0,1,-0.1437290852196753,21.082878371398117,20.5,21.5
2423.0,21.08793982775883,21.094508806487703,6.711631996501946,21.0,1,-0.09450880648770266,20.602306019167976,20.5,21.5
2424.0,21.105064566192578,21.100343655913477,6.710728520321013,21.0,1,-0.10034365591347694,21.15869215017122,20.5,21.5
2425.0,21.122185698983404,21.29008597061125,6.709823741345893,21.0,0,-0.2900859706112513,23.187509117588995,20.5,21.5
2426.0,21.119303226591878,21.32809435451341,6.708917660265614,21.0,0,-0.32809435451341074,21.708178193535005,20.5,21.5
2427.0,21.11642114947861,21.35514216053588,6.708010277770199,21.0,0,-0.35514216053588044,21.625620220760577,20.5,21.5
2428.0,21.11353946730427,21.345833707947712,6.707101594550655,21.0,0,-0.34583370794771184,21.252749182066026,20.5,21.5
2429.0,21.11065817972972,21.431119242312867,6.706191611298986,21.0,0,-0.43111924231286736,22.283974585964422,20.5,21.5
2430.0,21.107777286416034,21.41705945439026,6.705280328708184,21.0,0,-0.4170594543902588,21.276461575164173,20.5,21.5
2431.0,21.104896787024494,21.387914358544414,6.704367747472231,21.0,0,-0.38791435854441403,21.096463400085966,20.5,21.5
2432.0,21.102016681216583,21.31490710315716,6.703453868286095,21.0,0,-0.31490710315716086,20.58483454928463,20.5,21.5
2433.0,21.099136968653998,21.312176427030238,6.702538691845737,21.0,0,-0.31217642703023785,21.284869665761008,20.5,21.5
2434.0,21.096257648998638,21.284701843115368,6.701622218848103,21.0,0,-0.28470184311536784,21.009956003966668,20.5,21.5
2435.0,21.093378721912607,21.17134672880137,6.700704449991126,21.0,1,-0.17134672880137103,20.037795585661403,20.5,21.5
2436.0,21.11050018705822,21.250255641012416,6.699785385973728,21.0,0,-0.2502556410124157,22.039344763122863,20.5,21.5
2437.0,21.107618044098004,21.308856344073327,6.698865027495816,21.0,0,-0.30885634407332674,21.894863374682437,20.5,21.5
2438.0,21.104736293494682,21.325047397734416,6.6979433752582835,21.0,0,-0.3250473977344157,21.486957934345305,20.5,21.5
2439.0,21.101854934911035,21.3205759052372,6.697020429963008,21.0,0,-0.3205759052371988,21.27586098026503,20.5,21.5
2440.0,21.098973968010046,21.360393896007558,6.696096192312853,21.0,0,-0.3603938960075581,21.75857380371115,20.5,21.5
2441.0,21.096093392454907,21.2886454551441,6.695170663011664,21.0,0,-0.2886454551440991,20.57116104650951,20.5,21.5
2442.0,21.09321320790902,21.22683350500002,6.6942438427642745,21.0,0,-0.22683350500001964,20.608714003559225,20.5,21.5
2443.0,21.090333414035992,21.31934615606607,6.6933157322764965,21.0,0,-0.31934615606607153,22.24447266672659,20.5,21.5
2444.0,21.08745401049964,21.35389970020001,6.692386332255128,21.0,0,-0.35389970020001016,21.699435141539396,20.5,21.5
2445.0,21.084574996963994,21.38225238137049,6.691455643407947,21.0,0,-0.38225238137048834,21.66577919307527,20.5,21.5
2446.0,21.081696373093283,21.427138919623275,6.690523666443712,21.0,0,-0.42713891962327466,21.876004302151138,20.5,21.5
2447.0,21.078818138551952,21.515114173685344,6.689590402072167,21.0,0,-0.515114173685344,22.394866714306037,20.5,21.5
2448.0,21.075940293004656,21.480017225081713,6.688655851004031,21.0,0,-0.4800172250817134,21.129047739045408,20.5,21.5
2449.0,21.073062836116257,21.50681691172418,6.687720013951005,21.0,0,-0.5068169117241794,21.77481377814884,20.5,21.5
2450.0,21.070185767551823,21.48449728894861,6.686782891625771,21.0,0,-0.4844972889486101,21.261301061192917,20.5,21.5
2451.0,21.06730908697664,21.49960119137898,6.685844484741988,21.0,0,-0.4996011913789786,21.650640215682664,20.5,21.5
2452.0,21.06443279405619,21.514627293441198,6.684904794014295,21.0,0,-0.5146272934411975,21.664888314063386,20.5,21.5
2453.0,21.061556888456185,21.54786296490529,6.683963820158305,21.0,0,-0.5478629649052884,21.880219679546197,20.5,21.5
2454.0,21.058681369842525,21.45572582182455,6.6830215638906125,21.0,0,-0.4557258218245508,20.534354391017175,20.5,21.5
2455.0,21.055806237881335,21.400183814924596,6.682078025928785,21.0,0,-0.40018381492459554,20.844763745925043,20.5,21.5
2456.0,21.052931492238944,21.402641262423696,6.681133206991369,21.0,0,-0.40264126242369613,21.427215737414702,20.5,21.5
2457.0,21.050057132581895,21.395441163887728,6.6801871077978845,21.0,0,-0.3954411638877282,21.32344017852805,20.5,21.5
2458.0,21.04718315857694,21.385499718658668,6.679239729068827,21.0,0,-0.38549971865866794,21.286085266368065,20.5,21.5
2459.0,21.044309569891038,21.475751926266536,6.678291071525666,21.0,0,-0.4757519262665362,22.37827400234522,20.5,21.5
2460.0,21.041436366191366,21.44053820888886,6.677341135890849,21.0,0,-0.4405382088888601,21.0884010351121,20.5,21.5
2461.0,21.038563547145305,21.381110991359364,6.676389922887788,21.0,0,-0.381110991359364,20.786838816064403,20.5,21.5
2462.0,21.035691112420455,21.272277935611207,6.6754374332408775,21.0,1,-0.27227793561120706,20.183947378129638,20.5,21.5
2463.0,21.05281906168462,21.262090148119533,6.674483667675478,21.0,1,-0.26209014811953324,21.160212273202795,20.5,21.5
2464.0,21.06994339460582,21.20969978394903,6.673528626917923,21.0,1,-0.20969978394903066,20.685796142244005,20.5,21.5
2465.0,21.087064111652282,21.385379505278685,6.672572311695519,21.0,0,-0.38537950527868503,23.14217671857523,20.5,21.5
2466.0,21.08418121329229,21.412332908047578,6.671614722736541,21.0,0,-0.4123329080475777,21.681866935736505,20.5,21.5
2467.0,21.08129869999418,21.473582398992374,6.670655860770234,21.0,0,-0.47358239899237375,22.086077308440334,20.5,21.5
2468.0,21.078416571426335,21.428447534978904,6.669695726526814,21.0,0,-0.4284475349789041,20.977098894844207,20.5,21.5
2469.0,21.075534827257353,21.47272227323517,6.668734320737463,21.0,0,-0.4727222732351706,21.915469655797835,20.5,21.5
2470.0,21.072653467156048,21.328708863672254,6.667771644134336,21.0,1,-0.3287088636722544,19.888574768043092,20.5,21.5
2471.0,21.089772490791443,21.379275658247945,6.666807697450553,21.0,0,-0.37927565824794485,21.88494360400485,20.5,21.5
2472.0,21.086887897832774,21.348388427512834,6.665842481420199,21.0,0,-0.34838842751283394,21.039516120161725,20.5,21.5
2473.0,21.08400368874949,21.38076598764227,6.6648759967783295,21.0,0,-0.38076598764227043,21.704541588936635,20.5,21.5
2474.0,21.081119863211097,21.375682858047195,6.663908244260965,21.0,0,-0.37568285804719537,21.324851562096445,20.5,21.5
2475.0,21.078236420887308,21.471268149882427,6.66293922460509,21.0,0,-0.4712681498824267,22.42712106823474,20.5,21.5
2476.0,21.07535336144805,21.453126292381356,6.6619689385486565,21.0,0,-0.4531262923813557,21.271707717370646,20.5,21.5
2477.0,21.072470684563473,21.51461195088824,6.660997386830578,21.0,0,-0.5146119508882414,22.1294685359571,20.5,21.5
2478.0,21.069588389903927,21.601020207593017,6.6600245701907355,21.0,0,-0.6010202075930167,22.46510277464077,20.5,21.5
2479.0,21.066706477139984,21.610267463034337,6.659050489369968,21.0,0,-0.6102674630343365,21.702740017447535,20.5,21.5
2480.0,21.06382494594243,21.576137825012722,6.658075145110083,21.0,0,-0.5761378250127223,21.23484144479658,20.5,21.5
2481.0,21.06094379598226,21.532167627691933,6.657098538153847,21.0,0,-0.5321676276919334,21.092465654484045,20.5,21.5
2482.0,21.058063026930697,21.532818978915614,6.656120669244989,21.0,0,-0.5328189789156141,21.53933249115242,20.5,21.5
2483.0,21.055182638459158,21.45613976453472,6.655141539128198,21.0,0,-0.4561397645347185,20.689347620725762,20.5,21.5
2484.0,21.052302630239293,21.355942905907025,6.654161148549123,21.0,1,-0.3559429059070247,20.353974319630087,20.5,21.5
2485.0,21.069423001942955,21.33332284586375,6.653179498254377,21.0,1,-0.3333228458637514,21.107122245431018,20.5,21.5
2486.0,21.086539753242217,21.34478063095576,6.6521965889915275,21.0,1,-0.3447806309557606,21.459358481875853,20.5,21.5
2487.0,21.103652884609367,21.306639745817158,6.651212421509103,21.0,1,-0.3066397458171579,20.92523089443113,20.5,21.5
2488.0,21.120762396516746,21.24569764460774,6.65022699655659,21.0,1,-0.24569764460774124,20.636276632513574,20.5,21.5
2489.0,21.137868289436753,21.33277947415661,6.649240314884433,21.0,0,-0.33277947415660947,22.20359776964529,20.5,21.5
2490.0,21.134970563841843,21.358441820103877,6.648252377244032,21.0,0,-0.35844182010387726,21.615065279576555,20.5,21.5
2491.0,21.132073220204525,21.387545747436498,6.647263184387744,21.0,0,-0.38754574743649783,21.678585020762704,20.5,21.5
2492.0,21.12917625819736,21.39658837844997,6.646272737068884,21.0,0,-0.3965883784499695,21.487014688584686,20.5,21.5
2493.0,21.126279677493137,21.478496969780263,6.64528103604172,21.0,0,-0.478496969780263,22.297582883083198,20.5,21.5
2494.0,21.123383477764847,21.50730333518152,6.644288082061475,21.0,0,-0.5073033351815184,21.795366989194072,20.5,21.5
2495.0,21.120487658685708,21.4930600260586,6.643293875884328,21.0,0,-0.49306002605860044,21.35062693482942,20.5,21.5
2496.0,21.117592219929147,21.478825721047258,6.6422984182674085,21.0,0,-0.47882572104725796,21.336482670933833,20.5,21.5
2497.0,21.114697161168813,21.456033783072105,6.641301709968801,21.0,0,-0.4560337830721046,21.22811440332057,20.5,21.5
2498.0,21.111802482078573,21.400143964458238,6.640303751747544,21.0,0,-0.40014396445823763,20.841245778319568,20.5,21.5
2499.0,21.108908182332506,21.337144641543482,6.639304544363625,21.0,0,-0.3371446415434818,20.707151412395923,20.5,21.5
2500.0,21.106014261604912,21.358329083466735,6.638304088577984,21.0,0,-0.3583290834667352,21.57017350269927,20.5,21.5
2501.0,21.103120719570306,21.362523329341514,6.637302385152511,21.0,0,-0.36252332934151354,21.404465788089297,20.5,21.5
2502.0,21.100227555903423,21.48175861101833,6.636299434850047,21.0,0,-0.4817586110183285,22.674111427786478,20.5,21.5
2503.0,21.09733477027921,21.491905891915337,6.635295238434383,21.0,0,-0.4919058919153372,21.593378700885424,20.5,21.5
2504.0,21.094442362372842,21.45703214763349,6.634289796670258,21.0,0,-0.4570321476334911,21.10829470481503,20.5,21.5
2505.0,21.0915503318597,21.45895741404115,6.633283110323358,21.0,0,-0.4589574140411514,21.478210078117755,20.5,21.5
2506.0,21.088658678415392,21.49716682156165,6.63227518016032,21.0,0,-0.49716682156164893,21.879260896766624,20.5,21.5
2507.0,21.085767401715742,21.41981880199915,6.631266006948728,21.0,0,-0.4198188019991491,20.64633860637415,20.5,21.5
2508.0,21.08287650143679,21.407529936214733,6.630255591457108,21.0,0,-0.40752993621473266,21.284641278370568,20.5,21.5
2509.0,21.079985977254793,21.461450923644716,6.629243934454938,21.0,0,-0.4614509236447155,22.000660797944544,20.5,21.5
2510.0,21.077095828846232,21.41911201497111,6.628231036712639,21.0,0,-0.41911201497110895,20.995722928235043,20.5,21.5
2511.0,21.074206055887807,21.410015383504945,6.627216899001574,21.0,0,-0.4100153835049447,21.319049068843302,20.5,21.5
2512.0,21.07131665805643,21.449302856467607,6.626201522094055,21.0,0,-0.44930285646760737,21.842177586094234,20.5,21.5
2513.0,21.068427635029234,21.453588444746863,6.6251849067633355,21.0,0,-0.4535884447468632,21.49644432753942,20.5,21.5
2514.0,21.06553898648358,21.541112500063253,6.624167053783612,21.0,0,-0.5411125000632531,22.41635305322715,20.5,21.5
2515.0,21.062650712097042,21.55926667260464,6.623147963930025,21.0,0,-0.5592666726046396,21.740808398018505,20.5,21.5
2516.0,21.059762811547408,21.529692352351095,6.622127637978653,21.0,0,-0.5296923523510948,21.233949149815647,20.5,21.5
2517.0,21.056875284512696,21.442943364548448,6.621106076706521,21.0,0,-0.44294336454844796,20.57545348652198,20.5,21.5
2518.0,21.053988130671133,21.466319202922165,6.620083280891592,21.0,0,-0.4663192029221648,21.700077586659333,20.5,21.5
2519.0,21.051101349701177,21.40668731169817,6.619059251312769,21.0,0,-0.4066873116981711,20.810368399458234,20.5,21.5
2520.0,21.0482149412815,21.421253271617612,6.618033988749895,21.0,0,-0.42125327161761206,21.566912870812022,20.5,21.5
2521.0,21.045328905090994,21.433568550771575,6.617007493983753,21.0,0,-0.4335685507715752,21.556721342311207,20.5,21.5
2522.0,21.042443240808772,21.42086826063105,6.615979767796061,21.0,0,-0.42086826063104965,21.293865359225794,20.5,21.5
2523.0,21.03955794811417,21.398012654662438,6.61495081096948,21.0,0,-0.3980126546624376,21.169456594976317,20.5,21.5
2524.0,21.03667302668674,21.364125648995092,6.613920624287604,21.0,0,-0.3641256489950919,21.025255592321635,20.5,21.5
2525.0,21.033788476206258,21.249143335589643,6.612889208534965,21.0,1,-0.2491433355896433,20.099320201535157,20.5,21.5
2526.0,21.050904296352723,21.119241784478383,6.611856564497032,21.0,1,-0.1192417844783833,19.820226273365783,20.5,21.5
2527.0,21.06801648680635,21.153870421067808,6.610822692960206,21.0,0,-0.15387042106780768,21.50015678696205,20.5,21.5
2528.0,21.06512504804758,21.065304424759155,6.609787594711828,21.0,1,-0.06530442475915521,20.17964446167263,20.5,21.5
2529.0,21.082233980556914,21.086960546234643,6.60875127054017,21.0,1,-0.08696054623464278,21.30352176098952,20.5,21.5
2530.0,21.09933928401491,21.163063397291317,6.607713721234434,21.0,0,-0.16306339729131736,21.924091907858063,20.5,21.5
2531.0,21.096440958902352,21.256688485370788,6.606674947584764,21.0,0,-0.2566884853707876,22.19293936616549,20.5,21.5
2532.0,21.093543005700088,21.292194815044315,6.605634950382229,21.0,0,-0.292194815044315,21.64725811177959,20.5,21.5
2533.0,21.090645424089026,21.334961852241907,6.6045937304188325,21.0,0,-0.3349618522419071,21.76263222421783,20.5,21.5
2534.0,21.08774821375029,21.323114037345736,6.603551288487509,21.0,0,-0.32311403734573574,21.204635888384022,20.5,21.5
2535.0,21.08485137436524,21.340234735148247,6.602507625382121,21.0,0,-0.34023473514824687,21.511441713173358,20.5,21.5
2536.0,21.081954905615444,21.292155044616564,6.601462741897468,21.0,0,-0.29215504461656394,20.811358139299735,20.5,21.5
2537.0,21.0790588071827,21.27222188491698,6.6004166388292695,21.0,0,-0.2722218849169806,21.072890287921147,20.5,21.5
2538.0,21.07616307874903,21.39861120421413,6.599369316974181,21.0,0,-0.39861120421413077,22.662504397185632,20.5,21.5
2539.0,21.073267719996675,21.408883469305685,6.598320777129784,21.0,0,-0.4088834693056853,21.51160612022123,20.5,21.5
2540.0,21.070372730608103,21.387575601870815,6.5972710200945865,21.0,0,-0.3875756018708145,21.174496927522107,20.5,21.5
2541.0,21.067478110266,21.412930835519187,6.596220046668023,21.0,0,-0.4129308355191874,21.666483172002916,20.5,21.5
2542.0,21.06458385865328,21.471641614046575,6.595167857650457,21.0,0,-0.47164161404657534,22.058749399320455,20.5,21.5
2543.0,21.061689975453078,21.393570958821332,6.594114453843176,21.0,0,-0.3935709588213321,20.6128644065689,20.5,21.5
2544.0,21.058796460348756,21.39681362261883,6.5930598360483925,21.0,0,-0.39681362261882924,21.4292402605938,20.5,21.5
2545.0,21.055903313023897,21.41682725772822,6.592004005069244,21.0,0,-0.4168272577282188,21.616963608822115,20.5,21.5
2546.0,21.053010533162308,21.42334506801805,6.5909469617097916,21.0,0,-0.42334506801805105,21.488523170916373,20.5,21.5
2547.0,21.050118120448015,21.36474844476559,6.589888706775021,21.0,0,-0.36474844476558843,20.778782212240962,20.5,21.5
2548.0,21.04722607456528,21.3869638778313,6.588829241070837,21.0,0,-0.38696387783129893,21.609118208488404,20.5,21.5
2549.0,21.044334395198582,21.380984762902266,6.587768565404069,21.0,0,-0.3809847629022656,21.321193613611932,20.5,21.5
2550.0,21.041443082032625,21.381093898972427,6.58670668058247,21.0,0,-0.38109389897242707,21.382185259674042,20.5,21.5
2551.0,21.038552134752337,21.348230059819382,6.58564358741471,21.0,0,-0.3482300598193824,21.019591668288935,20.5,21.5
2552.0,21.035661553042868,21.344539405830623,6.584579286710381,21.0,0,-0.3445394058306235,21.307632865943035,20.5,21.5
2553.0,21.0327713365896,21.33685037244671,6.583513779279995,21.0,0,-0.33685037244670823,21.259960038607556,20.5,21.5
2554.0,21.02988148507814,21.203602097030664,6.58244706593498,21.0,1,-0.20360209703066445,19.871119342870227,20.5,21.5
2555.0,21.04699199819431,21.210197123294694,6.581379147487687,21.0,1,-0.21019712329469442,21.276147385934994,20.5,21.5
2556.0,21.064098875624172,21.32049104563776,6.580310024751381,21.0,0,-0.320491045637759,22.423430269068405,20.5,21.5
2557.0,21.061202117854,21.323660696517614,6.5792396985402455,21.0,0,-0.32366069651761364,21.35535720531616,20.5,21.5
2558.0,21.058305725370136,21.276760517415536,6.5781681696693814,21.0,0,-0.27676051741553565,20.807758726394756,20.5,21.5
2559.0,21.055409697858995,21.402108504935587,6.577095438954804,21.0,0,-0.4021085049355868,22.6555883801361,20.5,21.5
2560.0,21.052514035007214,21.339684593826185,6.576021507213444,21.0,0,-0.33968459382618477,20.715445482732164,20.5,21.5
2561.0,21.049618736501653,21.255304399108674,6.574946375263147,21.0,1,-0.25530439910867386,20.411502451933565,20.5,21.5
2562.0,21.066723802029404,21.182440766975564,6.573870043922675,21.0,1,-0.18244076697556366,20.45380444564446,20.5,21.5
2563.0,21.083825231277782,21.18527401381693,6.572792514011699,21.0,1,-0.18527401381692954,21.21360648223059,20.5,21.5
2564.0,21.10092302473433,21.205063984886568,6.571713786350804,21.0,1,-0.20506398488656785,21.40296369558295,20.5,21.5
2565.0,21.11801718288665,21.27032978332186,6.570633861761491,21.0,0,-0.2703297833218592,21.922987767674773,20.5,21.5
2566.0,21.115107706222425,21.387355804234705,6.569552741066166,21.0,0,-0.38735580423470495,22.557616013363162,20.5,21.5
2567.0,21.112198595229394,21.544487218887852,6.568470425088153,21.0,0,-0.544487218887852,23.115801365419323,20.5,21.5
2568.0,21.109289849595367,21.576732962111784,6.56738691465168,21.0,0,-0.5767329621117838,21.899190394351102,20.5,21.5
2569.0,21.10638146900838,21.515524993615173,6.566302210581888,21.0,0,-0.5155249936151733,20.90344530864907,20.5,21.5
2570.0,21.103473453156695,21.533521787107155,6.565216313704828,21.0,0,-0.5335217871071549,21.71348972202697,20.5,21.5
2571.0,21.100565801728806,21.533452797617304,6.564129224847456,21.0,0,-0.5334527976173042,21.532762902718797,20.5,21.5
2572.0,21.09765851441343,21.417534409506327,6.5630409448376374,21.0,1,-0.41753440950632736,20.25835052839656,20.5,21.5
2573.0,21.114751590899512,21.445474153662374,6.561951474504146,21.0,0,-0.4454741536623743,21.724871595222844,20.5,21.5
2574.0,21.111841030876235,21.527019025384497,6.560860814676659,21.0,0,-0.5270190253844973,22.342467742605727,20.5,21.5
2575.0,21.108930834832996,21.54906589350556,6.559768966185763,21.0,0,-0.5490658935055599,21.769534574716186,20.5,21.5
2576.0,21.10602100245927,21.478863497460658,6.5586759298629485,21.0,0,-0.47886349746065804,20.77683953701164,20.5,21.5
2577.0,21.10311153344475,21.557727395738898,6.557581706540608,21.0,0,-0.5577273957388975,22.346366378521292,20.5,21.5
2578.0,21.10020242747937,21.512217972909003,6.556486297052042,21.0,0,-0.5122179729090028,21.057123744610056,20.5,21.5
2579.0,21.097293684253284,21.462391691579302,6.555389702231452,21.0,0,-0.4623916915793025,20.9641288782823,20.5,21.5
2580.0,21.09438530345688,21.459419095703858,6.554291922913942,21.0,0,-0.45941909570385775,21.42969313694941,20.5,21.5
2581.0,21.09147728478077,21.47292744461644,6.55319295993552,21.0,0,-0.47292744461644176,21.608010933742282,20.5,21.5
2582.0,21.0885696279158,21.48856572665619,6.552092814133092,21.0,0,-0.4885657266561907,21.64494854705368,20.5,21.5
2583.0,21.085662332553042,21.56905760800065,6.5509914863444685,21.0,0,-0.5690576080006515,22.37397642144526,20.5,21.5
2584.0,21.0827553983838,21.52030709472773,6.54988897740836,21.0,0,-0.5203070947277304,21.03280196199852,20.5,21.5
2585.0,21.079848825099603,21.465570970396108,6.548785288164371,21.0,0,-0.46557097039610795,20.918209727079883,20.5,21.5
2586.0,21.076942612392216,21.45806637223943,6.5476804194530125,21.0,0,-0.45806637223942914,21.38302039067264,20.5,21.5
2587.0,21.07403675995363,21.43383769602379,6.546574372115688,21.0,0,-0.4338376960237902,21.1915509338674,20.5,21.5
2588.0,21.071131267476062,21.43090747876076,6.545467146994702,21.0,0,-0.4309074787607585,21.401605306130442,20.5,21.5
2589.0,21.068226134651965,21.449696638878745,6.544358744933254,21.0,0,-0.4496966388787449,21.63758824005861,20.5,21.5
2590.0,21.06532136117402,21.469277935262774,6.543249166775441,21.0,0,-0.46927793526277384,21.665090899103063,20.5,21.5
2591.0,21.06241694673514,21.427409361793345,6.542138413366253,21.0,0,-0.42740936179334454,21.00872362709905,20.5,21.5
2592.0,21.05951289102847,21.385803416030416,6.541026485551578,21.0,0,-0.38580341603041646,20.969743958401136,20.5,21.5
2593.0,21.056609193747374,21.322382505848473,6.539913384178199,21.0,0,-0.3223825058484735,20.688173404029044,20.5,21.5
2594.0,21.05370585458546,21.38746526748109,6.53879911009379,21.0,0,-0.38746526748109034,22.03829288380726,20.5,21.5
2595.0,21.05080287323656,21.343287201009474,6.537683664146919,21.0,0,-0.3432872010094741,20.90150653629331,20.5,21.5
2596.0,21.047900249394743,21.348849878388428,6.536567047187047,21.0,0,-0.3488498783884282,21.40447665217797,20.5,21.5
2597.0,21.044997982754303,21.403951770003538,6.535449260064525,21.0,0,-0.40395177000353755,21.95497068615463,20.5,21.5
2598.0,21.042096073009766,21.44966102016023,6.5343303036305995,21.0,0,-0.4496610201602316,21.906753521727172,20.5,21.5
2599.0,21.03919451985589,21.356770231941123,6.533210178737401,21.0,1,-0.35677023194112323,20.42786234975004,20.5,21.5
2600.0,21.056293322987667,21.419680264435392,6.532088886237956,21.0,0,-0.4196802644353923,22.048780589378083,20.5,21.5
2601.0,21.053388482100317,21.460468641549305,6.5309664269861765,21.0,0,-0.4604686415493049,21.86835241268843,20.5,21.5
2602.0,21.050483997689295,21.357517084265275,6.529842801836864,21.0,1,-0.3575170842652753,20.32800151142498,20.5,21.5
2603.0,21.067579869450125,21.284292447995558,6.528718011645708,21.0,1,-0.28429244799555775,20.552046085298382,20.5,21.5
2604.0,21.084672097078563,21.35086311315091,6.527592057269285,21.0,0,-0.35086311315091123,22.016569764704446,20.5,21.5
2605.0,21.0817606810706,21.364156302076033,6.526464939565058,21.0,0,-0.364156302076033,21.49708819132725,20.5,21.5
2606.0,21.078849621922302,21.335068253739934,6.525336659391377,21.0,0,-0.33506825373993365,21.04418777037894,20.5,21.5
2607.0,21.075938919329797,21.443595560849,6.524207217607476,21.0,0,-0.4435955608490012,22.528868631939677,20.5,21.5
2608.0,21.073028572989454,21.44338076869048,6.5230766150734745,21.0,0,-0.4433807686904814,21.441232847105283,20.5,21.5
2609.0,21.07011858259787,21.408524804380143,6.521944852650374,21.0,0,-0.4085248043801428,21.059965161276757,20.5,21.5
2610.0,21.06720894785188,21.339905397569368,6.520811931200062,21.0,0,-0.33990539756936755,20.653711329461615,20.5,21.5
2611.0,21.06429966844855,21.279310304557832,6.519677851585308,21.0,0,-0.279310304557832,20.673359374442477,20.5,21.5
2612.0,21.06139074408518,21.116857563856648,6.518542614669761,21.0,1,-0.11685756385664803,19.492330156844808,20.5,21.5
2613.0,21.078482174459296,21.216891129156632,6.517406221317957,21.0,0,-0.21689112915663245,22.217226782156477,20.5,21.5
2614.0,21.075569959268666,21.229915913042724,6.516268672395305,21.0,0,-0.22991591304272418,21.36016375190364,20.5,21.5
2615.0,21.072658099011292,21.28976491164516,6.515129968768099,21.0,0,-0.28976491164516105,21.88825489766953,20.5,21.5
2616.0,21.069746593385243,21.38595360598834,6.513990111303513,21.0,0,-0.38595360598834105,22.34784054942014,20.5,21.5
2617.0,21.066835442088827,21.505178842761502,6.512849100869596,21.0,0,-0.5051788427615023,22.697431210493114,20.5,21.5
2618.0,21.063924644820585,21.404876853056884,6.51170693833528,21.0,1,-0.4048768530568836,20.401856956010697,20.5,21.5
2619.0,21.081014201279288,21.382661335619858,6.510563624570367,21.0,1,-0.3826613356198578,21.1605061612496,20.5,21.5
2620.0,21.098100111163948,21.286465476505974,6.509419160445544,21.0,1,-0.286465476505974,20.324506885367136,20.5,21.5
2621.0,21.115182374973806,21.226982110543705,6.508273546832369,21.0,1,-0.22698211054370532,20.63214845092102,20.5,21.5
2622.0,21.132260993208178,21.20552041913052,6.507126784603276,21.0,1,-0.20552041913051866,20.990903504998652,20.5,21.5
2623.0,21.149335966366458,21.329760413009,6.505978874631575,21.0,0,-0.3297604130090015,22.57216035179383,20.5,21.5
2624.0,21.146407294948112,21.369443886458264,6.50482981779145,21.0,0,-0.36944388645826365,21.766278620950885,20.5,21.5
2625.0,21.14347897945268,21.425759100631957,6.503679614957955,21.0,0,-0.4257591006319572,21.988911242368893,20.5,21.5
2626.0,21.14055101957978,21.424011000815643,6.502528267007023,21.0,0,-0.4240110008156428,21.4065300026525,20.5,21.5
2627.0,21.137623415029267,21.480954742704007,6.501375774815453,21.0,0,-0.4809547427040073,22.050392161587652,20.5,21.5
2628.0,21.134696165501225,21.368225929796488,6.500222139260918,21.0,1,-0.3682259297964876,20.24093780072129,20.5,21.5
2629.0,21.151769270695976,21.27959703122071,6.499067361221965,21.0,1,-0.27959703122071033,20.393308045462938,20.5,21.5
2630.0,21.168838730314082,21.357122112117423,6.497911441578005,21.0,0,-0.3571221121174233,22.132372921084553,20.5,21.5
2631.0,21.165904544856335,21.468089343678415,6.49675438120932,21.0,0,-0.4680893436784146,22.577761659288328,20.5,21.5
2632.0,21.162970714823604,21.425746734425854,6.4955961809970635,21.0,0,-0.42574673442585365,21.002320641900244,20.5,21.5
2633.0,21.16003723991684,21.46718101562111,6.494436841823256,21.0,0,-0.4671810156211116,21.88152382757369,20.5,21.5
2634.0,21.15710411983722,21.583804974880138,6.493276364570782,21.0,0,-0.5838049748801382,22.750044567470404,20.5,21.5
2635.0,21.154171354286166,21.55279157317572,6.492114750123399,21.0,0,-0.5527915731757211,21.24265755613155,20.5,21.5
2636.0,21.151238942965335,21.48429181509031,6.490951999365724,21.0,0,-0.48429181509030883,20.799294234236186,20.5,21.5
2637.0,21.148306885576616,21.528711418542493,6.489788113183245,21.0,0,-0.5287114185424926,21.97290745306433,20.5,21.5
2638.0,21.14537518182214,21.54669666912434,6.4886230924623085,21.0,0,-0.5466966691243407,21.72654917494282,20.5,21.5
2639.0,21.142443831404268,21.51337799484651,6.48745693809013,21.0,0,-0.5133779948465111,21.180191252068216,20.5,21.5
2640.0,21.139512834025606,21.447558977628148,6.486289650954789,21.0,0,-0.4475589776281481,20.789368805444518,20.5,21.5
2641.0,21.136582189388992,21.419339888587366,6.4851212319452225,21.0,0,-0.41933988858736626,21.137148998179548,20.5,21.5
2642.0,21.133651897197502,21.40946682976459,6.483951681951233,21.0,0,-0.4094668297645896,21.310736241536823,20.5,21.5
2643.0,21.130721957154453,21.399091264740527,6.482781001863485,21.0,0,-0.3990912647405267,21.295335614499898,20.5,21.5
2644.0,21.127792368963394,21.429817746921668,6.4816091925735,21.0,0,-0.4298177469216675,21.737082568733076,20.5,21.5
2645.0,21.124863132328116,21.47904416068906,6.480436254973664,21.0,0,-0.4790441606890603,21.971308298362988,20.5,21.5
2646.0,21.121934246952645,21.568736607565477,6.47926218995722,21.0,0,-0.5687366075654765,22.46566107632964,20.5,21.5
2647.0,21.119005712541245,21.58820384472153,6.478086998418268,21.0,0,-0.5882038447215301,21.782876216282066,20.5,21.5
2648.0,21.11607752879842,21.58218892677911,6.476910681251768,21.0,0,-0.5821889267791107,21.522039747354917,20.5,21.5
2649.0,21.113149695428913,21.524774711369012,6.475733239353537,21.0,0,-0.5247747113690124,20.95063255726803,20.5,21.5
2650.0,21.110222212137696,21.514279294387652,6.474554673620248,21.0,0,-0.5142792943876522,21.40932512457405,20.5,21.5
2651.0,21.107295078629992,21.45895724983335,6.473374984949431,21.0,0,-0.4589572498333503,20.90573680429033,20.5,21.5
2652.0,21.104368294611255,21.42675245207736,6.472194174239469,21.0,0,-0.4267524520773591,21.104704474517447,20.5,21.5
2653.0,21.10144185978718,21.409909983435416,6.471012242389601,21.0,0,-0.4099099834354156,21.24148529701598,20.5,21.5
2654.0,21.0985157738637,21.466727022413544,6.4698291902999205,21.0,0,-0.4667270224135436,22.034897412194823,20.5,21.5
2655.0,21.095590036546987,21.42293850621044,6.468645018871371,21.0,0,-0.42293850621043916,20.985053344179395,20.5,21.5
2656.0,21.09266464754345,21.42277347333778,6.4674597290057525,21.0,0,-0.4227734733377808,21.421123144611197,20.5,21.5
2657.0,21.089739606559743,21.42138595373217,6.4662733216057156,21.0,0,-0.4213859537321696,21.407510757676057,20.5,21.5
2658.0,21.086814913302753,21.402085342092942,6.4650857975747575,21.0,0,-0.402085342092942,21.209079225700666,20.5,21.5
2659.0,21.083890567479607,21.41576107898978,6.463897157817232,21.0,0,-0.41576107898978165,21.552518447958178,20.5,21.5
2660.0,21.080966568797674,21.38182340510746,6.462707403238341,21.0,0,-0.38182340510746116,21.042446666284256,20.5,21.5
2661.0,21.078042916964563,21.281018561034827,6.461516534744132,21.0,1,-0.28101856103482703,20.272970120308486,20.5,21.5
2662.0,21.09511961168812,21.192657043471648,6.460324553241505,21.0,1,-0.19265704347164814,20.30904186783986,20.5,21.5
2663.0,21.11219265267643,21.218592695038915,6.459131459638204,21.0,1,-0.21859269503891454,21.47794921071158,20.5,21.5
2664.0,21.129262040437823,21.201453927281108,6.4579372548428235,21.0,1,-0.20145392728110778,21.03006624970304,20.5,21.5
2665.0,21.146327775480703,21.193898498633605,6.4567419397648,21.0,1,-0.19389849863360453,21.118344212158572,20.5,21.5
2666.0,21.16338985831356,21.324113132508874,6.455545515314421,21.0,0,-0.32411313250887375,22.626259471261566,20.5,21.5
2667.0,21.16044828944496,21.408838185716803,6.454347982402814,21.0,0,-0.4088381857168031,22.256088717796096,20.5,21.5
2668.0,21.157507069383552,21.417509373994996,6.453149341941952,21.0,0,-0.41750937399499577,21.504221256776923,20.5,21.5
2669.0,21.154566197838065,21.486662495818912,6.451949594844653,21.0,0,-0.4866624958189121,22.178193714058075,20.5,21.5
2670.0,21.151625674517465,21.559961785282372,6.450748742024576,21.0,0,-0.559961785282372,22.29295467991697,20.5,21.5
2671.0,21.148685499130966,21.566635847612833,6.4495467843962215,21.0,0,-0.566635847612833,21.633376470917444,20.5,21.5
2672.0,21.14574567138802,21.51956116591311,6.4483437228749345,21.0,0,-0.5195611659131103,21.048814348915883,20.5,21.5
2673.0,21.142806190998318,21.50347674322282,6.447139558376899,21.0,0,-0.5034767432228193,21.34263251631991,20.5,21.5
2674.0,21.139867057671793,21.427685255612083,6.445934291819137,21.0,0,-0.4276852556120829,20.66977037950472,20.5,21.5
2675.0,21.136928271118624,21.411328071866226,6.444727924119511,21.0,0,-0.411328071866226,21.247756234407657,20.5,21.5
2676.0,21.133989831049224,21.43962345005727,6.443520456196724,21.0,0,-0.4396234500572689,21.722577231967698,20.5,21.5
2677.0,21.131051737174253,21.4943171807735,6.442311888970316,21.0,0,-0.49431718077349984,22.04125448793581,20.5,21.5
2678.0,21.128113989204614,21.5030248891017,6.4411022233606605,21.0,0,-0.5030248891016988,21.59010197238369,20.5,21.5
2679.0,21.125176586851445,21.54913884804632,6.439891460288974,21.0,0,-0.5491388480463186,22.010278437492516,20.5,21.5
2680.0,21.122239529826132,21.60810398307004,6.438679600677303,21.0,0,-0.6081039830700412,22.197755333307267,20.5,21.5
2681.0,21.119302817840303,21.552305682448896,6.437466645448531,21.0,0,-0.5523056824488961,20.994322676237445,20.5,21.5
2682.0,21.116366450605824,21.547234895012924,6.436252595526378,21.0,0,-0.5472348950129238,21.4965270206532,20.5,21.5
2683.0,21.113430427834807,21.583763234167513,6.435037451835394,21.0,0,-0.5837632341675132,21.949046625713407,20.5,21.5
2684.0,21.110494749239606,21.52598690257783,6.4338212153009655,21.0,0,-0.5259869025778308,20.948223586681006,20.5,21.5
2685.0,21.10755941453282,21.480475688811083,6.432603886849309,21.0,0,-0.48047568881108305,21.025363551143606,20.5,21.5
2686.0,21.104624423427282,21.423541617240122,6.4313854674074715,21.0,0,-0.4235416172401223,20.854200901530515,20.5,21.5
2687.0,21.10168977563608,21.46506768242309,6.430165957903335,21.0,0,-0.46506768242308993,21.880328334252766,20.5,21.5
2688.0,21.098755470872533,21.443013129310565,6.428945359265606,21.0,0,-0.4430131293105646,21.22246759818531,20.5,21.5
2689.0,21.09582150885021,21.44341832975604,6.427723672423827,21.0,0,-0.4434183297560388,21.44747033421078,20.5,21.5
2690.0,21.092887889282924,21.400331163072757,6.426500898308364,21.0,0,-0.4003311630727566,20.969459496239935,20.5,21.5
2691.0,21.08995461188473,21.475185653242324,6.425277037850411,21.0,0,-0.475185653242324,22.223730554937998,20.5,21.5
2692.0,21.087021676369922,21.421739605233945,6.424052091981993,21.0,0,-0.42173960523394527,20.887279125150158,20.5,21.5
2693.0,21.084089082453044,21.406470150444775,6.422826061635959,21.0,0,-0.4064701504447754,21.253775602553077,20.5,21.5
2694.0,21.08115682984888,21.40188633772204,6.421598947745984,21.0,0,-0.40188633772203985,21.356048210494684,20.5,21.5
2695.0,21.078224918272458,21.4289681896738,6.420370751246571,21.0,0,-0.42896818967379957,21.699786709191397,20.5,21.5
2696.0,21.075293347439054,21.37557156928252,6.419141473073042,21.0,0,-0.37557156928252056,20.84160536536973,20.5,21.5
2697.0,21.07236211706418,21.399136431977404,6.417911114161547,21.0,0,-0.39913643197740356,21.634785058926234,20.5,21.5
2698.0,21.0694312268636,21.38130637399843,6.416679675449058,21.0,0,-0.3813063739984308,21.203005794208703,20.5,21.5
2699.0,21.066500676553318,21.41360436924439,6.415447157873368,21.0,0,-0.41360436924438915,21.736584321703972,20.5,21.5
2700.0,21.063570465849583,21.434005387832922,6.414213562373095,21.0,0,-0.4340053878329222,21.638015573718253,20.5,21.5
2701.0,21.06064059446889,21.430504697308315,6.412978889887674,21.0,0,-0.4305046973083151,21.395497792062244,20.5,21.5
2702.0,21.05771106212797,21.37504590011722,6.411743141357363,21.0,0,-0.3750459001172217,20.820457928206288,20.5,21.5
2703.0,21.054781868543817,21.445395275156336,6.410506317723236,21.0,0,-0.44539527515633637,22.148889025547483,20.5,21.5
2704.0,21.051853013433654,21.314421871479077,6.409268419927189,21.0,1,-0.31442187147907674,20.00468783470648,20.5,21.5
2705.0,21.068924496514953,21.288665820719963,6.408029448911936,21.0,1,-0.28866582071996305,21.031105313128826,20.5,21.5
2706.0,21.085992317505433,21.348386088307034,6.406789405621009,21.0,0,-0.3483860883070342,21.945588764177746,20.5,21.5
2707.0,21.083056476923055,21.39257735467613,6.40554829099875,21.0,0,-0.3925773546761313,21.834490018367102,20.5,21.5
2708.0,21.08012097528587,21.291996047626885,6.404306105990325,21.0,1,-0.2919960476268848,20.28618297713442,20.5,21.5
2709.0,21.09718581231201,21.397984371837406,6.403062851541712,21.0,0,-0.3979843718374063,22.45786761394262,20.5,21.5
2710.0,21.094246987719856,21.419800961937234,6.401818528599701,21.0,0,-0.41980096193723426,21.637966862935514,20.5,21.5
2711.0,21.09130850202803,21.356112406795194,6.400573138111902,21.0,0,-0.3561124067951944,20.719226855374796,20.5,21.5
2712.0,21.08837035495525,21.34721942823482,6.399326681026731,21.0,0,-0.3472194282348191,21.258289642631066,20.5,21.5
2713.0,21.085432546220463,21.337423496886736,6.39807915829342,21.0,0,-0.33742349688673556,21.2394641834059,20.5,21.5
2714.0,21.082495075542877,21.40535002171587,6.3968305708620115,21.0,0,-0.40535002171586854,22.0846152700072,20.5,21.5
2715.0,21.07955794264194,21.341842898498435,6.39558091968336,21.0,0,-0.3418428984984345,20.706771666324094,20.5,21.5
2716.0,21.07662114723735,21.384869153423054,6.394330205709129,21.0,0,-0.38486915342305394,21.815131702669248,20.5,21.5
2717.0,21.073684689049045,21.321458288312705,6.3930784298917915,21.0,0,-0.32145828831270506,20.687349637209216,20.5,21.5
2718.0,21.070748567797214,21.368622722737207,6.391825593184629,21.0,0,-0.3686227227372072,21.84026706698223,20.5,21.5
2719.0,21.067812783202292,21.227483366477223,6.390571696541731,21.0,1,-0.22748336647722311,19.816089803877382,20.5,21.5
2720.0,21.08487733498496,21.248864563141197,6.3893167409179945,21.0,1,-0.24886456314119698,21.462676529780936,20.5,21.5
2721.0,21.101938222866146,21.222033465021692,6.3880607272691226,21.0,1,-0.22203346502169197,20.953722483826642,20.5,21.5
2722.0,21.118995447367027,21.19456812875324,6.386803656551626,21.0,1,-0.19456812875323948,20.919914766068715,20.5,21.5
2723.0,21.136049009008865,21.1960473765692,6.385545529722817,21.0,1,-0.1960473765692008,21.210839854728814,20.5,21.5
2724.0,21.15309890831301,21.20622559126948,6.384286347740813,21.0,1,-0.20622559126947948,21.308007738272266,20.5,21.5
2725.0,21.170145145800895,21.27167996081237,6.383026111564539,21.0,0,-0.2716799608123708,21.926223656241284,20.5,21.5
2726.0,21.167187721994047,21.32179607051458,6.381764822153717,21.0,0,-0.3217960705145799,21.82295716753667,20.5,21.5
2727.0,21.16423063741408,21.45756514209095,6.3805024804688735,21.0,0,-0.45756514209094945,22.815255857854645,20.5,21.5
2728.0,21.161273891782688,21.456175381943076,6.3792390874713405,21.0,0,-0.4561753819430763,21.442277780464345,20.5,21.5
2729.0,21.158317484821826,21.516820933325498,6.377974644123242,21.0,0,-0.5168209333254978,22.123276447149713,20.5,21.5
2730.0,21.155361416253687,21.467062768211854,6.376709151387508,21.0,0,-0.46706276821185355,20.96948111707541,20.5,21.5
2731.0,21.152405685800712,21.448278977792587,6.375442610227868,21.0,0,-0.44827897779258663,21.260441073599917,20.5,21.5
2732.0,21.1494502931856,21.365091971159735,6.3741750216088455,21.0,0,-0.36509197115973535,20.533221904831223,20.5,21.5
2733.0,21.146495238131283,21.36702166044598,6.372906386495767,21.0,0,-0.3670216604459817,21.386318553308445,20.5,21.5
2734.0,21.143540520360958,21.31677823677586,6.371636705854753,21.0,0,-0.3167782367758605,20.814344000074648,20.5,21.5
2735.0,21.140586139598057,21.3619243833721,6.370365980652719,21.0,0,-0.36192438337209865,21.81338584933448,20.5,21.5
2736.0,21.137632095566268,21.375284116769997,6.3690942118573775,21.0,0,-0.37528411676999696,21.50888145074898,20.5,21.5
2737.0,21.134678387989528,21.381017083173283,6.367821400437236,21.0,0,-0.3810170831732833,21.438346747206147,20.5,21.5
2738.0,21.131725016592018,21.4117388610967,6.3665475473615984,21.0,0,-0.4117388610967012,21.71895664033088,20.5,21.5
2739.0,21.128771981098172,21.41572988126847,6.365272653600557,21.0,0,-0.41572988126846866,21.455640082986143,20.5,21.5
2740.0,21.125819281232673,21.422752599039494,6.363996720124997,21.0,0,-0.42275259903949447,21.492979776749753,20.5,21.5
2741.0,21.12286691672045,21.422358052325798,6.362719747906601,21.0,0,-0.42235805232579793,21.418412585188833,20.5,21.5
2742.0,21.119914887286686,21.50620934886007,6.361441737917836,21.0,0,-0.5062093488600716,22.34472231420281,20.5,21.5
2743.0,21.11696319265681,21.47176339620352,6.360162691131963,21.0,0,-0.4717633962035208,21.127303869638013,20.5,21.5
2744.0,21.114011832556507,21.383817669904662,6.358882608523032,21.0,0,-0.38381766990466204,20.504360406916074,20.5,21.5
2745.0,21.1110608067117,21.316823276629812,6.357601491065884,21.0,0,-0.3168232766298118,20.64687934388131,20.5,21.5
2746.0,21.108110114848568,21.272012944100588,6.3563193397361415,21.0,0,-0.27201294410058807,20.82390961880835,20.5,21.5
2747.0,21.105159756693546,21.19030381243455,6.35503615551022,21.0,1,-0.19030381243454997,20.37321249577417,20.5,21.5
2748.0,21.12220973197331,21.120462469863448,6.3537519393653215,21.0,1,-0.12046246986344755,20.422049044152423,20.5,21.5
2749.0,21.13925604041479,21.276195636689767,6.352466692279431,21.0,0,-0.2761956366897671,22.833527304952963,20.5,21.5
2750.0,21.136298682545164,21.305105877424836,6.351180415231321,21.0,0,-0.3051058774248361,21.594208284775526,20.5,21.5
2751.0,21.133341658891702,21.3119114228644,6.349893109200546,21.0,0,-0.31191142286440154,21.379966877260056,20.5,21.5
2752.0,21.130384969181765,21.28264969980324,6.348604775167447,21.0,0,-0.2826496998032404,20.99003246919163,20.5,21.5
2753.0,21.127428613142964,21.375732091982,6.347315414113146,21.0,0,-0.37573209198200175,22.306556013769615,20.5,21.5
2754.0,21.124472590503157,21.382140923701108,6.346025027019547,21.0,0,-0.3821409237011082,21.446229240892173,20.5,21.5
2755.0,21.12151690099046,21.437681798214502,6.344733614869336,21.0,0,-0.43768179821450204,21.99309054334844,20.5,21.5
2756.0,21.118561544333236,21.40384535471169,6.343441178645981,21.0,0,-0.4038453547116916,21.065480919683587,20.5,21.5
2757.0,21.115606520260098,21.429803261924633,6.342147719333726,21.0,0,-0.4298032619246328,21.689382334054045,20.5,21.5
2758.0,21.112651828499914,21.381137352214843,6.340853237917599,21.0,0,-0.3811373522148429,20.894478255116944,20.5,21.5
2759.0,21.109697468781796,21.358469851268552,6.339557735383401,21.0,0,-0.358469851268552,21.131794841805643,20.5,21.5
2760.0,21.106743440835118,21.365292458586165,6.3382612127177165,21.0,0,-0.36529245858616477,21.433518531762292,20.5,21.5
2761.0,21.103789744389495,21.367412477369964,6.3369636709079025,21.0,0,-0.36741247736996385,21.388612665207955,20.5,21.5
2762.0,21.100836379174797,21.373301511090737,6.335665110942093,21.0,0,-0.3733015110907374,21.432191848298473,20.5,21.5
2763.0,21.09788334492115,21.382132054291247,6.3343655338091995,21.0,0,-0.3821320542912474,21.470437486296348,20.5,21.5
2764.0,21.09493064135893,21.37439168319958,6.333064940498905,21.0,0,-0.3743916831995797,21.296987972282903,20.5,21.5
2765.0,21.091978268218757,21.27139085603236,6.331763332001668,21.0,1,-0.2713908560323617,20.24138258436018,20.5,21.5
2766.0,21.109026225231514,21.237909904479796,6.330460709308721,21.0,1,-0.2379099044797961,20.90310038895414,20.5,21.5
2767.0,21.12607051212833,21.266596372638002,6.329157073412068,21.0,0,-0.26659637263800207,21.55346105422006,20.5,21.5
2768.0,21.123111129440588,21.368297162825733,6.327852425304483,21.0,0,-0.36829716282573344,22.385305064703047,20.5,21.5
2769.0,21.12015207769976,21.37685843558339,6.326546765979514,21.0,0,-0.37685843558339016,21.462471163159957,20.5,21.5
2770.0,21.117193356637415,21.391560877351495,6.325240096431475,21.0,0,-0.3915608773514947,21.53858529503254,20.5,21.5
2771.0,21.114234965985375,21.4798911322303,6.323932417655453,21.0,0,-0.4798911322302999,22.363193681018352,20.5,21.5
2772.0,21.11127690547571,21.49989878777148,6.3226237306473045,21.0,0,-0.4998987877714782,21.69997534318326,20.5,21.5
2773.0,21.108319174840744,21.40675308530202,6.321314036403647,21.0,1,-0.4067530853020216,20.475296060607455,20.5,21.5
2774.0,21.125361773813058,21.44252760623474,6.320003335921873,21.0,0,-0.44252760623474074,21.800272815561932,20.5,21.5
2775.0,21.12240070212548,21.52930123152609,6.318691630200138,21.0,0,-0.529301231526091,22.397037484439593,20.5,21.5
2776.0,21.119439960311094,21.500868572490127,6.317378920237361,21.0,0,-0.500868572490127,21.216541982130487,20.5,21.5
2777.0,21.11647954810308,21.507190015702644,6.316065207033229,21.0,0,-0.5071900157026441,21.570404447827816,20.5,21.5
2778.0,21.113519465234866,21.55091642700105,6.3147504915881925,21.0,0,-0.5509164270010487,21.988180539985095,20.5,21.5
2779.0,21.110559711440136,21.45428193636954,6.313434774903462,21.0,1,-0.45428193636954006,20.487937030054454,20.5,21.5
2780.0,21.12760028645283,21.386346900545487,6.3121180579810146,21.0,1,-0.3863469005454867,20.706996542304953,20.5,21.5
2781.0,21.144637190007135,21.39500484142763,6.310800341823588,21.0,1,-0.3950048414276317,21.48158425024908,20.5,21.5
2782.0,21.1616704226375,21.32585166397475,6.30948162743468,21.0,1,-0.3258516639747491,20.634319889445923,20.5,21.5
2783.0,21.17869998487846,21.360315089929678,6.308161915818548,21.0,0,-0.36031508992967787,21.704949349478966,20.5,21.5
2784.0,21.175725877264647,21.49071091604659,6.306841207980211,21.0,0,-0.49071091604659145,22.794669177215727,20.5,21.5
2785.0,21.17275210033079,21.4873545799256,6.305519504925446,21.0,0,-0.4873545799256007,21.453791218715693,20.5,21.5
2786.0,21.169778653811708,21.52106496251644,6.304196807660784,21.0,0,-0.5210649625164407,21.85816878842484,20.5,21.5
2787.0,21.166805537442478,21.5587914897307,6.302873117193521,21.0,0,-0.5587914897307016,21.93605676187331,20.5,21.5
2788.0,21.163832750958427,21.511786705386683,6.301548434531702,21.0,0,-0.5117867053866831,21.0417388619465,20.5,21.5
2789.0,21.16086029409514,21.46834675752546,6.300222760684132,21.0,0,-0.4683467575254596,21.033947278913224,20.5,21.5
2790.0,21.15788816658846,21.522130446885015,6.298896096660368,21.0,0,-0.522130446885015,22.05996734048057,20.5,21.5
2791.0,21.154916368174476,21.54146690632511,6.297568443470722,21.0,0,-0.541466906325109,21.73483150072605,20.5,21.5
2792.0,21.151944898589534,21.54514708936388,6.296239802126262,21.0,0,-0.5451470893638799,21.58194891975159,20.5,21.5
2793.0,21.148973757570243,21.57116801337335,6.294910173638804,21.0,0,-0.5711680133733488,21.831377253468037,20.5,21.5
2794.0,21.146002944853457,21.59224328148758,6.29357955902092,21.0,0,-0.5922432814875798,21.80299596262989,20.5,21.5
2795.0,21.14303246017629,21.60716376848533,6.292247959285929,21.0,0,-0.6071637684853286,21.756368638462817,20.5,21.5
2796.0,21.14006230327611,21.497547827168113,6.290915375447901,21.0,1,-0.49754782716811263,20.401388413995953,20.5,21.5
2797.0,21.157092473890543,21.452055452260176,6.28958180852166,21.0,1,-0.4520554522601756,20.997131703180806,20.5,21.5
2798.0,21.17411897175747,21.46343314033215,6.288247259522773,21.0,0,-0.46343314033214966,21.57721002105189,20.5,21.5
2799.0,21.17114179741502,21.43046421532477,6.286911729467557,21.0,0,-0.4304642153247684,21.100774965250956,20.5,21.5
2800.0,21.168164951401433,21.428169875147272,6.285575219373079,21.0,0,-0.42816987514727245,21.405226473372313,20.5,21.5
2801.0,21.16518843345503,21.431679508371577,6.284237730257146,21.0,0,-0.43167950837157676,21.46677584061462,20.5,21.5
2802.0,21.16221224331439,21.529636499295986,6.282899263138316,21.0,0,-0.5296364992959859,22.509206408540077,20.5,21.5
2803.0,21.159236380718355,21.490265835579187,6.2815598190358894,21.0,0,-0.4902658355791871,21.0965591984112,20.5,21.5
2804.0,21.156260845406017,21.471572189857003,6.280219398969911,21.0,0,-0.4715721898570031,21.284635732635163,20.5,21.5
2805.0,21.15328563711673,21.46654840379547,6.27887800396117,21.0,0,-0.46654840379547124,21.416310543180153,20.5,21.5
2806.0,21.1503107555901,21.49123307072123,6.277535635031196,21.0,0,-0.4912330707212291,21.738079739978808,20.5,21.5
2807.0,21.14733620056599,21.47750512395458,6.276192293202261,21.0,0,-0.4775051239545789,21.340225656288077,20.5,21.5
2808.0,21.14436197178452,21.510982975640275,6.2748479794973795,21.0,0,-0.5109829756402746,21.845761492497232,20.5,21.5
2809.0,21.14138806898606,21.559126233430796,6.273502694940304,21.0,0,-0.5591262334307956,22.040558811336005,20.5,21.5
2810.0,21.138414491911252,21.53565688169685,6.272156440555528,21.0,0,-0.5356568816968483,21.300963364357376,20.5,21.5
2811.0,21.13544124030098,21.580083697375194,6.270809217368282,21.0,0,-0.5800836973751942,22.024351854158652,20.5,21.5
2812.0,21.132468313896396,21.582789216483725,6.269461026404536,21.0,0,-0.5827892164837252,21.609844407569035,20.5,21.5
2813.0,21.1294957124389,21.53764073154494,6.268111868690994,21.0,0,-0.5376407315449399,21.086155882157087,20.5,21.5
2814.0,21.12652343567015,21.47277146344845,6.266761745255101,21.0,0,-0.4727714634484492,20.824078782483543,20.5,21.5
2815.0,21.12355148333207,21.44132514150239,6.265410657125033,21.0,0,-0.44132514150238933,21.12686192204179,20.5,21.5
2816.0,21.120579855166827,21.416088547832317,6.264058605329702,21.0,0,-0.41608854783231664,21.16372261113159,20.5,21.5
2817.0,21.11760855091686,21.369520542744716,6.262705590898756,21.0,0,-0.36952054274471635,20.903840491868714,20.5,21.5
2818.0,21.114637570324856,21.311069620663613,6.261351614862573,21.0,0,-0.31106962066361277,20.726560399852577,20.5,21.5
2819.0,21.111666913133764,21.283455503042347,6.259996678252264,21.0,0,-0.28345550304234735,21.007314326829693,20.5,21.5
2820.0,21.108696579086786,21.304705616950905,6.258640782099675,21.0,0,-0.3047056169509048,21.51720675603648,20.5,21.5
2821.0,21.105726567927388,21.262014366495244,6.257283927437378,21.0,0,-0.2620143664952437,20.835101861938632,20.5,21.5
2822.0,21.10275687939929,21.286470362509384,6.255926115298676,21.0,0,-0.28647036250938385,21.531030322650786,20.5,21.5
2823.0,21.099787513246472,21.40326110223696,6.254567346717604,21.0,0,-0.40326110223696077,22.57116849951273,20.5,21.5
2824.0,21.096818469213165,21.432667509722783,6.2532076227289215,21.0,0,-0.43266750972278345,21.72673158458101,20.5,21.5
2825.0,21.09384974704387,21.45448601830882,6.251846944368118,21.0,0,-0.4544860183088204,21.67267110416919,20.5,21.5
2826.0,21.090881346483332,21.516069684870292,6.25048531267141,21.0,0,-0.5160696848702919,22.131906350485007,20.5,21.5
2827.0,21.08791326727657,21.459732066700624,6.249122728675739,21.0,0,-0.4597320667006244,20.89635588500395,20.5,21.5
2828.0,21.08494550916885,21.380968088803424,6.247759193418773,21.0,0,-0.38096808880342437,20.593328309831424,20.5,21.5
2829.0,21.081978071905702,21.394880786535957,6.246394707938901,21.0,0,-0.39488078653595693,21.534007763861283,20.5,21.5
2830.0,21.07901095523291,21.403054269671962,6.2450292732752395,21.0,0,-0.4030542696719621,21.484789101032014,20.5,21.5
2831.0,21.07604415889652,21.42583344624988,6.2436628904676255,21.0,0,-0.42583344624987873,21.653625212029045,20.5,21.5
2832.0,21.073077682642833,21.39861678817956,6.24229556055662,21.0,0,-0.3986167881795595,21.126450207476367,20.5,21.5
2833.0,21.070111526218415,21.499018644491173,6.240927284583505,21.0,0,-0.49901864449117284,22.503037207607306,20.5,21.5
2834.0,21.06714568937009,21.49849071094374,6.23955806359028,21.0,0,-0.49849071094374153,21.49321137546943,20.5,21.5
2835.0,21.064180171844935,21.461363443885972,6.238187898619668,21.0,0,-0.46136344388597195,21.090090773308276,20.5,21.5
2836.0,21.06121497339029,21.401429470414996,6.236816790715109,21.0,0,-0.4014294704149961,20.802089735705238,20.5,21.5
2837.0,21.058250093753752,21.49997239896551,6.23544474092076,21.0,0,-0.49997239896551093,22.48540168447066,20.5,21.5
2838.0,21.055285532683186,21.394918411208934,6.2340717502814975,21.0,1,-0.3949184112089341,20.344378533643166,20.5,21.5
2839.0,21.072321289926705,21.44466586443757,6.2326978198429135,21.0,0,-0.44466586443757095,21.94214039672394,20.5,21.5
2840.0,21.06935336523269,21.419324509209083,6.231322950651316,21.0,0,-0.4193245092090834,21.165910956924208,20.5,21.5
2841.0,21.066385759149775,21.434697063783098,6.229947143753729,21.0,0,-0.4346970637830978,21.588422609523242,20.5,21.5
2842.0,21.063418471426694,21.345765504744783,6.228570400197886,21.0,1,-0.34576550474478296,20.456449914361635,20.5,21.5
2843.0,21.080451501812448,21.341363357915068,6.227192721032241,21.0,1,-0.34136335791506767,21.297341889617915,20.5,21.5
2844.0,21.097480850056293,21.32115850730651,6.225814107305954,21.0,1,-0.3211585073065102,21.119110001220935,20.5,21.5
2845.0,21.114506516707742,21.381051734553758,6.224434560068899,21.0,0,-0.3810517345537576,21.979984007026232,20.5,21.5
2846.0,21.111528502316414,21.39497443966919,6.2230540803716625,21.0,0,-0.3949744396691912,21.534201490823527,20.5,21.5
2847.0,21.108550807432024,21.49578081546542,6.22167266926554,21.0,0,-0.4957808154654195,22.503844573427703,20.5,21.5
2848.0,21.10557343180439,21.50940320621917,6.220290327802536,21.0,0,-0.5094032062191687,21.64562711375666,20.5,21.5
2849.0,21.10259637518359,21.40845933371867,6.218907057035362,21.0,1,-0.40845933371867105,20.399020608713695,20.5,21.5
2850.0,21.11961963731996,21.4070962695668,6.217522858017442,21.0,1,-0.4070962695668001,21.39346562804809,20.5,21.5
2851.0,21.1366392179641,21.44493951062347,6.216137731802901,21.0,0,-0.44493951062347037,21.823371921190173,20.5,21.5
2852.0,21.133655117666866,21.431699037469002,6.214751679446573,21.0,0,-0.4316990374690022,21.29929430592432,20.5,21.5
2853.0,21.130671336979223,21.481602882750316,6.213364702003999,21.0,0,-0.48160288275031604,21.980641335563455,20.5,21.5
2854.0,21.127687875652228,21.560475068633956,6.211976800531422,21.0,0,-0.5604750686339557,22.349196927470352,20.5,21.5
2855.0,21.124704733437202,21.514240936130925,6.210587976085789,21.0,0,-0.5142409361309248,21.051899611100616,20.5,21.5
2856.0,21.121721910085732,21.49464734439886,6.20919822972475,21.0,0,-0.49464734439886016,21.298711427078214,20.5,21.5
2857.0,21.11873940534966,21.48508632855491,6.207807562506657,21.0,0,-0.4850863285549103,21.38947617011541,20.5,21.5
2858.0,21.11575721898109,21.38641260578229,6.2064159754905655,21.0,1,-0.3864126057822901,20.399675378056088,20.5,21.5
2859.0,21.132775350732395,21.371460899539,6.2050234697362265,21.0,1,-0.37146089953899875,21.221943837106085,20.5,21.5
2860.0,21.149789800356196,21.429243828156686,6.203630046304096,21.0,0,-0.42924382815668594,22.007073114333558,20.5,21.5
2861.0,21.146800568405386,21.437624981482635,6.202235706255328,21.0,0,-0.4376249814826352,21.521436514742128,20.5,21.5
2862.0,21.143811655432955,21.450916260635204,6.200840450651768,21.0,0,-0.4509162606352035,21.583829052160887,20.5,21.5
2863.0,21.140823061192,21.498876898744246,6.199444280555968,21.0,0,-0.49887689874424623,21.978483279834673,20.5,21.5
2864.0,21.13783478543587,21.57468492965067,6.198047197031172,21.0,0,-0.5746849296506689,22.332765238714895,20.5,21.5
2865.0,21.13484682791819,21.51550529692636,6.196649201141318,21.0,0,-0.51550529692636,20.923708969683272,20.5,21.5
2866.0,21.131859188392834,21.47475354825962,6.195250293951043,21.0,0,-0.4747535482596206,21.067236061592226,20.5,21.5
2867.0,21.128871866613945,21.45295014573884,6.193850476525673,21.0,0,-0.4529501457388392,21.234916120531025,20.5,21.5
2868.0,21.125884862335926,21.519058645353116,6.192449749931232,21.0,0,-0.5190586453531161,22.180143641495885,20.5,21.5
2869.0,21.122898175313445,21.434751956162707,6.191048115234433,21.0,0,-0.4347519561627067,20.591685064258613,20.5,21.5
2870.0,21.119911805301427,21.495964881099987,6.189645573502682,21.0,0,-0.4959648810999866,22.108094130472786,20.5,21.5
2871.0,21.116925752055067,21.478071030238915,6.188242125804077,21.0,0,-0.4780710302389153,21.299132521628202,20.5,21.5
2872.0,21.113940015329817,21.398076345327667,6.186837773207403,21.0,0,-0.39807634532766656,20.59812949621518,20.5,21.5
2873.0,21.11095459488139,21.307577661679613,6.185432516782136,21.0,1,-0.30757766167961265,20.402590825199074,20.5,21.5
2874.0,21.127969490465773,21.342994823571665,6.184026357598439,21.0,0,-0.3429948235716651,21.69716644249219,20.5,21.5
2875.0,21.1249807018392,21.234440611670447,6.1826192967271645,21.0,1,-0.23444061167044694,20.148898492658265,20.5,21.5
2876.0,21.141992229558177,21.2572974690326,6.18121133523985,21.0,1,-0.25729746903260065,21.485866042654138,20.5,21.5
2877.0,21.159000073379314,21.350658490856055,6.179802474208722,21.0,0,-0.3506584908560555,22.284268709090604,20.5,21.5
2878.0,21.15600423385948,21.435675300912248,6.178392714706685,21.0,0,-0.4356753009122478,22.28584340147417,20.5,21.5
2879.0,21.15300871155565,21.435462455314127,6.176982057807334,21.0,0,-0.4354624553141271,21.43333399933292,20.5,21.5
2880.0,21.1500135062249,21.550276928861265,6.175570504584947,21.0,0,-0.5502769288612654,22.69842166433265,20.5,21.5
2881.0,21.147018617624575,21.56171855963087,6.174158056114481,21.0,0,-0.5617185596308687,21.6761348673269,20.5,21.5
2882.0,21.14402404551227,21.59507999772547,6.1727447134715785,21.0,0,-0.5950799977254704,21.928694378671487,20.5,21.5
2883.0,21.141029789645863,21.522003298290997,6.171330477732562,21.0,0,-0.522003298290997,20.791236303946263,20.5,21.5
2884.0,21.13803584978348,21.556460035029737,6.169915349974431,21.0,0,-0.5564600350297368,21.901027402417135,20.5,21.5
2885.0,21.13504222568352,21.56318188126614,6.168499331274869,21.0,0,-0.5631818812661393,21.630400343630164,20.5,21.5
2886.0,21.132048917104637,21.53347972809661,6.167082422712235,21.0,0,-0.5334797280966086,21.2364581964013,20.5,21.5
2887.0,21.12905592380576,21.464809311957488,6.165664625365567,21.0,0,-0.4648093119574881,20.778105150566283,20.5,21.5
2888.0,21.12606324554607,21.50029836594232,6.164245940314579,21.0,0,-0.5002983659423208,21.855188905790648,20.5,21.5
2889.0,21.123070882085024,21.44406497537282,6.162826368639662,21.0,0,-0.44406497537282164,20.88173106967783,20.5,21.5
2890.0,21.120078833182333,21.35862185201921,6.1614059114218795,21.0,0,-0.3586218520192084,20.504190618483076,20.5,21.5
2891.0,21.11708709859798,21.410696642331185,6.159984569742974,21.0,0,-0.4106966423311853,21.931444545450955,20.5,21.5
2892.0,21.11409567809221,21.450346156814938,6.1585623446853575,21.0,0,-0.4503461568149376,21.84684130165246,20.5,21.5
2893.0,21.11110457142553,21.45720488687103,6.157139237332117,21.0,0,-0.457204886871029,21.525792187431943,20.5,21.5
2894.0,21.10811377835871,21.506225157080962,6.155715248767011,21.0,0,-0.5062251570809622,21.996427859180294,20.5,21.5
2895.0,21.105123298652792,21.502998126824412,6.1542903800744675,21.0,0,-0.5029981268244121,21.470727824258912,20.5,21.5
2896.0,21.102133132069078,21.497011840938747,6.152864632339586,21.0,0,-0.49701184093874673,21.437148982082093,20.5,21.5
2897.0,21.09914327836913,21.45743240531044,6.151438006648138,21.0,0,-0.4574324053104384,21.061638049027355,20.5,21.5
2898.0,21.096153737314786,21.4400662305819,6.1500105040865565,21.0,0,-0.4400662305818983,21.266404483296498,20.5,21.5
2899.0,21.093164508668142,21.414438281327907,6.148582125741951,21.0,0,-0.4144382813279073,21.158158788787997,20.5,21.5
2900.0,21.090175592191557,21.44794521238854,6.147152872702093,21.0,0,-0.44794521238853946,21.78301452299486,20.5,21.5
2901.0,21.08718698764766,21.448151685751405,6.1457227460554185,21.0,0,-0.4481516857514052,21.450216419380062,20.5,21.5
2902.0,21.08419869479934,21.443758362601734,6.1442917468910325,21.0,0,-0.4437583626017343,21.399825131105025,20.5,21.5
2903.0,21.08121071340976,21.426905526027006,6.1428598762987034,21.0,0,-0.4269055260270065,21.25837716027973,20.5,21.5
2904.0,21.07822304324234,21.444387272638885,6.141427135368863,21.0,0,-0.44438727263888467,21.619204738757666,20.5,21.5
2905.0,21.075235684060765,21.40235896808815,6.139993525192606,21.0,0,-0.4023589680881514,20.98207592258082,20.5,21.5
2906.0,21.07224863562899,21.262195943705485,6.138559046861689,21.0,1,-0.2621959437054855,19.860565699878826,20.5,21.5
2907.0,21.08926189771124,21.25325362749544,6.1371237014685285,21.0,1,-0.25325362749543956,21.16383046539498,20.5,21.5
2908.0,21.10627147007199,21.332357790856975,6.135687490106202,21.0,0,-0.3323577908569746,22.123399424472325,20.5,21.5
2909.0,21.103277353276,21.330653633357546,6.1342504138684495,21.0,0,-0.33065363335754583,21.31361205836326,20.5,21.5
2910.0,21.100283547888118,21.3688229424316,6.1328124738496665,21.0,0,-0.3688229424315992,21.750516033172133,20.5,21.5
2911.0,21.097290053673312,21.503747101797806,6.131373671144904,21.0,0,-0.5037471017978064,22.852988695459878,20.5,21.5
2912.0,21.094296870396807,21.52541456392769,6.129934006849876,21.0,0,-0.5254145639276899,21.742089185226526,20.5,21.5
2913.0,21.0913039978241,21.420394509725742,6.128493482060948,21.0,1,-0.42039450972574244,20.370193967706268,20.5,21.5
2914.0,21.108311435720946,21.373776678571808,6.1270520978751435,21.0,1,-0.37377667857180796,20.907598367032463,20.5,21.5
2915.0,21.125315183853377,21.363325548209197,6.125609855390136,21.0,1,-0.3633255482091968,21.258814244583085,20.5,21.5
2916.0,21.142315242787685,21.297309128769353,6.124166755704262,21.0,1,-0.2973091287693528,20.637144934370912,20.5,21.5
2917.0,21.159311613090267,21.33335232840216,6.122722799916499,21.0,0,-0.3333523284021602,21.693784324730235,20.5,21.5
2918.0,21.156304295327633,21.36471450095824,6.121277989126483,21.0,0,-0.36471450095823954,21.678336226519033,20.5,21.5
2919.0,21.153297290066394,21.349307729278557,6.119832324434503,21.0,0,-0.34930772927855713,21.195240012481733,20.5,21.5
2920.0,21.15029059707327,21.37617541765863,6.118385806941494,21.0,0,-0.3761754176586294,21.644852301459352,20.5,21.5
2921.0,21.147284216115242,21.43407698344211,6.116938437749042,21.0,0,-0.434076983442111,22.013092641276927,20.5,21.5
2922.0,21.144278146959568,21.388230448343872,6.115490217959381,21.0,0,-0.3882304483438723,20.929765097361486,20.5,21.5
2923.0,21.141272389373768,21.39524487320451,6.114041148675394,21.0,0,-0.3952448732045113,21.4653891218109,20.5,21.5
2924.0,21.13826694312563,21.44659203179324,6.112591231000609,21.0,0,-0.4465920317932408,21.960063617680536,20.5,21.5
2925.0,21.135261807983206,21.556500927523132,6.111140466039204,21.0,0,-0.5565009275231318,22.655589884822042,20.5,21.5
2926.0,21.132256983714818,21.503190933796656,6.109688854895999,21.0,0,-0.503190933796656,20.970090996531898,20.5,21.5
2927.0,21.129252470089053,21.594017522723412,6.108236398676458,21.0,0,-0.5940175227234121,22.502283411990973,20.5,21.5
2928.0,21.12624826687477,21.551552914764734,6.106783098486688,21.0,0,-0.5515529147647342,21.126906835177955,20.5,21.5
2929.0,21.123244373841093,21.492498793864158,6.105328955433444,21.0,0,-0.49249879386415785,20.901957584858394,20.5,21.5
2930.0,21.12024079075741,21.408394767061484,6.103873970624116,21.0,0,-0.40839476706148403,20.567354499034746,20.5,21.5
2931.0,21.117237517393384,21.47595438659968,6.10241814516674,21.0,0,-0.47595438659967826,22.15155058198162,20.5,21.5
2932.0,21.11423455351894,21.40309321539447,6.100961480169992,21.0,0,-0.4030932153944704,20.674481503342392,20.5,21.5
2933.0,21.111231898904272,21.49914266835681,6.099503976743182,21.0,0,-0.49914266835681076,22.459637197980214,20.5,21.5
2934.0,21.10822955331984,21.584966807483877,6.098045635996264,21.0,0,-0.5849668074838767,22.443208198754537,20.5,21.5
2935.0,21.105227516536377,21.495866218467587,6.096586459039828,21.0,0,-0.4958662184675866,20.604860328304685,20.5,21.5
2936.0,21.10222578832488,21.419289761619982,6.0951264469851,21.0,0,-0.4192897616199822,20.65352519314394,20.5,21.5
2937.0,21.09922436845661,21.453824929570562,6.093665600943944,21.0,0,-0.45382492957056186,21.79917660907636,20.5,21.5
2938.0,21.09622325670311,21.454179280745684,6.092203922028858,21.0,0,-0.45417928074568437,21.45772279249691,20.5,21.5
2939.0,21.093222452836173,21.44925236949099,6.0907414113529725,21.0,0,-0.44925236949098846,21.39998325694403,20.5,21.5
2940.0,21.090221956627875,21.525540777750063,6.089278070030055,21.0,0,-0.5255407777500629,22.288424860340807,20.5,21.5
2941.0,21.087221767850554,21.65682804978722,6.0878138991745,21.0,0,-0.6568280497872188,22.969700770158777,20.5,21.5
2942.0,21.08422188627682,21.561023947668463,6.086348899901341,21.0,0,-0.5610239476684633,20.60298292648091,20.5,21.5
2943.0,21.081222311679543,21.522231434138423,6.084883073326238,21.0,0,-0.5222314341384227,21.134306298838016,20.5,21.5
2944.0,21.078223043831873,21.463808985768413,6.08341642056548,21.0,0,-0.4638089857684129,20.879584502068315,20.5,21.5
2945.0,21.07522408250722,21.367851255898717,6.081948942735988,21.0,1,-0.36785125589871726,20.40827395720176,20.5,21.5
2946.0,21.092225427479264,21.26809740849108,6.08048064095531,21.0,1,-0.2680974084910801,20.27055893441471,20.5,21.5
2947.0,21.109223078521957,21.302798823581753,6.079011516341621,21.0,0,-0.30279882358175314,21.649812974488484,20.5,21.5
2948.0,21.10621703620952,21.26397418369509,6.077541570013725,21.0,0,-0.2639741836950904,20.875727784828463,20.5,21.5
2949.0,21.103211301116282,21.27342775512617,6.076070803091051,21.0,0,-0.27342775512617123,21.36796346943698,20.5,21.5
2950.0,21.100205873016677,21.302419477624024,6.074599216693648,21.0,0,-0.3024194776240243,21.592336702602555,20.5,21.5
2951.0,21.097200751685413,21.345597699422047,6.0731268119421955,21.0,0,-0.3455976994220471,21.777379917402275,20.5,21.5
2952.0,21.094195936897464,21.318948802594953,6.071653589957993,21.0,0,-0.31894880259495295,21.05245983432401,20.5,21.5
2953.0,21.091191428428075,21.384493298551938,6.070179551862965,21.0,0,-0.3844932985519378,22.039938258121786,20.5,21.5
2954.0,21.088187226052764,21.421027585960765,6.068704698779653,21.0,0,-0.42102758596076484,21.786370460049035,20.5,21.5
2955.0,21.08518332954731,21.49426497377565,6.067229031831223,21.0,0,-0.4942649737756497,22.2266388519245,20.5,21.5
2956.0,21.082179738687767,21.516852770455746,6.06575255214146,21.0,0,-0.5168527704557455,21.742730737256704,20.5,21.5
2957.0,21.079176453250458,21.5913635538772,6.0642752608347665,21.0,0,-0.5913635538772013,22.33647138809176,20.5,21.5
2958.0,21.076173473011973,21.485276808285626,6.062797159036165,21.0,1,-0.4852768082856258,20.42440935236987,20.5,21.5
2959.0,21.093170797749178,21.384833257194245,6.061318247871295,21.0,1,-0.384833257194245,20.380397746280437,20.5,21.5
2960.0,21.1101644272392,21.313928177386778,6.059838528466411,21.0,1,-0.3139281773867779,20.604877379312107,20.5,21.5
2961.0,21.127154362059446,21.29896146160224,6.058358001948381,21.0,1,-0.29896146160223935,21.149294303756854,20.5,21.5
2962.0,21.144140602787424,21.23600639382583,6.056876669444694,21.0,1,-0.23600639382582855,20.60645571606172,20.5,21.5
2963.0,21.161123150000755,21.287958908175984,6.055394532083449,21.0,0,-0.2879589081759839,21.807484051677537,20.5,21.5
2964.0,21.158102004277172,21.36292108978575,6.053911590993355,21.0,0,-0.36292108978575044,22.112542905883416,20.5,21.5
2965.0,21.155081166194517,21.403670109568427,6.05242784730374,21.0,0,-0.4036701095684272,21.811160307395195,20.5,21.5
2966.0,21.152060635530738,21.387789322162888,6.050943302144536,21.0,0,-0.3877893221628881,21.228981448107497,20.5,21.5
2967.0,21.14904041206406,21.443300965609236,6.04945795664629,21.0,0,-0.44330096560923593,21.998417400072714,20.5,21.5
2968.0,21.146020495572976,21.49350609988246,6.047971811940158,21.0,0,-0.49350609988245964,21.995557442614697,20.5,21.5
2969.0,21.14300088583625,21.453432464115146,6.046484869157903,21.0,0,-0.4534324641151457,21.052696106442006,20.5,21.5
2970.0,21.139981582632917,21.418033518891,6.044997129431897,21.0,0,-0.4180335188910007,21.06404406664955,20.5,21.5
2971.0,21.13696258574228,21.36007321019759,6.043508593895119,21.0,0,-0.36007321019759075,20.78047012326349,20.5,21.5
2972.0,21.133943894943908,21.343090307441425,6.042019263681153,21.0,0,-0.3430903074414253,21.17326127987977,20.5,21.5
2973.0,21.130925510017654,21.327469537160987,6.040529139924188,21.0,0,-0.3274695371609866,21.1712618343566,20.5,21.5
2974.0,21.127907430743637,21.355900397667927,6.039038223759018,21.0,0,-0.35590039766792714,21.640209002737333,20.5,21.5
2975.0,21.12488965690224,21.460782625770783,6.037546516321043,21.0,0,-0.46078262577078277,22.50960490679934,20.5,21.5
2976.0,21.121872188274125,21.498317636928267,6.0360540187462615,21.0,0,-0.4983176369282667,21.873667748503106,20.5,21.5
2977.0,21.11885502464022,21.509312089856408,6.034560732171273,21.0,0,-0.5093120898564081,21.619256619137822,20.5,21.5
2978.0,21.115838165781724,21.50779949076235,6.033066657733284,21.0,0,-0.5077994907623484,21.492673499821752,20.5,21.5
2979.0,21.112821611480115,21.470018854767076,6.031571796570095,21.0,0,-0.4700188547670763,21.092212494814355,20.5,21.5
2980.0,21.109805361517132,21.387477385525166,6.030076149820108,21.0,0,-0.3874773855251661,20.562062693106064,20.5,21.5
2981.0,21.106789415674793,21.427094783460596,6.028579718622324,21.0,0,-0.42709478346059626,21.823268762814898,20.5,21.5
2982.0,21.103773773735384,21.333815248631055,6.027082504116341,21.0,1,-0.33381524863105483,20.40101990033564,20.5,21.5
2983.0,21.12075843548146,21.301892573430006,6.025584507442351,21.0,1,-0.3018925734300062,20.98266582141952,20.5,21.5
2984.0,21.13773940069585,21.345269137300445,6.024085729741143,21.0,0,-0.34526913730044484,21.77903477600483,20.5,21.5
2985.0,21.13471666996166,21.400880185991944,6.022586172154105,21.0,0,-0.4008801859919444,21.95699067290694,20.5,21.5
2986.0,21.131694243862096,21.37925895744032,6.021085835823212,21.0,0,-0.3792589574403209,21.163046671924086,20.5,21.5
2987.0,21.12867212218049,21.46589200571363,6.019584721891037,21.0,0,-0.46589200571363065,22.332222488446728,20.5,21.5
2988.0,21.125650304700432,21.49896243394452,6.018082831500743,21.0,0,-0.49896243394452,21.829666716253413,20.5,21.5
2989.0,21.12262879120579,21.471602271204187,6.016580165796086,21.0,0,-0.47160227120418696,21.198000643800857,20.5,21.5
2990.0,21.11960758148071,21.482088091874175,6.015076725921408,21.0,0,-0.482088091874175,21.586946298574055,20.5,21.5
2991.0,21.1165866753096,21.30777213090471,6.013572513021648,21.0,1,-0.30777213090470923,19.56461252121005,20.5,21.5
2992.0,21.13356607247714,21.25076801615635,6.012067528242327,21.0,1,-0.2507680161563499,20.680726868672757,20.5,21.5
2993.0,21.150541772768293,21.219917651345494,6.0105617727295595,21.0,1,-0.21991765134549368,20.91141400323693,20.5,21.5
2994.0,21.167513776768285,21.309763305875443,6.009055247630039,21.0,0,-0.30976330587544254,22.20821985117493,20.5,21.5
2995.0,21.164482085062456,21.361547305683178,6.007547954091053,21.0,0,-0.36154730568317817,21.879387303760534,20.5,21.5
2996.0,21.161450698236262,21.55315129391445,6.00603989326047,21.0,0,-0.5531512939144498,23.469191176227167,20.5,21.5
2997.0,21.158419616075268,21.63083513522688,6.004531066286745,21.0,0,-0.6308351352268815,22.407673548351198,20.5,21.5
2998.0,21.155388838365308,21.750138171599968,6.003021474318915,21.0,0,-0.7501381715999678,22.94316853533083,20.5,21.5
2999.0,21.1523583648925,21.710938908321648,6.0015111185066,21.0,0,-0.7109389083216477,21.318946275538448,20.5,21.5
3000.0,21.14932819544322,21.5556906496078,6.0,21.0,1,-0.5556906496078007,20.00320806246933,20.5,21.5
3001.0,21.166298329804132,21.53019164764787,5.9984881199499,21.0,1,-0.5301916476478716,21.27520162804858,20.5,21.5
3002.0,21.18326476776216,21.515968981611486,5.996975479507661,21.0,1,-0.5159689816114863,21.373742321247633,20.5,21.5
3003.0,21.20022750990451,21.467257945196167,5.995462079825224,21.0,1,-0.4672579451961667,20.98014758104297,20.5,21.5
3004.0,21.217186556818497,21.410693330319127,5.993947922055111,21.0,1,-0.4106933303191269,20.84504718154873,20.5,21.5
3005.0,21.234141909091544,21.495824615240686,5.992433007350417,21.0,0,-0.4958246152406858,22.347137464456274,20.5,21.5
3006.0,21.231093567311195,21.52705034095202,5.990917336864816,21.0,0,-0.5270503409520195,21.839307598065357,20.5,21.5
3007.0,21.228045532065106,21.46842472238646,5.989400911752556,21.0,0,-0.4684247223864588,20.882168536730852,20.5,21.5
3008.0,21.224997803141044,21.392971326902273,5.987883733168462,21.0,0,-0.39297132690227343,20.63843737206042,20.5,21.5
3009.0,21.221950380327048,21.395262282320807,5.986365802267932,21.0,0,-0.3952622823208074,21.418171836506147,20.5,21.5
3010.0,21.218903263411438,21.388314924275928,5.984847120206934,21.0,0,-0.38831492427592806,21.318841343827135,20.5,21.5
3011.0,21.2158564521828,21.396913838646743,5.983327688142014,21.0,0,-0.3969138386467428,21.48290298235489,20.5,21.5
3012.0,21.21280994642999,21.481946050653306,5.981807507230282,21.0,0,-0.4819460506533062,22.33226817071894,20.5,21.5
3013.0,21.209763745942148,21.492970506975404,5.980286578629423,21.0,0,-0.49297050697540357,21.603215070196377,20.5,21.5
3014.0,21.206717850508685,21.557036353883404,5.978764903497693,21.0,0,-0.5570363538834044,22.197694822963413,20.5,21.5
3015.0,21.203672259919284,21.505274683745533,5.97724248299391,21.0,0,-0.5052746837455331,20.98765798236682,20.5,21.5
3016.0,21.2006269739639,21.480400434347924,5.975719318277466,21.0,0,-0.48040043434792423,21.231657940371836,20.5,21.5
3017.0,21.197581992432763,21.51248366256032,5.974195410508315,21.0,0,-0.5124836625603209,21.833315944684287,20.5,21.5
3018.0,21.194537315116378,21.52879849439683,5.972670760846981,21.0,0,-0.5287984943968311,21.691946812761934,20.5,21.5
3019.0,21.191492941805524,21.500582420086978,5.9711453704545505,21.0,0,-0.5005824200869782,21.21842167698845,20.5,21.5
3020.0,21.188448872291254,21.549608422425422,5.9696192404926745,21.0,0,-0.5496084224254218,22.03986844580986,20.5,21.5
3021.0,21.185405106364893,21.539096239045605,5.968092372123567,21.0,0,-0.5390962390456053,21.43397440524744,20.5,21.5
3022.0,21.182361643818044,21.497349925560872,5.966564766510006,21.0,0,-0.4973499255608722,21.07988679071354,20.5,21.5
3023.0,21.179318484442582,21.532772709311388,5.9650364248153265,21.0,0,-0.5327727093113879,21.887000546816544,20.5,21.5
3024.0,21.176275628030655,21.54685999785189,5.96350734820343,21.0,0,-0.5468599978518895,21.687732883256906,20.5,21.5
3025.0,21.17323307437469,21.468337216704292,5.961977537838775,21.0,0,-0.46833721670429185,20.683109405228315,20.5,21.5
3026.0,21.170190823267383,21.539846211493625,5.960446994886379,21.0,0,-0.5398462114936251,22.254936159386958,20.5,21.5
3027.0,21.167148874501706,21.603485729573677,5.958915720511813,21.0,0,-0.6034857295736771,22.239880910374197,20.5,21.5
3028.0,21.164107227870907,21.59173849768424,5.957383715881214,21.0,0,-0.5917384976842399,21.47426617878987,20.5,21.5
3029.0,21.161065883168508,21.603643267144072,5.955850982161268,21.0,0,-0.6036432671440721,21.722690961742394,20.5,21.5
3030.0,21.158024840188308,21.640236763062045,5.954317520519217,21.0,0,-0.6402367630620454,22.006171722241778,20.5,21.5
3031.0,21.154984098724373,21.575285626956877,5.952783332122862,21.0,0,-0.5752856269568767,20.92577426590519,20.5,21.5
3032.0,21.151943658571053,21.411232119455104,5.951248418140551,21.0,1,-0.41123211945510363,19.770697044437373,20.5,21.5
3033.0,21.168903519522967,21.41805110436882,5.949712779741189,21.0,1,-0.4180511043688213,21.486240953505998,20.5,21.5
3034.0,21.18585968137501,21.37990212735651,5.948176418094232,21.0,1,-0.37990212735650886,20.998412357233384,20.5,21.5
3035.0,21.202812144722355,21.42298389688593,5.946639334369687,21.0,0,-0.4229838968859312,21.853801592180155,20.5,21.5
3036.0,21.199760910160283,21.363133394829326,5.945101529738108,21.0,0,-0.36313339482932605,20.764628374263275,20.5,21.5
3037.0,21.196709978284197,21.44689191366401,5.943563005370602,21.0,0,-0.44689191366401104,22.28447710201086,20.5,21.5
3038.0,21.193659348889614,21.436027759613328,5.94202376243882,21.0,0,-0.43602775961332796,21.327386219106497,20.5,21.5
3039.0,21.190609021772325,21.400310884601602,5.940483802114965,21.0,0,-0.4003108846016019,21.04314213448434,20.5,21.5
3040.0,21.18755899672839,21.444309355442517,5.9389431255717815,21.0,0,-0.4443093554425168,21.884294063851666,20.5,21.5
3041.0,21.18450927355416,21.49462706705617,5.937401733982563,21.0,0,-0.49462706705617165,21.99780418319272,20.5,21.5
3042.0,21.181459852046245,21.439271455683116,5.935859628521148,21.0,0,-0.4392714556831159,20.885715341952558,20.5,21.5
3043.0,21.17841073200154,21.436528737328594,5.934316810361912,21.0,0,-0.43652873732859376,21.409101553783373,20.5,21.5
3044.0,21.175361913217213,21.48524176479653,5.932773280679783,21.0,0,-0.48524176479653036,21.972372039475896,20.5,21.5
3045.0,21.172313395490704,21.385481361798796,5.931229040650223,21.0,1,-0.3854813617987958,20.38787733182145,20.5,21.5
3046.0,21.189265178619735,21.344683694234973,5.929684091449239,21.0,1,-0.34468369423497336,20.93670701859675,20.5,21.5
3047.0,21.2062132624023,21.415829744596827,5.928138434253378,21.0,0,-0.4158297445968273,22.127290248215367,20.5,21.5
3048.0,21.203157647436672,21.429234865255957,5.926592070239725,21.0,0,-0.4292348652559568,21.56328607184725,20.5,21.5
3049.0,21.200102334321233,21.455434244056633,5.9250450005859,21.0,0,-0.455434244056633,21.717428032063395,20.5,21.5
3050.0,21.197047322854488,21.531300488326504,5.923497226470068,21.0,0,-0.5313004883265044,22.28996293102522,20.5,21.5
3051.0,21.19399261283521,21.65256087792467,5.921948749070925,21.0,0,-0.652560877924671,22.865164773906336,20.5,21.5
3052.0,21.19093820406246,21.638754210897446,5.920399569567704,21.0,0,-0.6387542108974458,21.500687540625194,20.5,21.5
3053.0,21.18788409633556,21.561853294028097,5.918849689140171,21.0,0,-0.5618532940280971,20.79284412533461,20.5,21.5
3054.0,21.18483028945412,21.550491624209375,5.91729910896863,21.0,0,-0.5504916242093749,21.436874926022153,20.5,21.5
3055.0,21.181776783218023,21.555646395632355,5.915747830233914,21.0,0,-0.5556463956323547,21.607194109862153,20.5,21.5
3056.0,21.178723577427427,21.4758513028843,5.914195854117388,21.0,0,-0.4758513028843012,20.677900375403766,20.5,21.5
3057.0,21.175670671882763,21.42274920741021,5.912643181800951,21.0,0,-0.4227492074102095,20.891728252669292,20.5,21.5
3058.0,21.172618066384747,21.430204013113645,5.911089814467031,21.0,0,-0.4302040131136451,21.504752070148,20.5,21.5
3059.0,21.16956576073436,21.383293216980142,5.909535753298584,21.0,0,-0.3832932169801424,20.914185255645116,20.5,21.5
3060.0,21.166513754732875,21.36342873494572,5.9079809994790935,21.0,0,-0.36342873494572103,21.164783914601507,20.5,21.5
3061.0,21.163462048181824,21.382739622623536,5.906425554192575,21.0,0,-0.3827396226235358,21.575848499401683,20.5,21.5
3062.0,21.160410640883025,21.413053271110766,5.904869418623566,21.0,0,-0.4130532711107655,21.716189755983063,20.5,21.5
3063.0,21.157359532638573,21.491148870068166,5.903312593957131,21.0,0,-0.4911488700681659,22.27210485964217,20.5,21.5
3064.0,21.154308723250836,21.523430319323513,5.901755081378862,21.0,0,-0.5234303193235128,21.846244811876982,20.5,21.5
3065.0,21.15125821252246,21.51314991531169,5.900196882074871,21.0,0,-0.5131499153116899,21.41034587519346,20.5,21.5
3066.0,21.14820800025637,21.44931830515072,5.898637997231793,21.0,0,-0.4493183051507188,20.81100220354101,20.5,21.5
3067.0,21.145158086255766,21.482449688738853,5.89707842803679,21.0,0,-0.4824496887388534,21.8137635246202,20.5,21.5
3068.0,21.14210847032412,21.42060546721563,5.895518175677539,21.0,0,-0.42060546721562986,20.802163251983394,20.5,21.5
3069.0,21.13905915226519,21.45079726905909,5.893957241342242,21.0,0,-0.4507972690590911,21.752715287493704,20.5,21.5
3070.0,21.136010131883005,21.440904564277375,5.892395626219618,21.0,0,-0.4409045642773748,21.34197751646021,20.5,21.5
3071.0,21.13296140898187,21.452080689533908,5.890833331498904,21.0,0,-0.4520806895339078,21.563841942099238,20.5,21.5
3072.0,21.129912983366374,21.46089842270842,5.889270358369855,21.0,0,-0.4608984227084214,21.549075754453558,20.5,21.5
3073.0,21.126864854841376,21.393941272547465,5.887706708022744,21.0,0,-0.39394127254746536,20.724369770937905,20.5,21.5
3074.0,21.123817023212013,21.438005262011647,5.88614238164836,21.0,0,-0.4380052620116466,21.87864515665346,20.5,21.5
3075.0,21.1207694882837,21.446386133751634,5.884577380438003,21.0,0,-0.44638613375163416,21.53019485115151,20.5,21.5
3076.0,21.11772224986213,21.454440527295546,5.88301170558349,21.0,0,-0.45444052729554585,21.534984462734663,20.5,21.5
3077.0,21.114675307753274,21.41428282615725,5.881445358277153,21.0,0,-0.4142828261572511,21.012705814774304,20.5,21.5
3078.0,21.11162866176338,21.485229168794767,5.879878339711831,21.0,0,-0.48522916879476696,22.194692595169926,20.5,21.5
3079.0,21.10858231169897,21.367237799535758,5.878310651080876,21.0,1,-0.36723779953575786,20.187324106945667,20.5,21.5
3080.0,21.125536257366846,21.37247082366476,5.876742293578155,21.0,1,-0.37247082366475937,21.424801064954774,20.5,21.5
3081.0,21.14248649857409,21.4196039527111,5.875173268398038,21.0,0,-0.41960395271109974,21.890935243174503,20.5,21.5
3082.0,21.139433035928054,21.399137126651148,5.873603576735405,21.0,0,-0.39913712665114787,21.19446886605163,20.5,21.5
3083.0,21.136379870036215,21.477587540969928,5.872033219785646,21.0,0,-0.47758754096992817,22.26209168415773,20.5,21.5
3084.0,21.133327000706164,21.47151914264083,5.870462198744655,21.0,0,-0.4715191426408296,21.410835159349844,20.5,21.5
3085.0,21.13027442774577,21.39243604365075,5.868890514808834,21.0,0,-0.3924360436507506,20.60160505374996,20.5,21.5
3086.0,21.127222150963185,21.315034774072096,5.867318169175089,21.0,0,-0.315034774072096,20.54102207828555,20.5,21.5
3087.0,21.124170170166828,21.35444752836293,5.865745163040828,21.0,0,-0.3544475283629289,21.748575071271258,20.5,21.5
3088.0,21.121118485165404,21.314472921824667,5.864171497603965,21.0,0,-0.3144729218246667,20.914726856442044,20.5,21.5
3089.0,21.11806709576789,21.439350754632194,5.8625971740629135,21.0,0,-0.4393507546321942,22.68812908270747,20.5,21.5
3090.0,21.11501600178355,21.514358220741787,5.8610221936165905,21.0,0,-0.5143582207417872,22.264432881837717,20.5,21.5
3091.0,21.111965203021917,21.545285255101202,5.859446557464411,21.0,0,-0.5452852551012022,21.854555598695352,20.5,21.5
3092.0,21.108914699292807,21.52854777065497,5.857870266806293,21.0,0,-0.5285477706549706,21.361172926192655,20.5,21.5
3093.0,21.10586449040631,21.479110960008832,5.856293322842646,21.0,0,-0.4791109600088319,20.984742853547445,20.5,21.5
3094.0,21.1028145761728,21.327226464793476,5.854715726774385,21.0,1,-0.32722646479347617,19.80838151263992,20.5,21.5
3095.0,21.11976495640292,21.316207414229304,5.853137479802917,21.0,1,-0.31620741422930365,21.20601690858758,20.5,21.5
3096.0,21.1367116309076,21.34604305341308,5.851558583130145,21.0,0,-0.34604305341308006,21.644399445250844,20.5,21.5
3097.0,21.133654600298048,21.39910661046531,5.8499790379584695,21.0,0,-0.39910661046531004,21.92974218098761,20.5,21.5
3098.0,21.130597865185578,21.394114892970926,5.848398845490781,21.0,0,-0.3941148929709257,21.344197718027083,20.5,21.5
3099.0,21.12754142538164,21.537309623889946,5.846818006930464,21.0,0,-0.5373096238899464,22.969256933080153,20.5,21.5
3100.0,21.12448528069795,21.580068689049977,5.8452365234813985,21.0,0,-0.5800686890499769,22.00765934065028,20.5,21.5
3101.0,21.121429430946506,21.530762333799586,5.843654396347952,21.0,0,-0.5307623337995864,21.03769878129568,20.5,21.5
3102.0,21.118373875939586,21.49487442507335,5.842071626734981,21.0,0,-0.49487442507334833,21.135995337810968,20.5,21.5
3103.0,21.115318615489745,21.514212170430707,5.840488215847838,21.0,0,-0.5142121704307065,21.70758962400429,20.5,21.5
3104.0,21.112263649409815,21.401696431827492,5.838904164892355,21.0,1,-0.40169643182749226,20.27653904579535,20.5,21.5
3105.0,21.129208977512913,21.395663439658144,5.837319475074857,21.0,1,-0.39566343965814355,21.335333517964656,20.5,21.5
3106.0,21.146150599612426,21.468197831877987,5.835734147602153,21.0,0,-0.4681978318779869,22.19354175407642,20.5,21.5
3107.0,21.143088516322024,21.42892170091083,5.834148183681542,21.0,0,-0.4289217009108306,21.036160391239267,20.5,21.5
3108.0,21.140026728255496,21.483621037646053,5.832561584520803,21.0,0,-0.4836210376460528,22.030614404998275,20.5,21.5
3109.0,21.13696523522675,21.573521313594384,5.830974351328199,21.0,0,-0.5735213135943837,22.472524073077693,20.5,21.5
3110.0,21.13390403704997,21.618644791200555,5.829386485312479,21.0,0,-0.6186447912005555,22.069879567262273,20.5,21.5
3111.0,21.13084313353962,21.53944467530848,5.82779798768287,21.0,0,-0.5394446753084807,20.747443516387733,20.5,21.5
3112.0,21.12778252451045,21.53690500380202,5.826208859649083,21.0,0,-0.5369050038020191,21.511508288737403,20.5,21.5
3113.0,21.124722209777477,21.543457014501968,5.82461910242131,21.0,0,-0.5434570145019677,21.608977121501454,20.5,21.5
3114.0,21.121662189156005,21.51888374588135,5.823028717210218,21.0,0,-0.5188837458813502,21.273151059675175,20.5,21.5
3115.0,21.118602462461617,21.41508246054605,5.821437705226955,21.0,1,-0.41508246054604925,20.37706960719304,20.5,21.5
3116.0,21.13554302951017,21.39067321267306,5.819846067683145,21.0,1,-0.390673212673061,21.14658073394318,20.5,21.5
3117.0,21.152479890117807,21.398100162621343,5.818253805790892,21.0,1,-0.3981001626213434,21.472369662104168,20.5,21.5
3118.0,21.169413044900942,21.37762075896152,5.81666092076277,21.0,1,-0.3776207589615197,21.172826722363283,20.5,21.5
3119.0,21.186342494476115,21.421095055937634,5.815067413811832,21.0,0,-0.4210950559376343,21.85583802569878,20.5,21.5
3120.0,21.18326823945998,21.46706998146747,5.813473286151601,21.0,0,-0.46706998146747125,21.92681923676584,20.5,21.5
3121.0,21.18019428046932,21.54976562708499,5.811878538996076,21.0,0,-0.5497656270849909,22.376722083260187,20.5,21.5
3122.0,21.177120617321023,21.57376198259882,5.810283173559725,21.0,0,-0.5737619825988212,21.813725537737124,20.5,21.5
3123.0,21.17404724983227,21.513735533474495,5.80868719105749,21.0,0,-0.5137355334744953,20.913471042231237,20.5,21.5
3124.0,21.170974177820515,21.457929210890104,5.80709059270478,21.0,0,-0.45792921089010363,20.899865985046187,20.5,21.5
3125.0,21.167901401103492,21.449524054908025,5.805493379717475,21.0,0,-0.44952405490802505,21.36547249508724,20.5,21.5
3126.0,21.164828919499215,21.500056254233918,5.8038955533119205,21.0,0,-0.5000562542339182,22.00537824749285,20.5,21.5
3127.0,21.161756732825978,21.513271955131735,5.802297114704932,21.0,0,-0.5132719551317351,21.645428964109904,20.5,21.5
3128.0,21.158684840902353,21.5010778252457,5.80069806511379,21.0,0,-0.5010778252457015,21.379136526385366,20.5,21.5
3129.0,21.155613243547194,21.532954963668335,5.79909840575624,21.0,0,-0.5329549636683346,21.851726347894665,20.5,21.5
3130.0,21.152541940579635,21.473149723359878,5.797498137850493,21.0,0,-0.47314972335987804,20.875097320275312,20.5,21.5
3131.0,21.14947093181909,21.392124699731326,5.795897262615221,21.0,0,-0.39212469973132613,20.581874463445807,20.5,21.5
3132.0,21.146400217085247,21.306627118258437,5.794295781269561,21.0,1,-0.3066271182584366,20.45165130352954,20.5,21.5
3133.0,21.163329796198084,21.3291302804885,5.792693695033112,21.0,0,-0.32913028048849924,21.554161902789126,20.5,21.5
3134.0,21.16025566897785,21.249912661767787,5.79109100512593,21.0,1,-0.24991266176778737,20.45773647456067,20.5,21.5
3135.0,21.17718183604508,21.27358301184757,5.789487712768534,21.0,0,-0.2735830118475704,21.5102865126454,20.5,21.5
3136.0,21.174104297220424,21.343380155510694,5.787883819181903,21.0,0,-0.3433801555106939,22.04135159214193,20.5,21.5
3137.0,21.171027053124817,21.45348182143625,5.7862793255874685,21.0,0,-0.4534818214362488,22.554498480691798,20.5,21.5
3138.0,21.167950103579308,21.473945956916417,5.784674233207123,21.0,0,-0.47394595691641683,21.678587311718097,20.5,21.5
3139.0,21.164873448405235,21.535200985948556,5.783068543263215,21.0,0,-0.5352009859485563,22.14775127626995,20.5,21.5
3140.0,21.161797087424205,21.520091842247304,5.781462256978547,21.0,0,-0.5200918422473038,21.36900040523478,20.5,21.5
3141.0,21.158721020458117,21.482064233483676,5.7798553755763775,21.0,0,-0.4820642334836762,21.1017881458474,20.5,21.5
3142.0,21.15564524732914,21.449906656350397,5.778247900280412,21.0,0,-0.4499066563503966,21.1283308850176,20.5,21.5
3143.0,21.15256976785973,21.472987673533527,5.776639832314818,21.0,0,-0.47298767353352744,21.703797845364836,20.5,21.5
3144.0,21.149494581872624,21.44653921907237,5.775031172904207,21.0,0,-0.4465392190723705,21.1820546744608,20.5,21.5
3145.0,21.14641968919083,21.561509283751068,5.773421923273641,21.0,0,-0.561509283751068,22.711209930538043,20.5,21.5
3146.0,21.143345089637645,21.566104533991535,5.771812084648637,21.0,0,-0.5661045339915347,21.6120570363962,20.5,21.5
3147.0,21.140270783036648,21.59906684349826,5.770201658255157,21.0,0,-0.5990668434982602,21.928689938565515,20.5,21.5
3148.0,21.13719676921169,21.543866116246868,5.768590645319607,21.0,0,-0.5438661162468676,20.991858843732942,20.5,21.5
3149.0,21.13412304798691,21.548564378707283,5.766979047068848,21.0,0,-0.5485643787072831,21.595547003311438,20.5,21.5
3150.0,21.131049619186726,21.52608092817146,5.76536686473018,21.0,0,-0.52608092817146,21.30124642281323,20.5,21.5
3151.0,21.127976482635834,21.537277517575106,5.763754099531349,21.0,0,-0.5372775175751059,21.649243411611565,20.5,21.5
3152.0,21.124903638159214,21.506878628789316,5.762140752700549,21.0,0,-0.5068786287893161,21.20288974093142,20.5,21.5
3153.0,21.121831085582123,21.568482778767446,5.76052682546641,21.0,0,-0.5684827787674465,22.18452427854875,20.5,21.5
3154.0,21.1187588247301,21.54133778451658,5.758912319058011,21.0,0,-0.5413377845165783,21.269887842007897,20.5,21.5
3155.0,21.115686855428965,21.44387284993072,5.757297234704866,21.0,1,-0.4438728499307203,20.46922350407214,20.5,21.5
3156.0,21.13261517750482,21.397759877346843,5.7556815736369344,21.0,1,-0.3977598773468429,20.93663015150807,20.5,21.5
3157.0,21.149539790784047,21.37090817908095,5.7540653370846115,21.0,1,-0.3709081790809492,21.102391196422012,20.5,21.5
3158.0,21.166460695893306,21.341567087276776,5.752448526278731,21.0,1,-0.34156708727677554,21.04815616923504,20.5,21.5
3159.0,21.183377893459383,21.398220859428438,5.750831142450567,21.0,0,-0.398220859428438,21.964758580945063,20.5,21.5
3160.0,21.180291384109182,21.377774073736475,5.749213186831825,21.0,0,-0.3777740737364752,21.173306216816847,20.5,21.5
3161.0,21.177205168469726,21.36328564390758,5.747594660654649,21.0,0,-0.3632856439075809,21.218401345618638,20.5,21.5
3162.0,21.174119246368164,21.39538731995546,5.745975565151618,21.0,0,-0.3953873199554607,21.71640408043426,20.5,21.5
3163.0,21.17103361763192,21.42976921462804,5.744355901555744,21.0,0,-0.4297692146280383,21.773588161353814,20.5,21.5
3164.0,21.167948282088705,21.415961078347163,5.742735671100471,21.0,0,-0.4159610783471628,21.277879715538408,20.5,21.5
3165.0,21.164863239566508,21.490408408772723,5.741114875019672,21.0,0,-0.49040840877272274,22.234881713028322,20.5,21.5
3166.0,21.1617784898936,21.442893061080625,5.739493514547659,21.0,0,-0.44289306108062476,20.967739584159645,20.5,21.5
3167.0,21.15869403289853,21.441497818477767,5.737871590919164,21.0,0,-0.44149781847776737,21.427545392449193,20.5,21.5
3168.0,21.155609868410135,21.40512172694612,5.736249105369356,21.0,0,-0.4051217269461205,21.04136081162965,20.5,21.5
3169.0,21.152525996257527,21.338597117144573,5.734626059133826,21.0,0,-0.3385971171445732,20.6733510191291,20.5,21.5
3170.0,21.1494424162701,21.341657260284983,5.733002453448595,21.0,0,-0.34165726028498256,21.372258691689076,20.5,21.5
3171.0,21.14635912827754,21.384431181123738,5.731378289550109,21.0,0,-0.38443118112373753,21.812170389511287,20.5,21.5
3172.0,21.143276132109794,21.473065342963555,5.729753568675239,21.0,0,-0.4730653429635545,22.359406961361724,20.5,21.5
3173.0,21.140193427597108,21.48774394270479,5.728128292061283,21.0,0,-0.48774394270478894,21.634529940117133,20.5,21.5
3174.0,21.13711101457,21.476683338094997,5.726502460945958,21.0,0,-0.47668333809499686,21.366077291997076,20.5,21.5
3175.0,21.134028892859273,21.467921545088842,5.724876076567403,21.0,0,-0.4679215450888421,21.380303615027294,20.5,21.5
3176.0,21.130947062296016,21.57312881705723,5.723249140164185,21.0,0,-0.5731288170572313,22.625201536741123,20.5,21.5
3177.0,21.12786552271159,21.5102345103044,5.721621652975284,21.0,0,-0.5102345103044001,20.88129144277609,20.5,21.5
3178.0,21.124784273937642,21.559876967465904,5.719993616240102,21.0,0,-0.5598769674659039,22.05630153908094,20.5,21.5
3179.0,21.1217033158061,21.65007330830335,5.718365031198462,21.0,0,-0.6500733083033516,22.55203671667783,20.5,21.5
3180.0,21.11862264814918,21.652798519609558,5.716735899090601,21.0,0,-0.6527985196095578,21.68005063267162,20.5,21.5
3181.0,21.11554227079937,21.58745635241785,5.715106221157173,21.0,0,-0.5874563524178491,20.934034680500762,20.5,21.5
3182.0,21.112462183589443,21.585131614889825,5.71347599863925,21.0,0,-0.5851316148898249,21.561884239609583,20.5,21.5
3183.0,21.109382386352454,21.54643470090857,5.711845232778318,21.0,0,-0.5464347009085699,21.15946556109602,20.5,21.5
3184.0,21.10630287892174,21.47347263985955,5.710213924816274,21.0,0,-0.47347263985955124,20.743852029369364,20.5,21.5
3185.0,21.10322366113092,21.439573557403783,5.708582075995432,21.0,0,-0.4395735574037829,21.1005827328461,20.5,21.5
3186.0,21.10014473281389,21.38417290286323,5.706949687558515,21.0,0,-0.3841729028632308,20.83016635745771,20.5,21.5
3187.0,21.09706609380484,21.201073511698873,5.705316760748657,21.0,1,-0.20107351169887266,19.37007960005529,20.5,21.5
3188.0,21.113987743938228,21.129890707683703,5.703683296809404,21.0,1,-0.12989070768370325,20.41806266753201,20.5,21.5
3189.0,21.130905683048802,21.161352395742252,5.702049296984709,21.0,1,-0.16135239574225224,21.475969276327742,20.5,21.5
3190.0,21.147819911771588,21.13097624198523,5.700414762518935,21.0,1,-0.1309762419852305,20.827214704415013,20.5,21.5
3191.0,21.164730430741738,21.230618195805455,5.69877969465685,21.0,0,-0.23061819580545517,22.227037734007702,20.5,21.5
3192.0,21.16163724059452,21.335743774667275,5.6971440946436305,21.0,0,-0.3357437746672751,22.386999563285475,20.5,21.5
3193.0,21.158544341965328,21.355361199940564,5.6955079637248565,21.0,0,-0.3553611999405639,21.551535452673452,20.5,21.5
3194.0,21.15545173468968,21.363394543613243,5.693871303146511,21.0,0,-0.36339454361324286,21.443727980340032,20.5,21.5
3195.0,21.15235941860337,21.38456126453153,5.692234114154986,21.0,0,-0.3845612645315306,21.596228473714408,20.5,21.5
3196.0,21.14926739354248,21.38595145573515,5.69059639799707,21.0,0,-0.38595145573514955,21.39985336777134,20.5,21.5
3197.0,21.14617565934337,21.417930934920733,5.688958155919955,21.0,0,-0.41793093492073297,21.737725726776567,20.5,21.5
3198.0,21.143084215842684,21.529774447356353,5.687319389171233,21.0,0,-0.5297744473563526,22.64820957171255,20.5,21.5
3199.0,21.13999306287735,21.53635481626535,5.685680098998897,21.0,0,-0.5363548162653515,21.60215850535534,20.5,21.5
3200.0,21.136902200284574,21.575130439210312,5.684040286651338,21.0,0,-0.5751304392103123,21.96288666865992,20.5,21.5
3201.0,21.133811627901846,21.51837869351363,5.6823999533773435,21.0,0,-0.518378693513629,20.950861236546796,20.5,21.5
3202.0,21.13072134556694,21.491606077692747,5.6807591004261,21.0,0,-0.49160607769274733,21.22387991948393,20.5,21.5
3203.0,21.127631353117913,21.354637396345154,5.679117729047189,21.0,1,-0.35463739634515434,19.984950582869224,20.5,21.5
3204.0,21.144541650393098,21.347001179232542,5.677475840490582,21.0,1,-0.34700117923254226,21.27063900810642,20.5,21.5
3205.0,21.161448237231117,21.434582505220845,5.675833436006654,21.0,0,-0.4345825052208454,22.310395765103877,20.5,21.5
3206.0,21.15835111427087,21.42729829841084,5.674190516846164,21.0,0,-0.42729829841083955,21.35445623031078,20.5,21.5
3207.0,21.155254282151386,21.46954268581055,5.672547084260269,21.0,0,-0.4695426858105485,21.891986559807638,20.5,21.5
3208.0,21.152157740711807,21.540004216548816,5.67090313950051,21.0,0,-0.5400042165488159,22.24461952393149,20.5,21.5
3209.0,21.149061489791563,21.507196919556726,5.669258683818827,21.0,0,-0.5071969195567263,21.17912394963583,20.5,21.5
3210.0,21.14596552923037,21.407742432670165,5.667613718467543,21.0,1,-0.4077424326701653,20.413197563804555,20.5,21.5
3211.0,21.162869858868216,21.37757978345249,5.665968244699369,21.0,1,-0.37757978345248944,21.07595329127573,20.5,21.5
3212.0,21.179770478545382,21.430073251176278,5.664322263767406,21.0,0,-0.43007325117627815,21.955007928414165,20.5,21.5
3213.0,21.176667388902427,21.446497770839667,5.662675776925143,21.0,0,-0.4464977708396667,21.610742967473552,20.5,21.5
3214.0,21.173564590580032,21.5887006788718,5.6610287854264465,21.0,0,-0.588700678871799,23.010729759193122,20.5,21.5
3215.0,21.170462083419,21.568080538031218,5.659381290525575,21.0,0,-0.5680805380312179,21.361879129625407,20.5,21.5
3216.0,21.167359867260423,21.67786064316471,5.6577332934771665,21.0,0,-0.6778606431647098,22.77566169449963,20.5,21.5
3217.0,21.164257941945667,21.63423246267164,5.656084795536243,21.0,0,-0.6342324626716405,21.197950657740947,20.5,21.5
3218.0,21.161156307316386,21.55872997681722,5.654435797958208,21.0,0,-0.5587299768172187,20.803705118273,20.5,21.5
3219.0,21.158054963214514,21.444127861428107,5.6527863019988445,21.0,1,-0.44412786142810745,20.298106707536995,20.5,21.5
3220.0,21.17495390948227,21.45276625491719,5.651136308914314,21.0,0,-0.45276625491719,21.539150189808016,20.5,21.5
3221.0,21.171849145962156,21.409460776246128,5.649485819961159,21.0,0,-0.409460776246128,20.976405989535508,20.5,21.5
3222.0,21.168744673296956,21.33894180399831,5.647834836396299,21.0,0,-0.33894180399830987,20.63375208152013,20.5,21.5
3223.0,21.165640491329576,21.417503283993934,5.64618335947703,21.0,0,-0.4175032839939341,22.203118083950176,20.5,21.5
3224.0,21.162536599903206,21.46147094380919,5.644531390461022,21.0,0,-0.4614709438091893,21.90114754196174,20.5,21.5
3225.0,21.159432998861316,21.382581877132584,5.642878930606323,21.0,0,-0.3825818771325835,20.593691210366526,20.5,21.5
3226.0,21.156329688047666,21.37633085920281,5.6412259811713525,21.0,0,-0.3763308592028096,21.31382067990507,20.5,21.5
3227.0,21.153226667306292,21.416441387016754,5.639572543414903,21.0,0,-0.4164413870167536,21.817546665156193,20.5,21.5
3228.0,21.150123936481513,21.3788137441197,5.63791861859614,21.0,0,-0.37881374411970015,21.002537315149166,20.5,21.5
3229.0,21.147021495417935,21.32104109481039,5.636264207974599,21.0,0,-0.3210410948103899,20.743314601717287,20.5,21.5
3230.0,21.143919343960444,21.352307103733402,5.634609312810185,21.0,0,-0.352307103733402,21.664967192963523,20.5,21.5
3231.0,21.140817481954215,21.373020002307783,5.632953934363172,21.0,0,-0.37302000230778276,21.58014898805159,20.5,21.5
3232.0,21.137715909244697,21.364159412772636,5.631298073894206,21.0,0,-0.3641594127726364,21.275553517421173,20.5,21.5
3233.0,21.134614625677628,21.300321818735462,5.629641732664292,21.0,0,-0.30032181873546193,20.661945878363717,20.5,21.5
3234.0,21.131513631099025,21.328880642712395,5.627984911934809,21.0,0,-0.32888064271239514,21.614468882481727,20.5,21.5
3235.0,21.128412925355192,21.404935655112087,5.6263276129675,21.0,0,-0.4049356551120873,22.16548577910901,20.5,21.5
3236.0,21.125312508292716,21.42039595168602,5.624669837024466,21.0,0,-0.4203959516860216,21.574998917425365,20.5,21.5
3237.0,21.122212379758462,21.490162440954286,5.623011585368176,21.0,0,-0.4901624409542862,22.187827333636932,20.5,21.5
3238.0,21.119112539599584,21.553217086107406,5.621352859261464,21.0,0,-0.5532170861074057,22.1837635376386,20.5,21.5
3239.0,21.116012987663517,21.57594982971547,5.619693659967519,21.0,0,-0.5759498297154693,21.803277265796105,20.5,21.5
3240.0,21.112913723797977,21.538717499714654,5.618033988749896,21.0,0,-0.5387174997146538,21.1663941997065,20.5,21.5
3241.0,21.10981474785097,21.416753316354562,5.616373846872504,21.0,1,-0.41675331635456203,20.197111482753645,20.5,21.5
3242.0,21.126716059670773,21.33684241093968,5.6147132355996145,21.0,1,-0.33684241093968126,20.537733356790874,20.5,21.5
3243.0,21.14361365910596,21.337157152127503,5.613052156195856,21.0,1,-0.33715715212750297,21.34030456400572,20.5,21.5
3244.0,21.160507546805377,21.27962891648317,5.611390609926211,21.0,1,-0.2796289164831691,20.70434656003983,20.5,21.5
3245.0,21.177397723418,21.354076938688742,5.609728598056021,21.0,0,-0.3540769386887419,22.09855716074447,20.5,21.5
3246.0,21.174284189592928,21.455557652493553,5.608066121850982,21.0,0,-0.4555576524935532,22.470364790541666,20.5,21.5
3247.0,21.17117094597938,21.61169059585395,5.606403182577136,21.0,0,-0.6116905958539505,23.173020029457923,20.5,21.5
3248.0,21.1680579924267,21.60048836346917,5.604739781500889,21.0,0,-0.6004883634691716,21.488466039621382,20.5,21.5
3249.0,21.164945328784516,21.674696089165085,5.603075919888992,21.0,0,-0.6746960891650851,22.41677334612422,20.5,21.5
3250.0,21.161832954902735,21.606649722717695,5.601411599008546,21.0,0,-0.6066497227176946,20.92618605824379,20.5,21.5
3251.0,21.158720870631555,21.537798805023876,5.599746820127007,21.0,0,-0.5377988050238756,20.849289628085685,20.5,21.5
3252.0,21.155609075821456,21.372904211113052,5.598081584512174,21.0,1,-0.3729042111130525,19.723958272004822,20.5,21.5
3253.0,21.172497570323195,21.429206259678125,5.596415893432197,21.0,0,-0.429206259678125,21.99222674532885,20.5,21.5
3254.0,21.169382353987817,21.41447269146841,5.5947497481555715,21.0,0,-0.41447269146841137,21.267137009371275,20.5,21.5
3255.0,21.16626742746665,21.372726173936858,5.593083149951142,21.0,0,-0.3727261739368579,20.955260998621323,20.5,21.5
3256.0,21.163152790611147,21.44303800766906,5.591416100088093,21.0,0,-0.44303800766905965,22.146156344991077,20.5,21.5
3257.0,21.16003844327304,21.491164632600537,5.589748599835958,21.0,0,-0.4911646326005368,21.972430881915308,20.5,21.5
3258.0,21.156924385304354,21.486513173693975,5.588080650464608,21.0,0,-0.4865131736939752,21.43999858462836,20.5,21.5
3259.0,21.153810616557386,21.481527206189128,5.586412253244261,21.0,0,-0.4815272061891278,21.431667531140654,20.5,21.5
3260.0,21.150697136884723,21.540039836846677,5.5847434094454735,21.0,0,-0.5400398368466774,22.125166143422174,20.5,21.5
3261.0,21.147583946139235,21.497112265362137,5.583074120339143,21.0,0,-0.49711226536213715,21.067836550516734,20.5,21.5
3262.0,21.144471044174075,21.400001772708823,5.581404387196506,21.0,1,-0.40000177270882276,20.42889684617568,20.5,21.5
3263.0,21.16135843084268,21.358070826511494,5.579734211289136,21.0,1,-0.3580708265114936,20.938761364538202,20.5,21.5
3264.0,21.17824210599877,21.413384630255074,5.578063593888944,21.0,0,-0.41338463025507366,21.966522667690874,20.5,21.5
3265.0,21.175122070296347,21.362265588035456,5.5763925362681785,21.0,0,-0.3622655880354557,20.851075165839276,20.5,21.5
3266.0,21.172002324389542,21.40854626600548,5.5747210396994245,21.0,0,-0.40854626600548016,21.871353045705725,20.5,21.5
3267.0,21.168882868132602,21.492132640067545,5.573049105455596,21.0,0,-0.4921326400675454,22.327996380688198,20.5,21.5
3268.0,21.165763701380065,21.51547508662224,5.571376734809948,21.0,0,-0.5154750866222386,21.74889955216917,20.5,21.5
3269.0,21.162644823986753,21.44822601143327,5.569703929036059,21.0,0,-0.44822601143327034,20.775735259543588,20.5,21.5
3270.0,21.159526235807764,21.483939363287014,5.568030689407845,21.0,0,-0.48393936328701415,21.841072881824452,20.5,21.5
3271.0,21.156407936698486,21.430380512819404,5.566357017199552,21.0,0,-0.43038051281940426,20.894792008143305,20.5,21.5
3272.0,21.153289926514585,21.429805556464324,5.564682913685753,21.0,0,-0.4298055564643235,21.424055992913516,20.5,21.5
3273.0,21.150172205112018,21.43681783260239,5.563008380141352,21.0,0,-0.43681783260239015,21.506940593983057,20.5,21.5
3274.0,21.147054772347023,21.416278156499427,5.561333417841576,21.0,0,-0.4162781564994269,21.210881395469794,20.5,21.5
3275.0,21.14393762807612,21.43459603668772,5.5596580280619845,21.0,0,-0.4345960366877186,21.617774838570636,20.5,21.5
3276.0,21.14082077215612,21.503763099694314,5.557982212078459,21.0,0,-0.5037630996943143,22.19543372976027,20.5,21.5
3277.0,21.137704204444102,21.523583654697326,5.556305971167205,21.0,0,-0.523583654697326,21.721789204727443,20.5,21.5
3278.0,21.134587924797447,21.49525784622714,5.554629306604755,21.0,0,-0.4952578462271404,21.211999761525284,20.5,21.5
3279.0,21.131471933073808,21.450366514243758,5.552952219667962,21.0,0,-0.4503665142437576,21.00145319440993,20.5,21.5
3280.0,21.12835622913113,21.492576332765427,5.551274711633998,21.0,0,-0.49257633276542734,21.914674517982125,20.5,21.5
3281.0,21.12524081282763,21.41035543646911,5.549596783780362,21.0,0,-0.41035543646911066,20.588146473505944,20.5,21.5
3282.0,21.12212568402182,21.355797981006294,5.547918437384865,21.0,0,-0.3557979810062939,20.810223426378126,20.5,21.5
3283.0,21.119010842572493,21.37117103408881,5.546239673725643,21.0,0,-0.37117103408881036,21.524901564913975,20.5,21.5
3284.0,21.115896288338725,21.465179680821898,5.544560494081149,21.0,0,-0.46517968082189753,22.40526614815277,20.5,21.5
3285.0,21.112782021179875,21.476052063873745,5.542880899730149,21.0,0,-0.47605206387374466,21.584775894392216,20.5,21.5
3286.0,21.109668040955587,21.489179972216586,5.541200891951728,21.0,0,-0.4891799722165864,21.620459055645004,20.5,21.5
3287.0,21.106554347525787,21.505981716203035,5.539520472025284,21.0,0,-0.5059817162030349,21.67399915606752,20.5,21.5
3288.0,21.103440940750687,21.396900440129627,5.537839641230532,21.0,1,-0.39690044012962744,20.306087679395553,20.5,21.5
3289.0,21.120327820490782,21.41640011421108,5.536158400847496,21.0,0,-0.41640011421107914,21.611396855025596,20.5,21.5
3290.0,21.117210986606853,21.270329696638168,5.534476752156514,21.0,1,-0.27032969663816786,19.809625520909055,20.5,21.5
3291.0,21.134094439759963,21.298920955696723,5.532794696438235,21.0,0,-0.2989209556967225,21.58483354628227,20.5,21.5
3292.0,21.1309741798113,21.27226683595265,5.531112234973618,21.0,0,-0.27226683595264944,21.00572563851192,20.5,21.5
3293.0,21.12785420742233,21.331820724923993,5.529429369043929,21.0,0,-0.3318207249239933,21.92735961463743,20.5,21.5
3294.0,21.124734522454656,21.237808056409076,5.527746099930746,21.0,1,-0.23780805640907587,20.297681371259902,20.5,21.5
3295.0,21.14161512477015,21.301073767161842,5.52606242891595,21.0,0,-0.3010737671618422,21.933730874689505,20.5,21.5
3296.0,21.13849201423098,21.20882477398475,5.52437835728173,21.0,1,-0.20882477398475174,20.286334842213847,20.5,21.5
3297.0,21.15536919149959,21.175247099617895,5.522693886310579,21.0,1,-0.17524709961789497,20.839470355949327,20.5,21.5
3298.0,21.172242656438552,21.15610097006587,5.521009017285297,21.0,1,-0.15610097006587154,20.964639674545637,20.5,21.5
3299.0,21.18911240971072,21.197610976281396,5.519323751488983,21.0,0,-0.19761097628139623,21.612711038436643,20.5,21.5
3300.0,21.185978451979075,21.29757914273683,5.5176380902050415,21.0,0,-0.2975791427368293,22.29726080729116,20.5,21.5
3301.0,21.18284478390672,21.37616512421073,5.515952034717177,21.0,0,-0.3761651242107291,22.162024938949727,20.5,21.5
3302.0,21.179711405356883,21.464279223653854,5.514265586309393,21.0,0,-0.464279223653854,22.345420218085103,20.5,21.5
3303.0,21.176578316193073,21.529379565755427,5.512578746265993,21.0,0,-0.529379565755427,22.180382986771157,20.5,21.5
3304.0,21.173445516279088,21.53878780162387,5.510891515871581,21.0,0,-0.5387878016238687,21.632870160308286,20.5,21.5
3305.0,21.170313005479006,21.469606893489956,5.509203896411055,21.0,0,-0.46960689348995643,20.777797812150833,20.5,21.5
3306.0,21.16718078365719,21.43180984113809,5.507515889169611,21.0,0,-0.4318098411380902,21.053839317619428,20.5,21.5
3307.0,21.16404885067829,21.452754369999074,5.50582749543274,21.0,0,-0.4527543699990737,21.66219965860891,20.5,21.5
3308.0,21.16091720640724,21.47334060136209,5.504138716486228,21.0,0,-0.47334060136208933,21.679202914992246,20.5,21.5
3309.0,21.157785850709256,21.451984473220175,5.5024495536161515,21.0,0,-0.45198447322017543,21.238423191801036,20.5,21.5
3310.0,21.15465478344984,21.449299828528215,5.500760008108883,21.0,0,-0.4492998285282148,21.42245338160861,20.5,21.5
3311.0,21.15152400449477,21.449564086278336,5.499070081251085,21.0,0,-0.4495640862783361,21.45220666377955,20.5,21.5
3312.0,21.148393513710122,21.336935140827535,5.49737977432971,21.0,1,-0.33693514082753495,20.210645686319523,20.5,21.5
3313.0,21.165263310962246,21.32601313983968,5.495689088632,21.0,1,-0.32601313983968083,21.21679312996114,20.5,21.5
3314.0,21.18212939611778,21.377656842297515,5.493998025445486,21.0,0,-0.3776568422975153,21.89409386687586,20.5,21.5
3315.0,21.178991769843645,21.42545709529511,5.492306586057986,21.0,0,-0.42545709529510845,21.90345962527104,20.5,21.5
3316.0,21.175854432806887,21.45822923541255,5.490614771757604,21.0,0,-0.45822923541254923,21.785950636586957,20.5,21.5
3317.0,21.172717384874677,21.554608404429906,5.488922583832734,21.0,0,-0.5546084044299064,22.51840009460348,20.5,21.5
3318.0,21.169580625914467,21.520801727704868,5.487230023572046,21.0,0,-0.5208017277048675,21.18273496045448,20.5,21.5
3319.0,21.166444155793997,21.461510845718855,5.485537092264499,21.0,0,-0.4615108457188555,20.868602025858735,20.5,21.5
3320.0,21.16330797438129,21.49431142312799,5.483843791199336,21.0,0,-0.49431142312798926,21.822317197219327,20.5,21.5
3321.0,21.160172081544655,21.557424847937764,5.482150121666077,21.0,0,-0.5574248479377637,22.188559096035508,20.5,21.5
3322.0,21.15703647715268,21.62035924015952,5.480456084954528,21.0,0,-0.6203592401595195,22.249703162377077,20.5,21.5
3323.0,21.15390116107424,21.59403163816659,5.478761682354769,21.0,0,-0.5940316381665909,21.330755618237305,20.5,21.5
3324.0,21.150766133178497,21.658969014141622,5.477066915157162,21.0,0,-0.658969014141622,22.308342773891933,20.5,21.5
3325.0,21.147631393334894,21.59517673806018,5.475371784652347,21.0,0,-0.5951767380601787,20.957253977245745,20.5,21.5
3326.0,21.14449694141316,21.56955542254069,5.473676292131238,21.0,0,-0.5695554225406916,21.31334226734582,20.5,21.5
3327.0,21.1413627772833,21.48675149317882,5.471980438885026,21.0,0,-0.4867514931788186,20.65871219956009,20.5,21.5
3328.0,21.138228900815623,21.54082593440976,5.47028422620518,21.0,0,-0.5408259344097601,22.081570346719175,20.5,21.5
3329.0,21.1350953118807,21.52952650640436,5.468587655383438,21.0,0,-0.529526506404359,21.41653222635035,20.5,21.5
3330.0,21.1319620103494,21.484986574312565,5.466890727711811,21.0,0,-0.48498657431256476,21.03958725339462,20.5,21.5
3331.0,21.128828996092874,21.483718680005005,5.465193444482585,21.0,0,-0.48371868000500484,21.471039736929406,20.5,21.5
3332.0,21.12569626898255,21.427004285084358,5.463495806988314,21.0,0,-0.42700428508435806,20.85986033587789,20.5,21.5
3333.0,21.122563828890154,21.46159231485106,5.461797816521824,21.0,0,-0.46159231485106034,21.807472612518083,20.5,21.5
3334.0,21.119431675687682,21.337865688502376,5.460099474376209,21.0,1,-0.33786568850237586,20.10059942501553,20.5,21.5
3335.0,21.13629980924742,21.36419107163631,5.458400781844829,21.0,0,-0.36419107163630926,21.627444902975643,20.5,21.5
3336.0,21.133164229441938,21.376223793813505,5.456701740221312,21.0,0,-0.3762237938135051,21.496551015585464,20.5,21.5
3337.0,21.130028936944093,21.405777576397,5.455002350799552,21.0,0,-0.40577757639699996,21.70131540223195,20.5,21.5
3338.0,21.126893931626864,21.30512519652673,5.45330261487371,21.0,1,-0.3051251965267312,20.298601397824044,20.5,21.5
3339.0,21.143759213363513,21.402380525754317,5.451602533738207,21.0,0,-0.4023805257543174,22.37493381803018,20.5,21.5
3340.0,21.14062078202759,21.428702951992786,5.449902108687731,21.0,0,-0.4287029519927863,21.691927214377476,20.5,21.5
3341.0,21.137482638292923,21.363117999236046,5.448201341017226,21.0,0,-0.3631179992360458,20.70726847166864,20.5,21.5
3342.0,21.134344782033466,21.383801573451926,5.4465002320219025,21.0,0,-0.383801573451926,21.590637315610728,20.5,21.5
3343.0,21.131207213123464,21.421711645252874,5.44479878299723,21.0,0,-0.4217116452528735,21.80081236326235,20.5,21.5
3344.0,21.128069931437437,21.454417285271152,5.4430969952389345,21.0,0,-0.4544172852711519,21.781473685453935,20.5,21.5
3345.0,21.124932936850197,21.371193114826347,5.441394870043003,21.0,0,-0.3711931148263474,20.538951410378303,20.5,21.5
3346.0,21.121796229236836,21.419473987358693,5.4396924087056755,21.0,0,-0.41947398735869257,21.902282712682144,20.5,21.5
3347.0,21.118659808472728,21.400818098648543,5.4379896125234515,21.0,0,-0.4008180986485428,21.214259211547045,20.5,21.5
3348.0,21.11552367443354,21.417083646230367,5.4362864827930855,21.0,0,-0.41708364623036687,21.579739122048608,20.5,21.5
3349.0,21.11238782699521,21.336790901555236,5.434583020811583,21.0,0,-0.3367909015552364,20.53386345480393,20.5,21.5
3350.0,21.109252266033973,21.41332003664244,5.432879227876206,21.0,0,-0.413320036642439,22.178611387514465,20.5,21.5
3351.0,21.10611699142634,21.39169881283791,5.431175105284466,21.0,0,-0.39169881283790886,21.175486574792608,20.5,21.5
3352.0,21.10298200304911,21.38457420529077,5.429470654334127,21.0,0,-0.3845742052907717,21.3133281298194,20.5,21.5
3353.0,21.099847300779366,21.33550719546761,5.4277658763232015,21.0,0,-0.3355071954676099,20.84483709723599,20.5,21.5
3354.0,21.096712884494476,21.32755954802608,5.4260607725499534,21.0,0,-0.32755954802608045,21.248083073610786,20.5,21.5
3355.0,21.093578754072087,21.323800834294364,5.424355344312892,21.0,0,-0.3238008342943637,21.286213696977196,20.5,21.5
3356.0,21.090444909390136,21.28260113277074,5.422649592910778,21.0,0,-0.28260113277073984,20.8706041175345,20.5,21.5
3357.0,21.08731135032684,21.201079169927247,5.420943519642612,21.0,1,-0.2010791699272474,20.385859541492323,20.5,21.5
3358.0,21.104178076760704,21.219276448747205,5.419237125807644,21.0,1,-0.21927644874720542,21.401249236946786,20.5,21.5
3359.0,21.121041088570514,21.257032652995985,5.417530412705367,21.0,0,-0.257032652995985,21.63459469548378,20.5,21.5
3360.0,21.11790038643534,21.223193834068017,5.415823381635518,21.0,0,-0.22319383406801663,20.884805644788333,20.5,21.5
3361.0,21.11475997103438,21.285835211412937,5.414116033898076,21.0,0,-0.28583521141293744,21.912248984862146,20.5,21.5
3362.0,21.111619842246952,21.433198584673207,5.412408370793259,21.0,0,-0.4331985846732067,22.9068323172759,20.5,21.5
3363.0,21.10847999995266,21.42656349842864,5.410700393621528,21.0,0,-0.4265634984286386,21.360212635982958,20.5,21.5
3364.0,21.105340444031395,21.34964581299675,5.408992103683581,21.0,0,-0.34964581299675146,20.58046895867788,20.5,21.5
3365.0,21.102201174363326,21.438891392285807,5.407283502280355,21.0,0,-0.4388913922858073,22.331347185176366,20.5,21.5
3366.0,21.09906219082891,21.431842503033796,5.405574590713025,21.0,0,-0.43184250303379557,21.361353610513678,20.5,21.5
3367.0,21.095923493308888,21.387935586043206,5.403865370283002,21.0,0,-0.38793558604320566,20.948866416137307,20.5,21.5
3368.0,21.092785081684283,21.435380899545333,5.40215584229193,21.0,0,-0.43538089954533277,21.909834034566604,20.5,21.5
3369.0,21.089646955836404,21.414719136281228,5.40044600804169,21.0,0,-0.4147191362812279,21.20810150364018,20.5,21.5
3370.0,21.086509115646844,21.35134374661323,5.398735868834395,21.0,0,-0.35134374661323164,20.71758984993327,20.5,21.5
3371.0,21.08337156099748,21.313388208642344,5.39702542597239,21.0,0,-0.31338820864234407,20.93383282893347,20.5,21.5
3372.0,21.080234291770477,21.32041136386161,5.3953146807582515,21.0,0,-0.3204113638616093,21.39064291605426,20.5,21.5
3373.0,21.077097307848273,21.35422978619004,5.393603634494789,21.0,0,-0.3542297861900394,21.69241400947434,20.5,21.5
3374.0,21.073960609113602,21.409086956241218,5.391892288485036,21.0,0,-0.40908695624121805,21.957658656753004,20.5,21.5
3375.0,21.070824195449475,21.459363957600925,5.390180644032256,21.0,0,-0.4593639576009245,21.96213397119799,20.5,21.5
3376.0,21.06768806673919,21.496471110230637,5.388468702439944,21.0,0,-0.4964711102306367,21.86754263652776,20.5,21.5
3377.0,21.064552222866332,21.46158859388093,5.386756465011816,21.0,0,-0.4615885938809292,21.112763430383854,20.5,21.5
3378.0,21.061416663714763,21.42229757897757,5.385043933051816,21.0,0,-0.42229757897757025,21.02938742994398,20.5,21.5
3379.0,21.05828138916863,21.426241473443675,5.38333110786411,21.0,0,-0.4262414734436746,21.465680418104718,20.5,21.5
3380.0,21.05514639911237,21.469745283513088,5.38161799075309,21.0,0,-0.4697452835130882,21.904783384207224,20.5,21.5
3381.0,21.0520116934307,21.464203248200413,5.37990458302337,21.0,0,-0.4642032482004126,21.408782895073657,20.5,21.5
3382.0,21.048877272008617,21.46756838692233,5.378190885979782,21.0,0,-0.4675683869223306,21.50121977414151,20.5,21.5
3383.0,21.045743134731413,21.426212988121375,5.3764769009273845,21.0,0,-0.42621298812137454,21.012659000111814,20.5,21.5
3384.0,21.04260928148465,21.409691682454927,5.37476262917145,21.0,0,-0.4096916824549268,21.24447862579045,20.5,21.5
3385.0,21.03947571215419,21.282141332684144,5.373048072017469,21.0,1,-0.28214133268414443,20.00663783497632,20.5,21.5
3386.0,21.056342426626163,21.246705550221982,5.371333230771154,21.0,1,-0.24670555022198215,20.89234772560036,20.5,21.5
3387.0,21.07320542478699,21.259430857568216,5.369618106738431,21.0,1,-0.2594308575682156,21.38668393103055,20.5,21.5
3388.0,21.090064707323382,21.342753177967285,5.367902701225439,21.0,0,-0.34275317796728544,22.175976381957984,20.5,21.5
3389.0,21.08692027492216,21.480623543631264,5.366187015538539,21.0,0,-0.480623543631264,22.85932720027105,20.5,21.5
3390.0,21.083776128270284,21.462098030240924,5.364471050984296,21.0,0,-0.46209803024092366,21.27684289633752,20.5,21.5
3391.0,21.080632267254828,21.467762786051278,5.362754808869492,21.0,0,-0.46776278605127786,21.52441034415482,20.5,21.5
3392.0,21.07748869176315,21.526896064919065,5.36103829050112,21.0,0,-0.5268960649190646,22.118228853596932,20.5,21.5
3393.0,21.074345401682898,21.480462165661926,5.359321497186385,21.0,0,-0.4804621656619261,21.01612317309054,20.5,21.5
3394.0,21.071202396902,21.400697839813837,5.3576044302326995,21.0,0,-0.4006978398138372,20.603054581332948,20.5,21.5
3395.0,21.068059677308664,21.403945422536175,5.355887090947684,21.0,0,-0.40394542253617516,21.436421249759555,20.5,21.5
3396.0,21.06491724279139,21.412322869777164,5.354169480639166,21.0,0,-0.4123228697771637,21.49609734218705,20.5,21.5
3397.0,21.06177509323896,21.43465351417176,5.352451600615184,21.0,0,-0.43465351417176024,21.657959958117726,20.5,21.5
3398.0,21.058633228540437,21.40270770307025,5.350733452183974,21.0,0,-0.4027077030702486,21.083249592055132,20.5,21.5
3399.0,21.055491648585164,21.349459133273665,5.3490150366539835,21.0,0,-0.3494591332736654,20.816973435307833,20.5,21.5
3400.0,21.052350353262778,21.38875224825217,5.347296355333861,21.0,0,-0.38875224825217103,21.781683398037227,20.5,21.5
3401.0,21.049209342463193,21.405818977087286,5.3455774095324555,21.0,0,-0.40581897708728576,21.576486265438433,20.5,21.5
3402.0,21.046068616076607,21.341799494583167,5.343858200558819,21.0,0,-0.3417994945831673,20.701604669541982,20.5,21.5
3403.0,21.042928173993502,21.3532389998675,5.342138729722206,21.0,0,-0.35323899986750007,21.467634052710828,20.5,21.5
3404.0,21.039788016104648,21.395413837228713,5.340418998332066,21.0,0,-0.3954138372287126,21.817162210840838,20.5,21.5
3405.0,21.036648142301093,21.379265229528816,5.3386990076980485,21.0,0,-0.3792652295288157,21.217779152529847,20.5,21.5
3406.0,21.033508552474174,21.35466374801257,5.336978759130005,21.0,0,-0.3546637480125696,21.10864893285011,20.5,21.5
3407.0,21.030369246515505,21.31959472855523,5.335258253937978,21.0,0,-0.31959472855523074,20.968904533981842,20.5,21.5
3408.0,21.02723022431699,21.29514389152437,5.333537493432204,21.0,0,-0.2951438915243685,21.050635521215746,20.5,21.5
3409.0,21.024091485770814,21.315859143899928,5.3318164789231215,21.0,0,-0.3158591438999281,21.523011667655524,20.5,21.5
3410.0,21.020953030769444,21.20422982788029,5.330095211721355,21.0,1,-0.20422982788029032,20.087936667683913,20.5,21.5
3411.0,21.037814859205636,21.14965712983861,5.328373693137727,21.0,1,-0.14965712983860868,20.603930149421792,20.5,21.5
3412.0,21.054672970972423,21.18466115826197,5.326651924483245,21.0,0,-0.18466115826197083,21.534701442495592,20.5,21.5
3413.0,21.051527366763125,21.291034943726466,5.324929907069113,21.0,0,-0.29103494372646566,22.354772798371414,20.5,21.5
3414.0,21.048382047271186,21.2455300352623,5.3232076422067225,21.0,0,-0.24553003526229844,20.790480950620626,20.5,21.5
3415.0,21.045237012390174,21.335683273664714,5.321485131207652,21.0,0,-0.3356832736647135,22.237215657688864,20.5,21.5
3416.0,21.042092262013938,21.437620777045698,5.31976237538367,21.0,0,-0.4376207770456979,22.456995810855542,20.5,21.5
3417.0,21.038947796036613,21.43171408057712,5.3180393760467295,21.0,0,-0.4317140805771196,21.372647115891336,20.5,21.5
3418.0,21.035803614352616,21.412796357958488,5.316316134508967,21.0,0,-0.4127963579584879,21.22361913177217,20.5,21.5
3419.0,21.03265971685665,21.419350325787246,5.314592652082709,21.0,0,-0.41935032578724574,21.484890004074824,20.5,21.5
3420.0,21.029516103443694,21.426615984350278,5.312868930080462,21.0,0,-0.4266159843502777,21.499272569980597,20.5,21.5
3421.0,21.026372774009022,21.401340234921516,5.311144969814913,21.0,0,-0.40134023492151627,21.148582740633902,20.5,21.5
3422.0,21.023229728448182,21.376873215111285,5.309420772598937,21.0,0,-0.376873215111285,21.132203017008973,20.5,21.5
3423.0,21.02008696665701,21.344664212747126,5.307696339745581,21.0,0,-0.34466421274712644,21.02257418910554,20.5,21.5
3424.0,21.016944488531628,21.34652723663585,5.305971672568077,21.0,0,-0.3465272366358505,21.36515747552309,20.5,21.5
3425.0,21.013802293968435,21.347725768249497,5.304246772379833,21.0,0,-0.3477257682494965,21.359711084385957,20.5,21.5
3426.0,21.010660382864117,21.352083282226275,5.302521640494438,21.0,0,-0.3520832822262747,21.395658421994057,20.5,21.5
3427.0,21.007518755115644,21.375637516423566,5.300796278225654,21.0,0,-0.37563751642356635,21.611179858396483,20.5,21.5
3428.0,21.004377410620265,21.36311610586855,5.299070686887419,21.0,0,-0.36311610586854925,21.23790200031838,20.5,21.5
3429.0,21.00123634927552,21.387774078984798,5.297344867793846,21.0,0,-0.38777407898479765,21.63435381014728,20.5,21.5
3430.0,20.998095570979224,21.40390697498273,5.295618822259222,21.0,0,-0.40390697498272843,21.565235934962036,20.5,21.5
3431.0,20.99495507562948,21.304474918709403,5.293892551598003,21.0,1,-0.3044749187094027,20.310154355976145,20.5,21.5
3432.0,21.011814863124673,21.302246806550187,5.292166057124823,21.0,1,-0.3022468065501869,21.27996568495803,20.5,21.5
3433.0,21.028670933363472,21.252672456456995,5.290439340154482,21.0,1,-0.2526724564569953,20.75692895552508,20.5,21.5
3434.0,21.04552328704483,21.252060719462165,5.288712402001948,21.0,1,-0.2520607194621647,21.24594334951386,20.5,21.5
3435.0,21.062371924867822,21.307663378435695,5.286985243982358,21.0,0,-0.307663378435695,21.863689968171,20.5,21.5
3436.0,21.059216847531644,21.435994446943152,5.2852578674110235,21.0,0,-0.4359944469431518,22.71930513201772,20.5,21.5
3437.0,21.05606205573562,21.420006821300245,5.2835302736034135,21.0,0,-0.4200068213002446,21.260130564871172,20.5,21.5
3438.0,21.052907549379192,21.437151013670626,5.281802463875165,21.0,0,-0.4371510136706256,21.608592937374436,20.5,21.5
3439.0,21.04975332836209,21.419487574051857,5.2800744395420836,21.0,0,-0.4194875740518569,21.24285317786417,20.5,21.5
3440.0,21.046599392584326,21.354134815583045,5.278346201920131,21.0,0,-0.3541348155830448,20.700607230894924,20.5,21.5
3441.0,21.043445741946194,21.309151146946824,5.276617752325437,21.0,0,-0.30915114694682444,20.85931446058462,20.5,21.5
3442.0,21.04029237634827,21.351215818467818,5.274889092074293,21.0,0,-0.3512158184678178,21.77186253367775,20.5,21.5
3443.0,21.037139295691414,21.363108425465537,5.273160222483147,21.0,0,-0.363108425465537,21.48203449544273,20.5,21.5
3444.0,21.03398649987677,21.397677401089645,5.27143114486861,21.0,0,-0.3976774010896449,21.743367157330724,20.5,21.5
3445.0,21.03083398880577,21.407255363416443,5.269701860547446,21.0,0,-0.40725536341644286,21.503034986684423,20.5,21.5
3446.0,21.02768176238012,21.38115192562037,5.267972370836585,21.0,0,-0.3811519256203688,21.12011754765963,20.5,21.5
3447.0,21.02452982050181,21.390756352477737,5.266242677053105,21.0,0,-0.3907563524777373,21.486800621051422,20.5,21.5
3448.0,21.021378163073123,21.352319159410342,5.264512780514244,21.0,0,-0.3523191594103423,20.967947228736392,20.5,21.5
3449.0,21.01822678999661,21.2841510600028,5.262782682537396,21.0,0,-0.28415106000279877,20.602470065927363,20.5,21.5
3450.0,21.015075701175117,21.235481210202366,5.261052384440104,21.0,0,-0.2354812102023658,20.748782712198036,20.5,21.5
3451.0,21.011924896511772,21.211008210269803,5.259321887540064,21.0,0,-0.211008210269803,20.966278210944175,20.5,21.5
3452.0,21.008774375909976,21.200243710053776,5.257591193155125,21.0,0,-0.20024371005377617,21.092598707893508,20.5,21.5
3453.0,21.005624139273426,21.188607265776962,5.255860302603288,21.0,0,-0.1886072657769624,21.072242823008825,20.5,21.5
3454.0,21.00247418650609,21.222903542357038,5.2541292172027,21.0,0,-0.22290354235703802,21.565866308157794,20.5,21.5
3455.0,20.999324517512232,21.264333992243106,5.25239793827166,21.0,0,-0.26433399224310605,21.678638491103786,20.5,21.5
3456.0,20.996175132196385,21.32127192845194,5.250666467128609,21.0,0,-0.32127192845193875,21.890651290540266,20.5,21.5
3457.0,20.993026030463373,21.308417588203294,5.248934805092139,21.0,0,-0.30841758820329446,21.17987418571685,20.5,21.5
3458.0,20.9898772122183,21.390608279565797,5.247202953480985,21.0,0,-0.3906082795657966,22.212515193190818,20.5,21.5
3459.0,20.986728677366553,21.32419550268517,5.24547091361403,21.0,0,-0.3241955026851713,20.66006773387892,20.5,21.5
3460.0,20.983580425813802,21.315422181749845,5.243738686810295,21.0,0,-0.31542218174984527,21.227688972396585,20.5,21.5
3461.0,20.980432457466,21.273707002879792,5.242006274388948,21.0,0,-0.2737070028797923,20.856555214179263,20.5,21.5
3462.0,20.977284772229385,21.226365132880893,5.240273677669294,21.0,0,-0.22636513288089333,20.752946432891903,20.5,21.5
3463.0,20.974137370010475,21.14151307021028,5.2385408979707835,21.0,1,-0.14151307021028003,20.292992443504147,20.5,21.5
3464.0,20.990990250716067,21.23245086279143,5.236807936613001,21.0,0,-0.23245086279143123,22.141828788602943,20.5,21.5
3465.0,20.987839414253244,21.254604957718367,5.2350747949156755,21.0,0,-0.25460495771836733,21.47614590698773,20.5,21.5
3466.0,20.984688861329378,21.27984047442168,5.233341474198667,21.0,0,-0.2798404744216789,21.532195641454795,20.5,21.5
3467.0,20.98153859185195,21.296892619214784,5.231607975781975,21.0,0,-0.29689261921478405,21.467414067145835,20.5,21.5
3468.0,20.978388605728735,21.319400973381654,5.229874300985733,21.0,0,-0.3194009733816543,21.544484515050357,20.5,21.5
3469.0,20.975238902867787,21.301603343111488,5.228140451130212,21.0,0,-0.30160334311148773,21.123627040409822,20.5,21.5
3470.0,20.972089483177438,21.254418632999773,5.226406427535814,21.0,0,-0.25441863299977285,20.782571531882624,20.5,21.5
3471.0,20.96894034656631,21.232100513475572,5.224672231523071,21.0,0,-0.23210051347557226,21.008919318233566,20.5,21.5
3472.0,20.9657914929433,21.234492825171838,5.222937864412652,21.0,0,-0.2344928251718379,21.258415942134494,20.5,21.5
3473.0,20.962642922217594,21.194391918880513,5.22120332752535,21.0,0,-0.19439191888051255,20.79338285596726,20.5,21.5
3474.0,20.959494634298654,21.174451379586777,5.219468622182091,21.0,0,-0.17445137958677748,20.975045986649427,20.5,21.5
3475.0,20.95634662909623,21.169144932223382,5.217733749703929,21.0,0,-0.16914493222338223,21.11608045858943,20.5,21.5
3476.0,20.953198906520353,21.11784631842594,5.215998711412046,21.0,0,-0.11784631842593996,20.604860180451517,20.5,21.5
3477.0,20.95005146648133,21.204319435844702,5.214263508627749,21.0,0,-0.20431943584470247,22.069050610032328,20.5,21.5
3478.0,20.94690430888976,21.275506341712944,5.212528142672467,21.0,0,-0.2755063417129442,21.98737540039536,20.5,21.5
3479.0,20.943757433656515,21.329354291728954,5.21079261486776,21.0,0,-0.32935429172895425,21.867833791889055,20.5,21.5
3480.0,20.940610840692756,21.461388240027677,5.2090569265353075,21.0,0,-0.4613882400276772,22.781727723014907,20.5,21.5
3481.0,20.937464529909924,21.52248470153932,5.207321078996911,21.0,0,-0.5224847015393195,22.133449316655742,20.5,21.5
3482.0,20.934318501219742,21.44637727423355,5.205585073574493,21.0,0,-0.44637727423355145,20.68530300117587,20.5,21.5
3483.0,20.931172754534213,21.425237312098808,5.203848911590101,21.0,0,-0.4252373120988082,21.213837690751376,20.5,21.5
3484.0,20.928027289765623,21.37318946162484,5.202112594365893,21.0,0,-0.3731894616248397,20.852710956885154,20.5,21.5
3485.0,20.924882106826544,21.252823333130344,5.200376123224153,21.0,1,-0.252823333130344,20.049162048185387,20.5,21.5
3486.0,20.941737205629824,21.236490864288772,5.198639499487278,21.0,1,-0.23649086428877197,21.07316617587305,20.5,21.5
3487.0,20.958588586088595,21.22038805602718,5.196902724477783,21.0,1,-0.22038805602717915,21.05935997341125,20.5,21.5
3488.0,20.975436248916274,21.200935711265352,5.1951657995183,21.0,1,-0.2009357112653518,21.00641226364708,20.5,21.5
3489.0,20.992280194826396,21.175685842583796,5.193428725931569,21.0,1,-0.17568584258379616,20.92318715576824,20.5,21.5
3490.0,21.009120424532618,21.192404734737238,5.191691505040449,21.0,1,-0.19240473473723796,21.359593656271656,20.5,21.5
3491.0,21.02595693874872,21.234888107048647,5.189954138167908,21.0,0,-0.23488810704864704,21.659721830162738,20.5,21.5
3492.0,21.022789738188603,21.256948707032464,5.188216626637029,21.0,0,-0.2569487070324641,21.477554706870635,20.5,21.5
3493.0,21.019622823566294,21.267888789783928,5.186478971771001,21.0,0,-0.26788878978392816,21.37728961729857,20.5,21.5
3494.0,21.016456194795936,21.288319276748286,5.184741174893124,21.0,0,-0.28831927674828606,21.492624146391865,20.5,21.5
3495.0,21.013289851791956,21.316861332419627,5.183003237326806,21.0,0,-0.3168613324196272,21.60228188913304,20.5,21.5
3496.0,21.010123794469063,21.314037960903825,5.181265160395561,21.0,0,-0.31403796090382485,21.2858042457458,20.5,21.5
3497.0,21.00695802274225,21.34391613446327,5.179526945423011,21.0,0,-0.34391613446327085,21.64269787005773,20.5,21.5
3498.0,21.003792536526785,21.425309386583585,5.177788593732883,21.0,0,-0.4253093865835851,22.239241907786727,20.5,21.5
3499.0,21.000627335738226,21.391514088116008,5.176050106649008,21.0,0,-0.39151408811600774,21.053561103440234,20.5,21.5
3500.0,20.997462420292408,21.439627899592203,5.174311485495317,21.0,0,-0.43962789959220316,21.920766014354157,20.5,21.5
3501.0,20.99429779010545,21.491941799557143,5.172572731595847,21.0,0,-0.4919417995571429,22.01508079920654,20.5,21.5
3502.0,20.991133445093748,21.48220340839451,5.170833846274736,21.0,0,-0.48220340839451126,21.384819496768195,20.5,21.5
3503.0,20.987969385173983,21.42611220007501,5.169094830856218,21.0,0,-0.4261122000750106,20.865200116880004,20.5,21.5
3504.0,20.98480561026312,21.488164073766463,5.167355686664631,21.0,0,-0.48816407376646254,22.108682810680982,20.5,21.5
3505.0,20.9816421202784,21.470654220318075,5.1656164150244095,21.0,0,-0.4706542203180746,21.295555685834195,20.5,21.5
3506.0,20.97847891513735,21.420363080430413,5.1638770172600825,21.0,0,-0.4203630804304126,20.917451681553793,20.5,21.5
3507.0,20.975315994757775,21.349072816715797,5.162137494696277,21.0,0,-0.3490728167157968,20.63617017956964,20.5,21.5
3508.0,20.972153359057764,21.408844621137156,5.160397848657718,21.0,0,-0.40884462113715614,22.00656266535075,20.5,21.5
3509.0,20.968991007955683,21.382173556186423,5.158658080469219,21.0,0,-0.382173556186423,21.11546290667909,20.5,21.5
3510.0,20.965828941370187,21.39286879964437,5.156918191455691,21.0,0,-0.3928687996443685,21.499821234223823,20.5,21.5
3511.0,20.962667159220203,21.36969831020348,5.155178182942132,21.0,0,-0.36969831020347854,21.13799341579458,20.5,21.5
3512.0,20.95950566142495,21.36269858785935,5.153438056253638,21.0,0,-0.3626985878593487,21.29270136441805,20.5,21.5
3513.0,20.956344447903913,21.260913206521025,5.151697812715389,21.0,1,-0.2609132065210247,20.243059393137784,20.5,21.5
3514.0,20.973183518576874,21.327991898212286,5.149957453652656,21.0,0,-0.3279918982122858,21.998778815124897,20.5,21.5
3515.0,20.97001887336389,21.315210476546252,5.1482169803907984,21.0,0,-0.3152104765462518,21.18739625988591,20.5,21.5
3516.0,20.966854512985297,21.302838019082706,5.146476394255265,21.0,0,-0.30283801908270647,21.179113444447253,20.5,21.5
3517.0,20.96369043736155,21.28666110331784,5.1447356965715825,21.0,0,-0.2866611033178401,21.124891945669177,20.5,21.5
3518.0,20.960526646413392,21.242178535965827,5.142994888665372,21.0,0,-0.24217853596582728,20.7973528624457,20.5,21.5
3519.0,20.957363140061844,21.19231462018909,5.141253971862334,21.0,0,-0.19231462018909085,20.693675462421727,20.5,21.5
3520.0,20.954199918228205,21.128686411691625,5.13951294748825,21.0,1,-0.12868641169162487,20.492404326716965,20.5,21.5
3521.0,20.971036980834057,21.1835640795551,5.13777181686899,21.0,0,-0.1835640795551008,21.73234075818986,20.5,21.5
3522.0,20.967870327801265,21.24050377124498,5.136030581330497,21.0,0,-0.24050377124498112,21.809900688143784,20.5,21.5
3523.0,20.96470395985197,21.25708121843976,5.134289242198799,21.0,0,-0.2570812184397617,21.422855690387568,20.5,21.5
3524.0,20.96153787690844,21.26848378237903,5.1325478008,21.0,0,-0.2684837823790289,21.3825094217717,20.5,21.5
3525.0,20.95837207889322,21.290127615978427,5.130806258460286,21.0,0,-0.2901276159784274,21.506565951972412,20.5,21.5
3526.0,20.95520656572913,21.247750332344253,5.129064616505916,21.0,0,-0.24775033234425337,20.823977496002513,20.5,21.5
3527.0,20.95204133733929,21.31660020854139,5.127322876263226,21.0,0,-0.3166002085413915,22.005098970512773,20.5,21.5
3528.0,20.948876393647073,21.393080580605535,5.125581039058627,21.0,0,-0.39308058060553464,22.157884301246966,20.5,21.5
3529.0,20.945711734576154,21.309802761142436,5.123839106218604,21.0,1,-0.30980276114243566,20.477024566511446,20.5,21.5
3530.0,20.962547360050483,21.28720911704483,5.122097079069714,21.0,1,-0.28720911704483143,21.06127267606879,20.5,21.5
3531.0,20.979379269994286,21.272788414222568,5.120354958938587,21.0,1,-0.2727884142225676,21.12858138599993,20.5,21.5
3532.0,20.996207465132073,21.23398100054706,5.118612747151924,21.0,1,-0.23398100054706106,20.845906863791996,20.5,21.5
3533.0,21.013031946188477,21.257948646738722,5.116870445036493,21.0,1,-0.257948646738722,21.49762510865533,20.5,21.5
3534.0,21.029852713888246,21.350371405814474,5.115128053919134,21.0,0,-0.35037140581447446,22.274598996572,20.5,21.5
3535.0,21.026669768956253,21.459250384003557,5.113385575126755,21.0,0,-0.4592503840035569,22.54804016589438,20.5,21.5
3536.0,21.023487112117486,21.514492000416766,5.111643009986328,21.0,0,-0.5144920004167659,22.066908164548856,20.5,21.5
3537.0,21.02030474329706,21.521366437719234,5.109900359824891,21.0,0,-0.5213664377192337,21.590110810743912,20.5,21.5
3538.0,21.017122662420366,21.53621738470991,5.108157625969551,21.0,0,-0.5362173847099108,21.68472685461668,20.5,21.5
3539.0,21.013940869413076,21.50706294480343,5.1064148097474735,21.0,0,-0.5070629448034296,21.215518545738618,20.5,21.5
3540.0,21.010759364201142,21.45643515673988,5.1046719124858875,21.0,0,-0.4564351567398788,20.95015727610437,20.5,21.5
3541.0,21.0075781467108,21.39215964174832,5.102928935512089,21.0,0,-0.3921596417483215,20.74940449183275,20.5,21.5
3542.0,21.004397216868558,21.368096858338323,5.101185880153427,21.0,0,-0.3680968583383226,21.127469024238334,20.5,21.5
3543.0,21.001216574601216,21.322581285957,5.099442747737316,21.0,0,-0.32258128595699986,20.867425562143772,20.5,21.5
3544.0,20.998036219835843,21.39232987339099,5.097699539591227,21.0,0,-0.3923298733909917,22.08981574773091,20.5,21.5
3545.0,20.994856152499793,21.33708150241086,5.095956257042689,21.0,0,-0.3370815024108609,20.784597792609553,20.5,21.5
3546.0,20.9916763725207,21.42174093582944,5.094212901419285,21.0,0,-0.4217409358294404,22.268335270015235,20.5,21.5
3547.0,20.98849687982648,21.3550587494136,5.092469474048659,21.0,0,-0.35505874941360105,20.688236885255208,20.5,21.5
3548.0,20.985317674345325,21.3079383499662,5.090725976258508,21.0,0,-0.30793834996620006,20.83673435549219,20.5,21.5
3549.0,20.982138756005707,21.286061539255208,5.0889824093765785,21.0,0,-0.2860615392552077,21.067293432145284,20.5,21.5
3550.0,20.978960124736382,21.205796941272006,5.087238774730672,21.0,1,-0.20579694127200554,20.403150961439984,20.5,21.5
3551.0,20.99578178046638,21.126891847145433,5.085495073648644,21.0,1,-0.12689184714543345,20.337840905879712,20.5,21.5
3552.0,21.012599723125017,21.15890161001827,5.0837513074583995,21.0,1,-0.15890161001826897,21.478999238746624,20.5,21.5
3553.0,21.029413953441885,21.20654701412402,5.08200747748789,21.0,0,-0.20654701412401977,21.683001055181528,20.5,21.5
3554.0,21.026224472146694,21.184972280450552,5.08026358506512,21.0,0,-0.1849722804505518,20.969224943715872,20.5,21.5
3555.0,21.023035279969278,21.250276168506264,5.078519631518138,21.0,0,-0.25027616850626444,21.90331504906339,20.5,21.5
3556.0,21.01984637683959,21.229569128054397,5.07677561817504,21.0,0,-0.229569128054397,21.022498723535723,20.5,21.5
3557.0,21.016657762687856,21.22044795545819,5.075031546363969,21.0,0,-0.22044795545819085,21.12923622949613,20.5,21.5
3558.0,21.01346943744459,21.208140594162394,5.073287417413113,21.0,0,-0.20814059416239417,21.085066981204427,20.5,21.5
3559.0,21.010281401040587,21.186585303262376,5.071543232650699,21.0,0,-0.1865853032623761,20.971032394262195,20.5,21.5
3560.0,21.00709365340691,21.17204262489132,5.069798993405002,21.0,0,-0.1720426248913185,21.026615841180742,20.5,21.5
3561.0,21.003906194474908,21.213907085964554,5.0680547010043355,21.0,0,-0.21390708596455354,21.632551696696904,20.5,21.5
3562.0,21.000719024176213,21.29867440269397,5.066310356777053,21.0,0,-0.29867440269396894,22.146347569988123,20.5,21.5
3563.0,20.997532142442733,21.335097864946906,5.064565962051549,21.0,0,-0.3350978649469063,21.69933248747628,20.5,21.5
3564.0,20.994345549206656,21.30960029256539,5.062821518156256,21.0,0,-0.30960029256538846,21.05462456875021,20.5,21.5
3565.0,20.991159244400446,21.49258608940935,5.061077026419646,21.0,0,-0.49258608940935034,23.32244405784897,20.5,21.5
3566.0,20.98797322795685,21.504371906000422,5.059332488170222,21.0,0,-0.5043719060004221,21.62223007191114,20.5,21.5
3567.0,20.984787499808892,21.435444669652533,5.057587904736527,21.0,0,-0.4354446696525329,20.74617230617364,20.5,21.5
3568.0,20.981602059889877,21.43228000468623,5.0558432774471385,21.0,0,-0.4322800046862305,21.400633355023206,20.5,21.5
3569.0,20.978416908133386,21.44141689174786,5.054098607630663,21.0,0,-0.4414168917478598,21.532785762364153,20.5,21.5
3570.0,20.975232044473287,21.29293461995514,5.052353896615746,21.0,1,-0.29293461995514036,19.808111902027946,20.5,21.5
3571.0,20.992047468843715,21.293006496411202,5.05060914573106,21.0,1,-0.293006496411202,21.29372526097182,20.5,21.5
3572.0,21.008859181179094,21.330764113537644,5.048864356305307,21.0,0,-0.33076411353764357,21.70834028480206,20.5,21.5
3573.0,21.00566718221412,21.342726141076618,5.047119529667221,21.0,0,-0.3427261410766178,21.46234641646636,20.5,21.5
3574.0,21.00247547268361,21.344742392346852,5.045374667145563,21.0,0,-0.344742392346852,21.364904905049194,20.5,21.5
3575.0,20.9992840525225,21.36993445978779,5.043629770069122,21.0,0,-0.36993445978778894,21.62185513419716,20.5,21.5
3576.0,20.996092921666012,21.36532509924731,5.041884839766714,21.0,0,-0.36532509924731116,21.319231493842533,20.5,21.5
3577.0,20.99290208004963,21.34476576815268,5.040139877567179,21.0,0,-0.3447657681526799,21.139172457206367,20.5,21.5
3578.0,20.989711527609135,21.304248617619336,5.03839488479938,21.0,0,-0.3042486176193364,20.8990771122859,20.5,21.5
3579.0,20.986521264280572,21.3195336512811,5.036649862792205,21.0,0,-0.31953365128109823,21.472383987898716,20.5,21.5
3580.0,20.983331290000276,21.26157817885298,5.034904812874567,21.0,0,-0.26157817885297874,20.682023454571784,20.5,21.5
3581.0,20.98014160470485,21.24965314116698,5.033159736375395,21.0,0,-0.24965314116698067,21.130402764307,20.5,21.5
3582.0,20.976952208331184,21.234852663790576,5.031414634623642,21.0,0,-0.23485266379057634,21.086847890026533,20.5,21.5
3583.0,20.97376310081644,21.2440552708478,5.029669508948277,21.0,0,-0.24405527084779877,21.336081341420023,20.5,21.5
3584.0,20.970574282098067,21.224600347817066,5.02792436067829,21.0,0,-0.2246003478170664,21.030051117509743,20.5,21.5
3585.0,20.96738575211378,21.22083034698476,5.026179191142689,21.0,0,-0.22083034698475856,21.18313033866168,20.5,21.5
3586.0,20.964197510801586,21.27330060530408,5.024434001670494,21.0,0,-0.2733006053040796,21.79800318849729,20.5,21.5
3587.0,20.96100955809976,21.26043167734617,5.022688793590746,21.0,0,-0.260431677346169,21.131742397767063,20.5,21.5
3588.0,20.95782189394686,21.211717679508602,5.020943568232492,21.0,0,-0.21171767950860243,20.724577701132937,20.5,21.5
3589.0,20.95463451828172,21.157308520138933,5.0191983269248,21.0,0,-0.15730852013893326,20.61321692644224,20.5,21.5
3590.0,20.951447431043448,21.175816008107795,5.017453070996748,21.0,0,-0.17581600810779463,21.36089088779641,20.5,21.5
3591.0,20.94826063217144,21.160359546453456,5.015707801777423,21.0,0,-0.1603595464534564,21.005794929910074,20.5,21.5
3592.0,20.945074121605362,21.207999884975585,5.013962520595922,21.0,0,-0.2079998849755853,21.684403270196874,20.5,21.5
3593.0,20.94188789928516,21.26420815853711,5.012217228781357,21.0,0,-0.2642081585371088,21.826290894152343,20.5,21.5
3594.0,20.938701965151058,21.245702619743646,5.01047192766284,21.0,0,-0.24570261974364627,21.06064723180902,20.5,21.5
3595.0,20.93551631914356,21.269502726933236,5.008726618569494,21.0,0,-0.2695027269332364,21.507503798829138,20.5,21.5
3596.0,20.932330961203444,21.226872503355203,5.0069813028304475,21.0,0,-0.22687250335520304,20.80057026757487,20.5,21.5
3597.0,20.92914589127177,21.23080346831827,5.0052359817748355,21.0,0,-0.23080346831827114,21.270113117948952,20.5,21.5
3598.0,20.92596110928987,21.17197574664889,5.003490656731797,21.0,0,-0.17197574664889004,20.58369852995508,20.5,21.5
3599.0,20.922776615199357,21.234439239910454,5.00174532903047,21.0,0,-0.23443923991045423,21.859074172526096,20.5,21.5
